ICAO CODE,IATA CODE,ALTERNATIVE CODE,LOCATION SERVED,AIRPORT,ALTERNATIVE NAME,HISTORICAL NAME,COUNTRY,TYPE,USER,NOTES,ICAO REGION,LAT/LONG
-,AGH,-,ANGELHOLM/HELSINGBORG,AIRPORT,-,,,,,-,-,
-,BJZ,-,BADAJOZ,AIRPORT,-,,,,,-,-,
-,BCN,-,BARCELONA,AIRPORT,-,,,,,-,-,
-,BTC,-,BATTICALOA,AIRPORT,-,,,,,-,-,
-,APX,-,ARAPONGAS,ALBERTO BERTELLI,-,,,,,-,-,
-,AYP,-,AYACUCHO,ALFREDO M. DUARTE,-,,,,,-,-,
-,AOP,-,ANDOAS,ALFREDO V. SARA BAUER,-,,,,,-,-,
-,ASV,-,AMBOSELI,AMBOSELI,-,,,,,-,-,
-,AZZ,-,AMBRIZ,AMBRIZ,-,,,,,-,-,
-,AMV,-,AMDERMA,AMDERMA,-,,,,,-,-,
-,RCN,-,AMERICAN RIVER,AMERICAN RIVER,-,,,,,-,-,
-,AEM,-,AMGU,AMGU,-,,,,,-,-,
-,AMX,-,AMMAROO,AMMAROO,-,,,,,-,-,
-,AMP,-,AMPANIHY,AMPANIHY,-,,,,,-,-,
-,AAO,-,ANACO,ANACO,-,,,,,-,-,
-,OTS,-,ANACORTES,ANACORTES,-,,,,,-,-,
-,YAA,-,ANAHIM LAKE,ANAHIM LAKE,-,,,,,-,-,
-,AKP,-,ANAKTUVUK PASS,ANAKTUVUK PASS,-,,,,,-,-,
-,HVA,-,ANALALAVA,ANALALAVA,-,,,,,-,-,
-,APS,-,ANAPOLIS,ANAPOLIS,-,,,,,-,-,
-,AUY,-,ANATOM ISLAND,ANATOM ISLAND,-,,,,,-,-,
-,ANS,-,ANDAHUAYLAS,ANDAHUAYLAS,-,,,,,-,-,
-,ADO,-,ANDAMOOKA,ANDAMOOKA,-,,,,,-,-,
-,ZWA,-,ANDAPA,ANDAPA,-,,,,,-,-,
-,DVD,-,ANDAVADOAKA,ANDAVADOAKA,-,,,,,-,-,
-,ADN,-,ANDES,ANDES,-,,,,,-,-,
-,AZN,-,ANDIZHAN,ANDIZHAN,-,,,,,-,-,
-,ANX,-,ANDENES,ANDOYA,-,,,,,-,-,
-,WAD,-,ANDRIAMENA,ANDRIAMENA,-,,,,,-,-,
-,ANL,-,ANDULO,ANDULO,-,,,,,-,-,
-,AXX,-,ANGEL FIRE,ANGEL FIRE,-,,,,,-,-,
-,AGD,-,ANGGI,ANGGI,-,,,,,-,-,
-,ANO,-,ANGOCHE,ANGOCHE,-,,,,,-,-,
-,AGG,-,ANGORAM,ANGORAM,-,,,,,-,-,
-,GDR,-,ANGRA DOS REIS,ANGRA DOS REIS,-,,,,,-,-,
-,AKG,-,ANGUGANAK,ANGUGANAK,-,,,,,-,-,
-,ANZ,-,ANGUS DOWNS STATION,ANGUS DOWNS STATION,-,,,,,-,-,
-,AWD,-,ANIWA ISLAND,ANIWA ISLAND,-,,,,,-,-,
-,WBE,-,BEALANANA,ANKAIZINA,-,,,,,-,-,
-,JVA,-,ANKAVANDRA,ANKAVANDRA,-,,,,,-,-,
-,NKO,-,ANKOKOAMBO,ANKOKOAMBO,-,,,,,-,-,
-,VBA,-,ANN,ANN,-,,,,,-,-,
-,NAI,-,ANNAI,ANNAI,-,,,,,-,-,
-,AOB,-,ANNANBERG,ANNANBERG,-,,,,,-,-,
-,ANN,-,ANNETTE ISLAND,ANNETTE ISLAND,-,,,,,-,-,
-,NBN,-,ANNOBON,ANNOBON,-,,,,,-,-,
-,AYT,-,ANTALYA,ANTALYA,-,,,,,-,-,
-,AYL,-,ANTHONY LAGOON,ANTHONY LAGOON,-,,,,,-,-,
-,WAQ,-,ANTSALOVA,ANTSALOVA,-,,,,,-,-,
-,ACJ,-,ANURADHAPURA,ANURADHAPURA,-,,,,,-,-,
-,ANV,-,ANVIK,ANVIK,-,,,,,-,-,
-,AYN,-,ANYANG,ANYANG,-,,,,,-,-,
-,AOJ,-,AOMORI,AOMORI,-,,,,,-,-,
-,AAS,-,APALAPSILI,APALAPSILI,-,,,,,-,-,
-,APK,-,APATAKI,APATAKI,-,,,,,-,-,
-,APB,-,APOLO,APOLO,-,,,,,-,-,
-,APR,-,APRIL RIVER,APRIL RIVER,-,,,,,-,-,
-,IUP,-,APUI,APUI,-,,,,,-,-,
-,ARW,-,ARAD,ARAD,-,,,,,-,-,
-,ARS,-,ARAGARCAS,ARAGARCAS,-,,,,,-,-,
-,ARP,-,ARAGIP,ARAGIP,-,,,,,-,-,
-,AUX,-,ARAGUAINA,ARAGUAINA,-,,,,,-,-,
-,AJK,-,ARAK,ARAK,-,,,,,-,-,
-,AXC,-,ARAMAC,ARAMAC,-,,,,,-,-,
-,ADI,-,ARANDIS,ARANDIS,-,,,,,-,-,
-,APQ,-,ARAPIRACA,ARAPIRACA,-,,,,,-,-,
-,RAE,-,ARAR,ARAR,-,,,,,-,-,
-,ACR,-,ARARACUARA,ARARACUARA,-,,,,,-,-,
-,ARY,-,ARARAT,ARARAT,-,,,,,-,-,
-,ASS,-,ARATHUSA SAFARI LODGE,ARATHUSA SAFARI LODGE,-,,,,,-,-,
-,RKA,-,ARATIKA,ARATIKA-NORD,-,,,,,-,-,
-,RAW,-,ARAWA,ARAWA,-,,,,,-,-,
-,AAX,-,ARAXA,ARAXA,-,,,,,-,-,
-,AMH,-,ARBA MINCH,ARBA MINCH,-,,,,,-,-,
-,ARO,-,ARBOLETES,ARBOLETES,-,,,,,-,-,
-,YAB,-,ARCTIC BAY,ARCTIC BAY,-,,,,,-,-,
-,ARC,-,ARCTIC VILLAGE,ARCTIC VILLAGE,-,,,,,-,-,
-,AMZ,-,ARDMORE,ARDMORE,-,,,,,-,-,
-,OSD,-,ARE/OSTERSUND,ARE/OSTERSUND,-,,,,,-,-,
-,GYL,-,ARGYLE,ARGYLE,-,,,,,-,-,
-,XAR,-,ARIBINDA,ARIBINDA,-,,,,,-,-,
-,ACM,-,ARICA,ARICA,-,,,,,-,-,
-,AIR,-,ARIPUANA,ARIPUANA,-,,,,,-,-,
-,AQM,-,ARIQUEMES,ARIQUEMES,-,,,,,-,-,
-,AYK,-,ARKALYK,ARKALYK,-,,,,,-,-,
-,RLT,-,ARLIT,ARLIT,-,,,,,-,-,
-,ARL,-,ARLY,ARLY,-,,,,,-,-,
-,ARM,-,ARMIDALE,ARMIDALE,-,,,,,-,-,
-,YYW,-,ARMSTRONG,ARMSTRONG,-,,,,,-,-,
-,AOA,-,AROA,AROA,-,,,,,-,-,
-,AON,-,ARONA,ARONA,-,,,,,-,-,
-,AIS,-,ARORAE,ARORAE,-,,,,,-,-,
-,DIE,-,ANTSIRANANA,ARRACHART,-,,,,,-,-,
-,ARJ,-,ARSO,ARSO,-,,,,,-,-,
-,ATC,-,ARTHUR'S TOWN,ARTHUR'S TOWN,-,,,,,-,-,
-,ATI,-,ARTIGAS,ARTIGAS,-,,,,,-,-,
-,RUA,-,ARUA,ARUA,-,,,,,-,-,
-,ARK,-,ARUSHA,ARUSHA,-,,,,,-,-,
-,AXR,-,ARUTUA,ARUTUA,-,,,,,-,-,
-,AVK,-,ARVAIKHEER,ARVAIKHEER,-,,,,,-,-,
-,YEK,-,ARVIAT,ARVIAT,-,,,,,-,-,
-,AJR,-,ARVIDSJAUR,ARVIDSJAUR,-,,,,,-,-,
-,AKJ,-,ASAHIKAWA,ASAHIKAWA,-,,,,,-,-,
-,APP,-,ASAPA,ASAPA,-,,,,,-,-,
-,AAU,-,ASAU,ASAU,-,,,,,-,-,
-,ASC,-,ASCENSION,ASCENSION,-,,,,,-,-,
-,ALK,-,ASELA,ASELA,-,,,,,-,-,
-,ASG,-,ASHBURTON,ASHBURTON,-,,,,,-,-,
-,ASZ,-,ASIRIM,ASIRIM,-,,,,,-,-,
-,ASO,-,ASOSA,ASOSA,-,,,,,-,-,
-,ASF,-,ASTRAKHAN,ASTRAKHAN,-,,,,,-,-,
-,OVD,-,ASTURIAS,ASTURIAS,-,,,,,-,-,
-,JTY,-,ASTYPALAIA ISLAND,ASTYPALAIA ISLAND,-,,,,,-,-,
-,ATZ,-,ASYUT,ASYUT,-,,,,,-,-,
-,AXK,-,ATAQ,ATAQ,-,,,,,-,-,
-,AUT,-,ATAURO,ATAURO,-,,,,,-,-,
-,ATB,-,ATBARA,ATBARA,-,,,,,-,-,
-,ATX,-,ATBASAR,ATBASAR,-,,,,,-,-,
-,ATV,-,ATI,ATI,-,,,,,-,-,
-,AIU,-,ATIU ISLAND,ATIU ISLAND,-,,,,,-,-,
-,AKB,-,ATKA,ATKA,-,,,,,-,-,
-,ABP,-,ATKAMBA,ATKAMBA,-,,,,,-,-,
-,ATT,-,ATMAUTLUAK,ATMAUTLUAK,-,,,,,-,-,
-,AOU,-,ATTAPEU,ATTAPEU,-,,,,,-,-,
-,YAT,-,ATTAWAPISKAT,ATTAWAPISKAT,-,,,,,-,-,
-,GUW,-,ATYRAU,ATYRAU,-,,,,,-,-,
-,AUI,-,AUA ISLAND,AUA ISLAND,-,,,,,-,-,
-,NGD,-,ANEGADA,AUGUSTE GEORGE,-,,,,,-,-,
-,AUD,-,AUGUSTUS DOWNS,AUGUSTUS DOWNS,-,,,,,-,-,
-,AUV,-,AUMO,AUMO,-,,,,,-,-,
-,YPJ,-,AUPALUK,AUPALUK,-,,,,,-,-,
-,AUL,-,AUR ISLAND,AUR ISLAND,-,,,,,-,-,
-,AUU,-,AURUKUN,AURUKUN,-,,,,,-,-,
-,ASQ,-,AUSTIN,AUSTIN,-,,,,,-,-,
-,AWP,-,AUSTRAL DOWNS STATION,AUSTRAL DOWNS STATION,-,,,,,-,-,
-,AVG,-,AUVERGNE STATION,AUVERGNE STATION,-,,,,,-,-,
-,AWR,-,AWAR,AWAR,-,,,,,-,-,
-,AWA,-,AWASA,AWASA,-,,,,,-,-,
-,AXU,-,AXUM,AXUM,-,,,,,-,-,
-,AYW,-,AYAWASI,AYAWASI,-,,,,,-,-,
-,AYR,-,AYR,AYR,-,,,,,-,-,
-,BCM,-,BACAU,BACAU,-,,,,,-,-,
-,BXD,-,BADE,BADE,-,,,,,-,-,
-,BDD,-,BADU ISLAND,BADU ISLAND,-,,,,,-,-,
-,BFX,-,BAFOUSSAM,BAFOUSSAM,-,,,,,-,-,
-,NYU,-,BAGAN/NYAUNG-U,BAGAN/NYAUNG-U,-,,,,,-,-,
-,BNQ,-,BAGANGA,BAGANGA,-,,,,,-,-,
-,BQI,-,BAGANI,BAGANI,-,,,,,-,-,
-,BGT,-,BAGDAD,BAGDAD,-,,,,,-,-,
-,IXB,-,BAGDOGRA,BAGDOGRA,-,,,,,-,-,
-,OAI,-,BAGRAM,BAGRAM,-,,,,,-,-,
-,BJR,-,BAHAR DAR,BAHAR DAR,-,,,,,-,-,
-,BHV,-,BAHAWALPUR,BAHAWALPUR,-,,,,,-,-,
-,BHL,-,BAHIA DE LOS ANGELES,BAHIA DE LOS ANGELES,-,,,,,-,-,
-,BFA,-,BAHIA NEGRA,BAHIA NEGRA,-,,,,,-,-,
-,BFQ,-,BAHIA PINA,BAHIA PINA,-,,,,,-,-,
-,BJQ,-,BAHJA,BAHJA,-,,,,,-,-,
-,IAQ,-,BAHREGAN,BAHREGAN,-,,,,,-,-,
-,BAY,-,BAIA MARE,BAIA MARE,-,,,,,-,-,
-,BAP,-,BAIBARA,BAIBARA,-,,,,,-,-,
-,BIB,-,BAIDOA,BAIDOA,-,,,,,-,-,
-,YBC,-,BAIE-COMEAU,BAIE-COMEAU,-,,,,,-,-,
-,BBR,-,BASSE-TERRE,BAILLIF,-,,,,,-,-,
-,BSJ,-,BAIRNSDALE,BAIRNSDALE,-,,,,,-,-,
-,BJH,-,BAJHANG,BAJHANG,-,,,,,-,-,
-,BJN,-,BAJONE,BAJONE,-,,,,,-,-,
-,BJU,-,BAJURA,BAJURA,-,,,,,-,-,
-,BXE,-,BAKEL,BAKEL,-,,,,,-,-,
-,BKM,-,BAKELALAN,BAKELALAN,-,,,,,-,-,
-,YBK,-,BAKER LAKE,BAKER LAKE,-,,,,,-,-,
-,BJD,-,BAKKAFJORDUR,BAKKAFJORDUR,-,,,,,-,-,
-,BMF,-,BAKOUMA,BAKOUMA,-,,,,,-,-,
-,BWO,-,BALAKOVO,BALAKOVO,-,,,,,-,-,
-,LCN,-,BALCANOONA,BALCANOONA,-,,,,,-,-,
-,BJE,-,BALEELA,BALEELA,-,,,,,-,-,
-,BGL,-,BAGLUNG,BALEWA,-,,,,,-,-,
-,BQW,-,BALGO HILL,BALGO HILL,-,,,,,-,-,
-,BAJ,-,BALI,BALI,-,,,,,-,-,
-,BLC,-,BALI,BALI,-,,,,,-,-,
-,BZI,-,BALIKESIR,BALIKESIR,-,,,,,-,-,
-,BXH,-,BALKHASH,BALKHASH,-,,,,,-,-,
-,BBL,-,BALLERA,BALLERA,-,,,,,-,-,
-,BOL,-,BALLYKELLY,BALLYKELLY,-,,,,,-,-,
-,BBA,-,BALMACEDA,BALMACEDA,-,,,,,-,-,
-,BZD,-,BALRANALD,BALRANALD,-,,,,,-,-,
-,BSS,-,BALSAS,BALSAS,-,,,,,-,-,
-,BMR,-,BALTRUM,BALTRUM,-,,,,,-,-,
-,RGH,-,BALURGHAT,BALURGHAT,-,,,,,-,-,
-,BXR,-,BAM,BAM,-,,,,,-,-,
-,BMN,-,BAMARNI,BAMARNI,-,,,,,-,-,
-,BBY,-,BAMBARI,BAMBARI,-,,,,,-,-,
-,BMQ,-,BAMBURI,BAMBURI,-,,,,,-,-,
-,BPC,-,BAMENDA,BAMENDA,-,,,,,-,-,
-,BIN,-,BAMYAN,BAMYAN,-,,,,,-,-,
-,NAF,-,BANAINA,BANAINA,-,,,,,-,-,
-,NDA,-,BANDA ISLAND,BANDANEIRA,-,,,,,-,-,
-,BDH,-,BANDAR LENGEH,BANDAR LENGEH,-,,,,,-,-,
-,BDM,-,BANDIRMA,BANDIRMA,-,,,,,-,-,
-,FDU,-,BANDUNDU,BANDUNDU,-,,,,,-,-,
-,YBA,-,BANFF,BANFF,-,,,,,-,-,
-,BNR,-,BANFORA,BANFORA,-,,,,,-,-,
-,BGU,-,BANGASSOU,BANGASSOU,-,,,,,-,-,
-,BYX,-,BANIYALA,BANIYALA,-,,,,,-,-,
-,BNP,-,BANNU,BANNU,-,,,,,-,-,
-,BNZ,-,BANZ,BANZ,-,,,,,-,-,
-,BSD,-,BAOSHAN,BAOSHAN,-,,,,,-,-,
-,YEB,-,BAR RIVER,BAR RIVER,-,,,,,-,-,
-,BMJ,-,BARAMITA,BARAMITA,-,,,,,-,-,
-,BCI,-,BARCALDINE,BARCALDINE,-,,,,,-,-,
-,BAZ,-,BARCELOS,BARCELOS,-,,,,,-,-,
-,BSY,-,BARDERA,BARDERA,-,,,,,-,-,
-,BDU,-,BARDUFOSS,BARDUFOSS,-,,,,,-,-,
-,BEK,-,BAREILLY,BAREILLY,-,,,,,-,-,
-,BYP,-,BARIMUNYA,BARIMUNYA,-,,,,,-,-,
-,BNS,-,BARINAS,BARINAS,-,,,,,-,-,
-,BBN,-,BARIO,BARIO,-,,,,,-,-,
-,BZL,-,BARISAL,BARISAL,-,,,,,-,-,
-,BKP,-,BARKLY DOWNS,BARKLY DOWNS,-,,,,,-,-,
-,BAX,-,BARNAUL,BARNAUL,-,,,,,-,-,
-,RRI,-,BARORA,BARORA,-,,,,,-,-,
-,BQQ,-,BARRA,BARRA,-,,,,,-,-,
-,BCL,-,BARRA DEL COLORADO,BARRA DEL COLORADO,-,,,,,-,-,
-,BDC,-,BARRA DO CORDA,BARRA DO CORDA,-,,,,,-,-,
-,BPG,-,BARRA DO GARCAS,BARRA DO GARCAS,-,,,,,-,-,
-,NBB,-,BARRANCO MINAS,BARRANCO MINAS,-,,,,,-,-,
-,BRA,-,BARREIRAS,BARREIRAS,-,,,,,-,-,
-,BRB,-,BARREIRINHAS,BARREIRINHAS,-,,,,,-,-,
-,BWB,-,BARROW ISLAND,BARROW ISLAND,-,,,,,-,-,
-,BTI,-,BARTER ISLAND,BARTER ISLAND,-,,,,,-,-,
-,GFO,-,BARTICA,BARTICA,-,,,,,-,-,
-,AQA,-,ARARAQUARA,BARTOLOMEU DE GUSMAO,-,,,,,-,-,
-,UUN,-,BARUUN-URT,BARUUN-URT,-,,,,,-,-,
-,BSU,-,BASANKUSU,BASANKUSU,-,,,,,-,-,
-,BSO,-,BASCO,BASCO,-,,,,,-,-,
-,BAN,-,BASONGO,BASONGO,-,,,,,-,-,
-,BSG,-,BATA,BATA,-,,,,,-,-,
-,BQJ,-,BATAGAY,BATAGAY,-,,,,,-,-,
-,BTG,-,BATANGAFO,BATANGAFO,-,,,,,-,-,
-,BVW,-,BATAVIA DOWNS,BATAVIA DOWNS,-,,,,,-,-,
-,HLB,-,BATESVILLE,BATESVILLE,-,,,,,-,-,
-,BUP,-,BATHINDA,BATHINDA,-,,,,,-,-,
-,BHS,-,BATHURST,BATHURST,-,,,,,-,-,
-,ZBF,-,BATHURST,BATHURST,-,,,,,-,-,
-,BRT,-,BATHURST ISLAND,BATHURST ISLAND,-,,,,,-,-,
-,BAL,-,BATMAN,BATMAN,-,,,,,-,-,
-,BXM,-,BATOM,BATOM,-,,,,,-,-,
-,OUR,-,BATOURI,BATOURI,-,,,,,-,-,
-,BJF,-,BATSFJORD,BATSFJORD,-,,,,,-,-,
-,BBM,-,BATTAMBANG,BATTAMBANG,-,,,,,-,-,
-,BAM,-,BATTLE MOUNTAIN,BATTLE MOUNTAIN,-,,,,,-,-,
-,BTW,-,BATU LICIN,BATU LICIN,-,,,,,-,-,
-,BUS,-,BATUMI,BATUMI,-,,,,,-,-,
-,BCU,-,BAUCHI,BAUCHI,-,,,,,-,-,
-,BVL,-,BAURES,BAURES,-,,,,,-,-,
-,BWJ,-,BAWAN,BAWAN,-,,,,,-,-,
-,BXW,-,BAWEAN,BAWEAN,-,,,,,-,-,
-,BYN,-,BAYANKHONGOR,BAYANKHONGOR,-,,,,,-,-,
-,HPY,-,BAYTOWN,BAYTOWN,-,,,,,-,-,
-,BZB,-,BAZARUTO ISLAND,BAZARUTO ISLAND,-,,,,,-,-,
-,BEE,-,BEAGLE BAY,BEAGLE BAY,-,,,,,-,-,
-,AHN,-,ATHENS,BEN EPPS,-,,,,,-,-,
-,BUW,-,BAUBAU,BETOAMBARI,-,,,,,-,-,
-,BYU,-,BAYREUTH,BINDLACHER BERG,-,,,,,-,-,
-,BWX,-,BANYUWANGI,BLIMBINGSARI,-,,,,,-,-,
-,BWN,-,BANDAR SERI BEGAWAN,BRUNEI INTERNATIONAL,-,,,,,-,-,
-,FRN,-,ANCHORAGE,BRYANT AAF,-,,,,,-,-,
-,BNK,-,BALLINA,BYRON GATEWAY,-,,,,,-,-,
-,BCH,-,BAUCAU,CAKUNG,-,,,,,-,-,
-,APU,-,APUCARANA,CAPTAIN JOAO BUSSE,-,,,,,-,-,
-,APO,-,APARTADO,CAREPA-A.R. BETANCOURT,-,,,,,-,-,
-,BYM,-,BAYAMO,CARLOS M. DE CESPEDES,-,,,,,-,-,
-,ATU,-,ATTU ISLAND,CASCO COVE CGS,-,,,,,-,-,
-,AVX,-,AVALON,CATALINA,-,,,,,-,-,
-,ANF,-,ANTOFAGASTA,CERRO MORENO,-,,,,,-,-,
-,ARI,-,ARICA,CHACALLUTA,-,,,,,-,-,
-,BAT,-,BARRETOS,CHAFEI AMSEI,-,,,,,-,-,
-,DBC,-,BAICHENG,CHANG'AN,-,,,,,-,-,
-,NBS,-,BAISHAN,CHANGBAISHAN,-,,,,,-,-,
-,CII,-,AYDIN,CILDIR,-,,,,,-,-,
-,CRK,-,ANGELES/MABALACAT,CLARK INTL,-,,,,,-,-,
-,AXA,-,ANGUILLA,CLAYTON J. LLOYD INTL,-,,,,,-,-,
-,BBQ,-,BARBUDA,CODRINGTON,-,,,,,-,-,
-,BHI,-,BAHIA BLANCA,COMANDANTE ESPORA,-,,,,,-,-,
-,AYQ,-,AYERS ROCK,CONNELLAN,-,,,,,-,-,
-,AOT,-,AOSTA,CORRADO GEX,-,,,,,-,-,
-,DNL,-,AUGUSTA,DANIEL FIELD,-,,,,,-,-,
-,ARU,-,ARACATUBA,DARIO GUARITA,-,,,,,-,-,
-,BGE,-,BAINBRIDGE,DECATUR CO IND. AIR PK,-,,,,,-,-,
-,PDK,-,ATLANTA,DEKALB-PEACHTREE,-,,,,,-,-,
-,DMK,-,BANGKOK,DON MUEANG INT'L,-,,,,,-,-,
-,AHD,-,ARDMORE,DOWNTOWN EXECUTIVE,-,,,,,-,-,
-,BQA,-,BALER,DR. JUAN C. ANGARA,-,,,,,-,-,
-,ARX,-,ARACATI,DRAGAO DO MAR,-,,,,,-,-,
-,ATK,-,ATQASUK,E.BURNELL SR MEMORIAL,-,,,,,-,-,
-,MPV,-,BARRE/MONTPELIER,EDWARD F. KNAPP STATE,-,,,,,-,-,
-,AYA,-,AYAPEL,EL CEBRUNO,-,,,,,-,-,
-,AXM,-,ARMENIA,EL EDEN INTL,-,,,,,-,-,
-,ARQ,-,ARAUQUITA,EL TRONCAL,-,,,,,-,-,
-,ATH,-,ATHENS,ELEFTHERIOS VENIZELOS,-,,,,,-,-,
-,BZX,-,BAZHONG,ENYANG,-,,,,,-,-,
-,BAV,-,BAOTOU,ERLIBAN,-,,,,,-,-,
-,BAQ,-,BARRANQUILLA,ERNESTO CORTISSOZ INTL,-,,,,,-,-,
-,ESB,-,ANKARA,ESENBOGA,-,,,,,-,-,
-,ANK,-,ANKARA,ETIMESGUT,-,,,,,-,-,
-,BSL,-,BASEL/MULHOUSE,EUROAIRPORT SWISS,-,,,,,-,-,
-,EUQ,-,ANTIQUE,EVELIO JAVIER,-,,,,,-,-,
-,AVO,-,AVON PARK,EXECUTIVE,-,,,,,-,-,
-,FGI,-,APIA,FAGALI'I,-,,,,,-,-,
-,AOI,-,ANCONA,FALCONARA,-,,,,,-,-,
-,APW,-,APIA,FALEOLO INTL,-,,,,,-,-,
-,FTY,-,ATLANTA,FULTON COUNTY,-,,,,,-,-,
-,AKA,-,ANKANG,FUQIANG,-,,,,,-,-,
-,ADP,-,AMPARA,GAL OYA,-,,,,,-,-,
-,AYX,-,ATALAYA,GERARDO PEREZ PINEDO,-,,,,,-,-,
-,BAC,-,BARRANCA DE UPIA,GUADALITO,-,,,,,-,-,
-,BGX,-,BAGE,GUSTAVO KRAEMER,-,,,,,-,-,
-,BCA,-,BARACOA,GUSTAVO RIZO,-,,,,,-,-,
-,ABU,-,ATAMBUA,HALIWEN,-,,,,,-,-,
-,BHB,-,BAR HARBOR,HANCOCK COUNTY,-,,,,,-,-,
-,BTH,-,BATAM,HANG NADIM,-,,,,,-,-,
-,BDO,-,BANDUNG,HUSEIN SASTRANEGARA,-,,,,,-,-,
-,ASD,-,ANDROS TOWN,INTERNATIONAL,-,,,,,-,-,
-,ABB,-,ASABA,INTERNATIONAL,-,,,,,-,-,
-,ASB,-,ASHGABAT,INTERNATIONAL,-,,,,,-,-,
-,ASM,-,ASMARA,INTERNATIONAL,-,,,,,-,-,
-,ASA,-,ASSAB,INTERNATIONAL,-,,,,,-,-,
-,ASW,-,ASWAN,INTERNATIONAL,-,,,,,-,-,
-,ATR,-,ATAR,INTERNATIONAL,-,,,,,-,-,
-,BGW,-,BAGHDAD,INTERNATIONAL,-,,,,,-,-,
-,BAH,-,BAHRAIN,INTERNATIONAL,-,,,,,-,-,
-,BZY,-,BALTI,INTERNATIONAL,-,,,,,-,-,
-,BND,-,BANDAR ABBAS,INTERNATIONAL,-,,,,,-,-,
-,BNX,-,BANJA LUKA,INTERNATIONAL,-,,,,,-,-,
-,BJL,-,BANJUL,INTERNATIONAL,-,,,,,-,-,
-,BSR,-,BASRAH,INTERNATIONAL,-,,,,,-,-,
-,BDE,-,BAUDETTE,INTERNATIONAL,-,,,,,-,-,
-,TNR,-,ANTANANARIVO,IVATO INTL,-,,,,,-,-,
-,BLA,-,BARCELONA,J.A. ANZOATEGUI INTL,-,,,,,-,-,
-,BRM,-,BARQUISIMETO,JACINTO LARA INTL,-,,,,,-,-,
-,ASX,-,ASHLAND,JOHN F. KENNEDY MEM.,-,,,,,-,-,
-,BSC,-,BAHIA SOLANO,JOSE CELESTINO MUTIS,-,,,,,-,-,
-,AYO,-,AYOLAS,JUAN DE AYOLAS,-,,,,,-,-,
-,KBX,-,AYAMARU,KAMBUAYA,-,,,,,-,-,
-,AQJ,-,AQABA,KING HUSSEIN INTL,-,,,,,-,-,
-,AFK,-,AMPARA,KONDAVATTAVAN TANK SPB,-,,,,,-,-,
-,BXY,-,BAYKONUR,KRAYNIY,-,,,,,-,-,
-,AYC,-,AYACUCHO,LA GLORIA,-,,,,,-,-,
-,LDO,-,AURORA,LADUANI,-,,,,,-,-,
-,YLK,-,BARRIE/ORILLIA,LAKE SIMCOE REGIONAL,-,,,,,-,-,
-,ANP,-,ANNAPOLIS,LEE,-,,,,,-,-,
-,BAG,-,BAGUIO,LOAKAN,-,,,,,-,-,
-,YEY,-,AMOS,MAGNY,-,,,,,-,-,
-,MRX,-,BANDAR MAHSHAHR,MAHSHAHR,-,,,,,-,-,
-,AIF,-,ASSIS,MARCELO P. HALZHAUSEN,-,,,,,-,-,
-,BRX,-,BARAHONA,MARIA MONTEZ INTL,-,,,,,-,-,
-,ADJ,-,AMMAN,MARKA INTL,-,,,,,-,-,
-,MTN,-,BALTIMORE,MARTIN STATE,-,,,,,-,-,
-,MMI,-,ATHENS,MCMINN COUNTY,-,,,,,-,-,
-,AMM,-,AMMAN,METROPOLITAN AREA,-,,,,,-,-,
-,ADM,-,ARDMORE,METROPOLITAN AREA,-,,,,,-,-,
-,AKL,-,AUCKLAND,METROPOLITAN AREA,-,,,,,-,-,
-,BAK,-,BAKU,METROPOLITAN AREA,-,,,,,-,-,
-,ATG,-,ATTOCK,MINHAS,-,,,,,-,-,
-,WOR,-,ANKOREFO,MORAMBA,-,,,,,-,-,
-,BLJ,-,BATNA,MOSTEPHA BEN BOULAID,-,,,,,-,-,
-,JTC,-,BAURU,MOUSSA NAKHL TOBIAS,-,,,,,-,-,
-,BGF,-,BANGUI,MPOKO INTL,-,,,,,-,-,
-,AHH,-,AMERY,MUNICIPAL,-,,,,,-,-,
-,AMW,-,AMES,MUNICIPAL,-,,,,,-,-,
-,AID,-,ANDERSON,MUNICIPAL,-,,,,,-,-,
-,ARB,-,ANN ARBOR,MUNICIPAL,-,,,,,-,-,
-,ANY,-,ANTHONY,MUNICIPAL,-,,,,,-,-,
-,ATE,-,ANTLERS,MUNICIPAL,-,,,,,-,-,
-,AHF,-,ARAPAHOE,MUNICIPAL,-,,,,,-,-,
-,ATS,-,ARTESIA,MUNICIPAL,-,,,,,-,-,
-,AHM,-,ASHLAND,MUNICIPAL,-,,,,,-,-,
-,ASY,-,ASHLEY,MUNICIPAL,-,,,,,-,-,
-,YIB,-,ATIKOKAN,MUNICIPAL,-,,,,,-,-,
-,AIO,-,ATLANTIC,MUNICIPAL,-,,,,,-,-,
-,AUZ,-,AURORA,MUNICIPAL,-,,,,,-,-,
-,AUM,-,AUSTIN,MUNICIPAL,-,,,,,-,-,
-,BKE,-,BAKER CITY,MUNICIPAL,-,,,,,-,-,
-,BVO,-,BARTLESVILLE,MUNICIPAL,-,,,,,-,-,
-,BOW,-,BARTOW,MUNICIPAL,-,,,,,-,-,
-,BBC,-,BAY CITY,MUNICIPAL,-,,,,,-,-,
-,NJA,-,ATSUGI,NAF,-,,,,,-,-,
-,JFN,-,ASHTABULA,NORTHEAST OHIO RGNL,-,,,,,-,-,
-,ABM,-,BAMAGA,NORTHERN PENINSULA,-,,,,,-,-,
-,ATO,-,ATHENS,OHIO UNIVERSITY,-,,,,,-,-,
-,AJN,-,ANJOUAN,OUANI,-,,,,,-,-,
-,BRI,-,BARI,PALESE,-,,,,,-,-,
-,BLB,-,BALBOA,PANAMA PACIFICO,-,,,,,-,-,
-,PQD,-,BATTICALOA,PASSIKUDAH SPB,-,,,,,-,-,
-,BIT,-,BAITADI,PATAN,-,,,,,-,-,
-,PGU,-,ASALOYEH,PERSIAN GULF INTL,-,,,,,-,-,
-,ZUD,-,ANCUD,PUPELDE,-,,,,,-,-,
-,TKG,-,BANDAR LAMPUNG,RADIN INTEN II,-,,,,,-,-,
-,AND,-,ANDERSON,REGIONAL,-,,,,,-,-,
-,AST,-,ASTORIA,REGIONAL,-,,,,,-,-,
-,BNL,-,BARNWELL,REGIONAL,-,,,,,-,-,
-,BVX,-,BATESVILLE,REGIONAL,-,,,,,-,-,
-,AUA,-,ARUBA,REINA BEATRIX,-,,,,,-,-,
-,ADR,-,ANDREWS,ROBERT F. SWINNIE,-,,,,,-,-,
-,AQP,-,AREQUIPA,RODRIGUEZ BALLON INTL,-,,,,,-,-,
-,BRY,-,BARDSTOWN,SAMUELS FIELD,-,,,,,-,-,
-,AJU,-,ARACAJU,SANTA MARIA,-,,,,,-,-,
-,AUC,-,ARAUCA,SANTIAGO PEREZ QUIROZ,-,,,,,-,-,
-,AMS,-,AMSTERDAM,SCHIPHOL AIRPORT,-,,,,,-,-,
-,AOS,-,AMOOK BAY,SEA PLANE BASE,-,,,,,-,-,
-,AGN,-,ANGOON,SEA PLANE BASE,-,,,,,-,-,
-,BKO,-,BAMAKO,SENOU INTL,-,,,,,-,-,
-,BPN,-,BALIKPAPAN,SEPINGGAN,-,,,,,-,-,
-,GPS,-,BALTRA ISLAND,SEYMOUR,-,,,,,-,-,
-,CKK,-,ASH FLAT,SHARP COUNTY REGIONAL,-,,,,,-,-,
-,BRG,-,BALIRANGEN,SIAU,-,,,,,-,-,
-,BCD,-,BACOLOD,SILAY INTERNATIONAL,-,,,,,-,-,
-,ASU,-,ASUNCION,SILVIO PETTIROSSI INTL,-,,,,,-,-,
-,BJW,-,BAJAWA,SOA,-,,,,,-,-,
-,YBJ,-,BAIE-JOHAN-BEETZ,SPB,-,,,,,-,-,
-,YBF,-,BAMFIELD,SPB,-,,,,,-,-,
-,ATQ,-,AMRITSAR,SRI GURU RAM DASS JEE,-,,,,,-,-,
-,AUG,-,AUGUSTA,STATE,-,,,,,-,-,
-,BDY,-,BANDON,STATE,-,,,,,-,-,
-,BTJ,-,BANDA ACEH,SULTAN ISKANDAR MUDA,-,,,,,-,-,
-,BDJ,-,BANJARMASIN,SYAMSUDIN NOOR,-,,,,,-,-,
-,ARH,-,ARKHANGELSK,TALAGI,-,,,,,-,-,
-,BDN,-,BADIN,TALHAR,-,,,,,-,-,
-,AOG,-,ANSHAN,TENG'AO,-,,,,,-,-,
-,LJN,-,ANGLETON/LAKE JACKSON,TEXAS GULF COAST RGNL,-,,,,,-,-,
-,RLK,-,BAYANNUR,TIANJITAI,-,,,,,-,-,
-,AQG,-,ANQING,TIANZHUSHAN,-,,,,,-,-,
-,ANQ,-,ANGOLA,TRI-STATE STEUBEN CO.,-,,,,,-,-,
-,TZO,-,ANKISATRA,TSIMIRORO,-,,,,,-,-,
-,DYR,-,ANADYR,UGOLNY,-,,,,,-,-,
-,UGL,-,ANTARCTICA,UNION GLACIER,-,,,,,-,-,
-,ANU,-,ANTIGUA,V.C. BIRD INTL,-,,,,,-,-,
-,AAQ,-,ANAPA,VITYAZEVO,-,,,,,-,-,
-,YAX,-,ANGLING LAKE,WAPEKEKA,-,,,,,-,-,
-,BNF,-,BARANOF,WARM SPRING BAY SPB,-,,,,,-,-,
-,EJA,-,BARRANCABERMEJA,YARIGUIES,-,,,,,-,-,
-,AEB,-,BAISE,YOUJIANG,-,,,,,-,-,
-,AGW,-,AGNEW,AGNEW AIRPORT,-,-,AUSTRALIA,,,-,-,
-,SWM,-,ALTO BOA VISTA,SUIA-MISSU AIRPORT,-,-,BRAZIL,,,-,-,
-,ZAA,-,ALICE ARM,SILVER CITY WATER AERODROME,-,-,CANADA,,,-,-,
-,AOD,-,ABOU DEIA,ABOU DEIA AIRPORT,-,-,CHAD,,,-,-,
-,AVA,-,ANSHUN,ANSHUN HUANGGUOSHU AIRPORT,-,,CHINA,LAND AIRPORT,DUAL,-,-,
-,ARF,-,ACARICUARA,ACARICUARA AIRPORT,-,-,COLOMBIA,,,-,-,
-,ACL,-,AGUACLARA,AGUACLARA AIRPORT,-,-,COLOMBIA,,,-,-,
-,DZI,-,CODAZZI,CODAZZI AIRPORT,-,-,COLOMBIA,,,-,-,
-,API,-,APIAY,CAPTAIN LUIS FRANCISCO GÓMEZ NIÑO AIR BASE,BASE AÉREA CAPITÁN LUIS FRANCISCO GÓMEZ NIÑO,,COLOMBIA,LAND AIRPORT,MILITARY,-,-,
-,AUE,-,ABU RUDEIS,ABU RUDEIS AIRPORT,-,-,EGYPT,,,-,-,
-,AHY,-,AMBATOLAHY,AMBATOLAHY AIRPORT,-,-,MADAGASCAR,,,-,-,
-,AIC,-,AIROK,AILINGLAPALAP AIROK AIRPORT,-,-,MARSHALL ISLANDS,,,-,-,
-,AIM,-,AILUK ATOLL,AILUK AIRPORT,-,-,MARSHALL ISLANDS,,,-,-,
-,LEG,-,ALEG,ALEG AIRPORT,-,-,MAURITANIA,,,-,-,
-,XAL,-,ALAMOS,ALAMOS AIRPORT,-,-,MEXICO,,,-,-,
-,AME,-,ALTO MOLOCUE,ALTO MOLOCUE AIRPORT,-,-,MOZAMBIQUE,,,-,-,
-,ACU,-,ACHUTUPO,ACHUTUPO AIRPORT,-,-,PANAMA,,,-,-,
-,ABW,-,ABAU,ABAU AIRPORT,-,-,PAPUA NEW GUINEA,,,-,-,
-,AZB,-,AMAZON BAY,AMAZON BAY AIRPORT,-,-,PAPUA NEW GUINEA,,,-,-,
-,AMG,-,AMBOIN,AMBOIN AIRPORT,-,-,PAPUA NEW GUINEA,,,-,-,
-,UHS,-,ALEKSANDROVSK-SAKHALIN,ALEKSANDROVSK-SAKHALIN AIRPORT,-,-,RUSSIA,,,-,-,
-,AAD,-,ADADO,ADADO AIRPORT,-,-,SOMALIA,,,-,-,
-,AEE,-,ADAREIL,ADAREIL AIRPORT,-,-,SOUTH AFRICA,,,-,-,
-,ADV,-,ADDEAIN,ADDEAIN AIRPORT,-,-,SUDAN,,,-,-,
-,ADV,-,EL DAEIN,EL DAEIN AIRPORT,-,-,SUDAN,,,-,-,
-,SOR,-,AL THAURAH,AL THAURAH AIRPORT,-,-,SYRIA,,,-,-,
-,BKN,-,BALKANABAT,BALKANABAT AIRPORT,NEBIT DAG AIRPORT,,TURKMENISTAN,LAND AIRPORT,PUBLIC,-,-,
-,AYM,-,ABU DHABI,YAS ISLAND SEA PLANE BASE,-,-,UNITED ARAB EMIRATES,,,-,-,
-,LHB,EG74,BRUNTINGTHORPE,BRUNTINGTHORPE AERODROME,BRUNTINGTHORPE AERODROME AND PROVING GROUND,RAF BRUNTINGTHORPE,UNITED KINGDOM,AIRSTRIP,PRIVATE,-,-,
-,-,-,MYERSCOUGH,ST MICHAELS AIRFIELD,NORTHERN MICROLIGHT SCHOOL,-,UNITED KINGDOM,AIRFIELD,PRIVATE,NO ASSIGNED CODE,-,
-,-,-,ROCHESTER,STOKE MEDWAY AIRFIELD,-,-,UNITED KINGDOM,AIRFIELD,PUBLIC,NO ASSIGNED CODE,-,
-,-,-,SUTTON,SUTTON MEADOWS AIRFIELD,CAMBRIDGE MICROLIGHT CLUB,-,UNITED KINGDOM,AIRFIELD,PUBLIC,NO ASSIGNED CODE,-,
-,-,-,MARLBOROUGH,CLENCH COMMON AIRFIELD,-,-,UNITED KINGDOM,AIRFIELD,PRIVATE,NO ASSIGNED CODES,-,
-,-,-,DRAYTON ST LEONARD,DRAYTON ST LEONARD AIRFIELD,-,-,UNITED KINGDOM,AIRSTRIP,PRIVATE,NO ASSIGNED CODES,-,
-,-,-,GRAVELEY,GRAVELEY AIRFIELD,-,RAF GRAVELEY,UNITED KINGDOM,AIRSTRIP,PRIVATE,NO ASSIGNED CODES,-,
-,-,-,CROMER,NORTHREPPS AERODROME,-,-,UNITED KINGDOM,AIRSTRIP,PRIVATE,NO ASSIGNED CODES,-,
-,-,-,PENKRIDGE,OTHERTON AIRFIELD,PENKRIDGE SMALL AIRCRAFT AIRPORT,-,UNITED KINGDOM,AIRFIELD,PUBLIC,NO ASSIGNED CODES,-,
-,-,EGB88,DUNS,CHARTERHALL AIRFIELD,-,RAF CHARTERHALL,UNITED KINGDOM,AIRSTRIP,PRIVATE,NO. 1 AIDU CODE,-,
-,-,EGB90,CHATTERIS,CHATTERIS AIRFIELD,-,-,UNITED KINGDOM,AIRFIELD,PRIVATE,NO. 1 AIDU CODE,-,
-,-,EGC57,CAMELFORD,DAVIDSTOW AIRFIELD,-,RAF DAVIDSTOW MOOR,UNITED KINGDOM,AIRSTRIP,PRIVATE,NO. 1 AIDU CODE,-,
-,-,EGC72,DORNOCH,DORNOCH AIRFIELD,-,-,UNITED KINGDOM,AIRSTRIP,PRIVATE,NO. 1 AIDU CODE,-,
-,-,EGC94,NORTH BERWICK,EAST FORTUNE AIRFIELD,-,RAF EAST FORTUNE,UNITED KINGDOM,AIRSTRIP,PRIVATE,NO. 1 AIDU CODE,-,
-,-,EGD03,SCARBOROUGH,EDDSFIELD AIRFIELD,-,-,UNITED KINGDOM,AIRFIELD,PRIVATE,NO. 1 AIDU CODE,-,
-,-,EGD40,SEDGEFIELD,FISHBURN AIRFIELD,-,-,UNITED KINGDOM,AIRFIELD,PRIVATE,NO. 1 AIDU CODE,-,
-,-,EGD72,ISLE OF MULL,GLENFORSA AIRFIELD,-,-,UNITED KINGDOM,AIRSTRIP,PRIVATE,NO. 1 AIDU CODE,-,
-,-,EGE58,INSCH,GRAMPIAN MICROLIGHT & FLYING CLUB,INSCH AIRFIELD,-,UNITED KINGDOM,AIRFIELD,PRIVATE,NO. 1 AIDU CODE,-,
-,-,EGG29,CLEOBURY MORTIMER,MILSON AIRSTRIP,LITTLE DOWN FARM,-,UNITED KINGDOM,AIRSTRIP,PRIVATE,NO. 1 AIDU CODE,-,
-,-,EGK11,YORK,ELVINGTON AIRFIELD,-,RAF ELVINGTON,UNITED KINGDOM,AIRSTRIP,PRIVATE,NO. 1 AIDU CODE,-,
-,-,EG2A,BRACKLEY,HINTON-IN-THE-HEDGES AIRFIELD,HINTON AIRFIELD,RAF HINTON-ON-THE-HEDGES,UNITED KINGDOM,AIRFIELD,PUBLIC,NO. 1 AIDU CODE,-,
-,-,EGD17,ESHOTT,ESHOTT AIRFIELD,BOCKENFIELD AERODROME,RAF ESHOTT,UNITED KINGDOM,AIRFIELD,PUBLIC,NO. 1 AIDU CODE,-,
-,-,EGE87,KIRKBRIDE,KIRKBRIDE AIRFIELD,-,RAF KIRKBRIDE,UNITED KINGDOM,AIRFIELD,PUBLIC,NO. 1 AIDU CODE,-,
-,-,EGG59,GRIMSBY,NORTH COATES AIRFIELD,-,RAF NORTH COATES,UNITED KINGDOM,AIRFIELD,PUBLIC,NO. 1 AIDU CODE,-,
-,-,EGH20,PLOCKTON,PLOCKTON AIRFIELD,-,-,UNITED KINGDOM,AIRSTRIP,PUBLIC,NO. 1 AIDU CODE,-,
-,-,EGK14,YORK,RUFFORTH WEST AIRFIELD,-,RAF RUFFORTH,UNITED KINGDOM,AIRFIELD,PRIVATE,NO. 1 AIDU CODE - THE AIRFIELD SEPARATED BY A DISUSED SECTION FROM RUFFORTH AIRFIELD EAST (OPERATING MICROLIGHTS).,-,
-,-,EGK14,YORK,RUFFORTH AIRFIELD EAST,-,RAF RUFFORTH,UNITED KINGDOM,AIRFIELD,PRIVATE,NO. 1 AIDU CODE - THE AIRFIELD SEPARATED BY A DISUSED SECTION FROM RUFFORTH AIRFIELD WEST (OPERATING GLIDERS).,-,
-,KKI,-,AKIACHAK,AKIACHAK AIRPORT,-,-,UNITED STATES OF AMERICA,,,-,-,
-,WKK,-,ALEKNAGIK,ALEKNAGIK AIRPORT,-,-,UNITED STATES OF AMERICA,,,-,-,
-,ALZ,-,LAZY BAY,ALITAK SEAPLANE BASE,-,-,UNITED STATES OF AMERICA,,,-,-,
-,ALE,-,ALPINE,ALPINE-CASPARIS MUNICIPAL AIRPORT,-,-,UNITED STATES OF AMERICA,,,-,-,
-,NRI,-,AFTON,GRAND LAKE REGIONAL AIRPORT,-,-,UNITED STATES OF AMERICA,,,-,-,
-,NLN,19,EUREKA,KNEELAND AIRPORT,-,,UNITED STATES OF AMERICA,LAND AIRPORT,PUBLIC,-,-,
-,AXB,-,ALEXANDRIA BAY,MAXSON AIRFIELD,-,-,UNITED STATES OF AMERICA,,,-,-,
AGAF,AFT,-,AFUTARA,AFUTARA AIRPORT,-,-,SOLOMON ISLANDS,,,-,A,
AGAR,RNA,-,ARONA,ULAWA AIRPORT,-,-,SOLOMON ISLANDS,,,-,A,
AGAT,ATD,-,ATOIFI,URU HARBOUR AIRPORT,-,-,SOLOMON ISLANDS,,,-,A,
AGBA,VEV,-,VELLA LAVELLA,BARAKOMA AIRFIELD,-,-,SOLOMON ISLANDS,,,-,A,
AGBT,BPF,-,BATUNA,BATUNA AIRPORT,-,-,SOLOMON ISLANDS,,,-,A,
AGEV,GEF,-,GEVA,GEVA AIRPORT,-,-,SOLOMON ISLANDS,,,-,A,
AGGA,AKS,-,AUKI,AUKI GWAUNARU'U AIRPORT,-,-,SOLOMON ISLANDS,,,-,A,
AGGB,BNY,-,BELLONA,BELLONA/ANUA AIRPORT,-,-,SOLOMON ISLANDS,,,-,A,
AGGC,CHY,-,CHOISEUL BAY,CHOISEUL BAY AIRPORT,-,-,SOLOMON ISLANDS,,,-,A,
AGGE,BAS,-,BALALAE,BALALAE AIRPORT,-,-,SOLOMON ISLANDS,,,-,A,
AGGF,FRE,-,FERA,FERA AIRPORT,-,-,SOLOMON ISLANDS,,,-,A,
AGGG,-,-,HONIARA (FIC),-,-,-,SOLOMON ISLANDS,,,-,A,
AGGH,HIR,-,HONIARA,HONIARA INTERNATIONAL AIRPORT,-,-,SOLOMON ISLANDS,,,-,A,
AGGI,-,-,BABANAKIRA,MBAMBANAKIRA AIRPORT,-,-,SOLOMON ISLANDS,,,-,A,
AGGJ,AVU,-,AVUAVU,AVU AVU AIRPORT,-,-,SOLOMON ISLANDS,,,-,A,
AGGK,IRA,-,KIRAKIRA,KIRAKIRA AIRPORT,-,-,SOLOMON ISLANDS,,,-,A,
AGGL,SCZ,-,SANTA CRUZ,LUOVA AIRPORT,-,-,SOLOMON ISLANDS,,,-,A,
AGGM,MUA,-,MUNDA,MUNDA AIRPORT,-,-,SOLOMON ISLANDS,,,-,A,
AGGN,GZO,-,GIZO,NUSATUPE AIRPORT,-,-,SOLOMON ISLANDS,,,-,A,
AGGO,MNY,-,MONO,MONO AIRPORT,-,-,SOLOMON ISLANDS,,,-,A,
AGGP,PRS,-,PARASI,MARAU SOUND AIRPORT,-,-,SOLOMON ISLANDS,,,-,A,
AGGQ,OTV,-,ONTONG JAVA,ONTONG JAVA AIRPORT,-,-,SOLOMON ISLANDS,,,-,A,
AGGR,RNL,-,RENNELL,RENNELL/TINGOA AIRPORT,-,-,SOLOMON ISLANDS,,,-,A,
AGGS,EGM,-,SEGHE,SEGHE AIRPORT,-,-,SOLOMON ISLANDS,,,-,A,
AGGT,NNB,-,SANTA ANA,SANTA ANA AIRPORT,-,-,SOLOMON ISLANDS,,,-,A,
AGGU,RUS,-,MARAU,MARAU AIRPORT,-,-,SOLOMON ISLANDS,,,-,A,
AGGV,VAO,-,SUAVANAO,SUAVANAO AIRPORT,-,-,SOLOMON ISLANDS,,,-,A,
AGGY,XYA,-,YANDINA,YANDINA AIRPORT,-,-,SOLOMON ISLANDS,,,-,A,
AGKG,KGE,-,KAGHAU,KAGHAU AIRPORT,-,-,SOLOMON ISLANDS,,,-,A,
AGKU,KUE,-,KUKUDU,KUKUDU AIRPORT,-,-,SOLOMON ISLANDS,,,-,A,
AGKW,KWS,-,KWAILABESI,KWAILABESI AIRPORT,-,-,SOLOMON ISLANDS,,,-,A,
AGNA,NAZ,-,STAR HARBOR,NANA AIRPORT,-,-,SOLOMON ISLANDS,,,-,A,
AGOK,GTA,-,GATOKAE,GATOKAE AERODROME,-,-,SOLOMON ISLANDS,,,-,A,
AGRC,RIN,-,RINGGI COVE,RINGGI COVE AIRPORT,VILA AIRPORT,-,SOLOMON ISLANDS,LAND AIRPORT,PUBLIC,-,A,
AGRM,RBV,-,RAMATA,RAMATA AIRPORT,-,-,SOLOMON ISLANDS,,,-,A,
AGTI,TLG,-,TULAGHI,TULAGHI HELIPORT,-,-,SOLOMON ISLANDS,HELIPORT,,-,A,
AGVH,VIU,-,VIRU HARBOUR,VIRU AIRPORT,-,-,SOLOMON ISLANDS,,,-,A,
ANAU,-,-,NAURU FIR,-,-,-,NAURU,,,-,A,
ANYN,INU,-,NAURU,NAURU INTERNATIONAL AIRPORT,-,-,NAURU,,,-,A,
AYAA,AMF,-,AMA,AMA AIRPORT,-,-,PAPUA NEW GUINEA,,,-,A,
AYAB,-,-,AMBALUWA,AMBALUWA AIRSTRIP,-,-,PAPUA NEW GUINEA,,,-,A,
AYAC,-,-,AKWOM,-,-,-,PAPUA NEW GUINEA,,,-,A,
AYAD,-,-,ANDE,-,-,-,PAPUA NEW GUINEA,,,-,A,
AYAE,-,-,AUE,-,-,-,PAPUA NEW GUINEA,,,-,A,
AYAF,AFR,-,AFORE,AFORE AIRSTRIP,-,-,PAPUA NEW GUINEA,,,-,A,
AYAG,AUP,-,AGAUN,AGAUN AIRPORT,-,-,PAPUA NEW GUINEA,,,-,A,
AYAH,-,-,ALI,ALI AIRSTRIP,-,-,PAPUA NEW GUINEA,,,-,A,
AYAI,ATP,-,AITAPE,AITAPE AIRPORT,-,-,PAPUA NEW GUINEA,,,-,A,
AYAJ,-,-,AMBUA,-,-,-,PAPUA NEW GUINEA,,,-,A,
AYAK,AIH,-,AIAMBAK,AIAMBAK AIRPORT,-,-,PAPUA NEW GUINEA,,,-,A,
AYAL,-,-,AGALI,AGALI AIRSTRIP,-,-,PAPUA NEW GUINEA,,,-,A,
AYAM,AMU,-,AMANAB,AMANAB AIRPORT,-,-,PAPUA NEW GUINEA,,,-,A,
AYAN,ADC,-,ANDAKOMBE,-,-,-,PAPUA NEW GUINEA,,,-,A,
AYAO,AIE,-,AIOME,AIOME AIRPORT,-,-,PAPUA NEW GUINEA,,,-,A,
AYAP,-,-,APPA,-,-,-,PAPUA NEW GUINEA,,,-,A,
AYAQ,KPM,-,KOMPIAM,-,-,-,PAPUA NEW GUINEA,,,-,A,
AYAR,-,-,ANANGALO,-,-,-,PAPUA NEW GUINEA,,,-,A,
AYAS,-,-,ASAMA,-,-,-,PAPUA NEW GUINEA,,,-,A,
AYAT,AUJ,-,AMBUNTI,-,-,-,PAPUA NEW GUINEA,,,-,A,
AYAU,-,-,AROU,-,-,-,PAPUA NEW GUINEA,,,-,A,
AYAV,-,-,ARKOSAME,-,-,-,PAPUA NEW GUINEA,,,-,A,
AYAW,AWB,-,AWABA,AWABA AIRPORT,-,-,PAPUA NEW GUINEA,,,-,A,
AYAX,AEK,-,ASEKI,-,-,-,PAPUA NEW GUINEA,,,-,A,
AYAY,AYU,-,AIYURA,AIYURA AIRPORT,-,-,PAPUA NEW GUINEA,,,-,A,
AYAZ,-,-,ASIMBA,-,-,-,PAPUA NEW GUINEA,,,-,A,
AYBA,VMU,-,BAIMURU,BAIMURU AIRPORT,-,-,PAPUA NEW GUINEA,,,-,A,
AYBC,BCP,-,BAMBU,-,-,-,PAPUA NEW GUINEA,,,-,A,
AYBD,BNM,-,BODINUMU,-,-,-,PAPUA NEW GUINEA,,,-,A,
AYBE,-,-,BOURE,-,-,-,PAPUA NEW GUINEA,,,-,A,
AYBF,BMZ,-,BAMU,-,-,-,PAPUA NEW GUINEA,,,-,A,
AYBG,BDZ,-,BAINDOUNG,-,-,-,PAPUA NEW GUINEA,,,-,A,
AYBH,BSP,-,BENSBACH,BENSBACH AIRPORT,-,-,PAPUA NEW GUINEA,,,-,A,
AYBI,BWP,-,BEWANI,-,-,-,PAPUA NEW GUINEA,,,-,A,
AYBJ,-,-,BANK,-,-,-,PAPUA NEW GUINEA,,,-,A,
AYBK,BUA,-,BUKA,BUKA AIRPORT,-,-,PAPUA NEW GUINEA,,,-,A,
AYBL,BAA,-,BIALLA,-,-,-,PAPUA NEW GUINEA,,,-,A,
AYBM,OPU,-,BALIMO,BALIMO AIRPORT,-,-,PAPUA NEW GUINEA,,,-,A,
AYBN,-,-,BAINA,-,-,-,PAPUA NEW GUINEA,,,-,A,
AYBO,BMH,-,BOMAI,-,-,-,PAPUA NEW GUINEA,,,-,A,
AYBP,BPD,-,BAPI,-,-,-,PAPUA NEW GUINEA,,,-,A,
AYBQ,BPK,-,BIANGABIP,BIANGABIP AIRPORT,-,-,PAPUA NEW GUINEA,,,-,A,
AYBR,BRP,-,BIARU,-,-,-,PAPUA NEW GUINEA,,,-,A,
AYBS,-,-,BEGESIN,-,-,-,PAPUA NEW GUINEA,,,-,A,
AYBT,-,-,BATRI,-,-,-,PAPUA NEW GUINEA,,,-,A,
AYBU,BUL,-,BULOLO,BULOLO AIRPORT,-,-,PAPUA NEW GUINEA,,,-,A,
AYBW,-,-,BLACKWARA,-,-,-,PAPUA NEW GUINEA,,,-,A,
AYBX,-,-,WOWOBO,-,-,-,PAPUA NEW GUINEA,,,-,A,
AYBY,-,-,WUYABO,-,-,-,PAPUA NEW GUINEA,,,-,A,
AYBZ,XBN,-,BINIGUNI,-,-,-,PAPUA NEW GUINEA,,,-,A,
AYCA,-,-,MOUNT CAPALLA,-,-,-,PAPUA NEW GUINEA,,,-,A,
AYCB,CVB,-,CHUNGRIBU,-,-,-,PAPUA NEW GUINEA,,,-,A,
AYCE,-,-,MOUNT SINEWIF,-,-,-,PAPUA NEW GUINEA,,,-,A,
AYCG,CGC,-,CAPE GLOUCESTER,CAPE GLOUCESTER AIRPORT,-,-,PAPUA NEW GUINEA,,,-,A,
AYCH,CMU,-,KUNDIAWA,CHIMBU AIRPORT,-,-,PAPUA NEW GUINEA,,,-,A,
AYDU,DAU,-,DARU,DARU AIRPORT,-,-,PAPUA NEW GUINEA,,,-,A,
AYEF,EFG,-,EFOGI,EFOGI AIRPORT,-,-,PAPUA NEW GUINEA,,,-,A,
AYEI,-,-,MILEI,MILEI AIRPORT,-,-,PAPUA NEW GUINEA,,,-,A,
AYET,BOT,-,BOSSET,BOSSET AIRPORT,-,-,PAPUA NEW GUINEA,,,-,A,
AYFA,FNE,-,FANE,FANE AIRPORT,-,-,PAPUA NEW GUINEA,,,-,A,
AYFI,FIN,-,FINSCHHAFEN,FINSCHHAFEN AIRPORT,-,-,PAPUA NEW GUINEA,,,-,A,
AYGA,GKA,-,GOROKA,GOROKA AIRPORT,-,-,PAPUA NEW GUINEA,,,-,A,
AYGN,GUR,-,ALOTAU,GURNEY AIRPORT,-,-,PAPUA NEW GUINEA,,,-,A,
AYGP,GAP,-,GUSAP,GUSAP AIRPORT,-,-,PAPUA NEW GUINEA,,,-,A,
AYGR,PNP,-,POPONDETTA,GIRUA AIRPORT,POPONDETTA AIRPORT,DOBODURA AIRFIELD COMPLEX,PAPUA NEW GUINEA,LAND AIRPORT,PUBLIC,-,A,
AYGT,GMI,-,GASMATA,GASMATA AIRPORT,-,-,PAPUA NEW GUINEA,,,-,A,
AYHG,HEO,-,HAELOGO,HAELOGO AIRPORT,-,-,PAPUA NEW GUINEA,,,-,A,
AYHK,HKN,-,KIMBE,HOSKINS AIRPORT,KIMBE AIRPORT,-,PAPUA NEW GUINEA,LAND AIRPORT,PUBLIC,-,A,
AYIA,IIS,-,NISSAN ISLAND,NISSAN ISLAND AIRPORT,-,-,PAPUA NEW GUINEA,,,-,A,
AYIH,IHU,-,IHU,IHU AIRPORT,-,-,PAPUA NEW GUINEA,,,-,A,
AYIK,ITK,-,ITOKAMA,ITOKAMA AIRPORT,-,-,PAPUA NEW GUINEA,,,-,A,
AYIQ,KIE,-,KIETA,KIETA AROPA AIRPORT,-,-,PAPUA NEW GUINEA,,,-,A,
AYJB,JAQ,-,JACQUINOT BAY,JACQUINOT BAY AIRPORT,-,-,PAPUA NEW GUINEA,,,-,A,
AYKA,LSA,-,KIRIWINA,LOSUIA AIRPORT,-,KIRIWINA AIRFIELD,PAPUA NEW GUINEA,LAND AIRPORT,PUBLIC,-,A,
AYKC,KDR,-,KANDRIAN,KANDRIAN AIRPORT,-,-,PAPUA NEW GUINEA,,,-,A,
AYKI,UNG,-,KIUNGA,KIUNGA AIRPORT,-,-,PAPUA NEW GUINEA,,,-,A,
AYKK,KRI,-,KIKORI,KIKORI AIRPORT,-,-,PAPUA NEW GUINEA,,,-,A,
AYKM,KMA,-,KEREMA,KEREMA AIRPORT,-,-,PAPUA NEW GUINEA,,,-,A,
AYKO,KKD,-,KOKODA,KOKODA AIRPORT,-,-,PAPUA NEW GUINEA,,,-,A,
AYKQ,KGW,-,KAGI,KAGI AIRPORT,-,-,PAPUA NEW GUINEA,,,-,A,
AYKS,KUY,-,KAMUSI,KAMUSI AIRPORT,-,-,PAPUA NEW GUINEA,,,-,A,
AYKV,KVG,-,KAVIENG,KAVIENG AIRPORT,-,-,PAPUA NEW GUINEA,,,-,A,
AYKY,LNV,-,KUNAYE / LONDOLOVIT,LIHIR ISLAND AIRPORT (KUNAYE / LONDOLOVIT),-,-,PAPUA NEW GUINEA,,,-,A,
AYLM,LMY,-,LAKE MURRAY,LAKE MURRAY AIRPORT,-,-,PAPUA NEW GUINEA,,,-,A,
AYMA,MRM,-,MANARI (MANARE),MANARI AIRPORT,-,-,PAPUA NEW GUINEA,,,-,A,
AYMD,MAG,-,MADANG,MADANG AIRPORT,-,-,PAPUA NEW GUINEA,,,-,A,
AYMH,HGU,-,MOUNT HAGEN,KAGAMUGA INTERNATIONAL AIRPORT,MOUNT HAGEN AIRPORT,-,PAPUA NEW GUINEA,LAND AIRPORT,PUBLIC,-,A,
AYMK,MOK,-,MOK,MOK AIRPORT,-,-,PAPUA NEW GUINEA,,,-,A,
AYMN,MDU,-,MENDI,MENDI AIRPORT,-,-,PAPUA NEW GUINEA,,,-,A,
AYMO,MAS,-,LORENGAU,MOMOTE AIRPORT,-,-,PAPUA NEW GUINEA,,,-,A,
AYMR,MXH,-,MORO,MORO AIRPORT,-,-,PAPUA NEW GUINEA,,,-,A,
AYMS,MIS,-,MISIMA ISLAND,MISIMA AIRPORT,-,-,PAPUA NEW GUINEA,,,-,A,
AYNG,MFO,-,MANGUNA,MANGUNA AIRPORT,-,-,PAPUA NEW GUINEA,,,-,A,
AYNR,NOM,-,NOMAD RIVER,NOMAD RIVER AIRPORT,-,-,PAPUA NEW GUINEA,,,-,A,
AYNX,ATN,-,NAMATANAI,NAMATANAI AIRPORT,-,-,PAPUA NEW GUINEA,,,-,A,
AYNZ,LAE,-,LAE,LAE NADZAB AIRPORT,-,-,PAPUA NEW GUINEA,,,-,A,
AYOB,OBX,-,OBO,OBO AIRPORT,-,-,PAPUA NEW GUINEA,,,-,A,
AYPY,POM,-,PORT MORESBY,PORT MORESBY INTERNATIONAL AIRPORT,JACKSONS INTERNATIONAL AIRPORT,-,PAPUA NEW GUINEA,LAND AIRPORT,PUBLIC,-,A,
AYQQ,ONB,-,ONONGE,ONONGE AIRPORT,-,-,PAPUA NEW GUINEA,,,-,A,
AYRI,KMR,-,KARIMUI-NOMANE DISTRICT,KARIMUI AIRPORT,-,-,PAPUA NEW GUINEA,,,-,A,
AYSD,SDI,-,SAIDOR,SAIDOR AIRPORT,-,-,PAPUA NEW GUINEA,,,-,A,
AYSK,SGK,-,SANGAPI,SANGAPI AIRPORT,-,-,PAPUA NEW GUINEA,,,-,A,
AYSM,-,-,SAMBERIGI,SAMBERIGI AIRPORT,-,-,PAPUA NEW GUINEA,,,-,A,
AYSS,TDS,-,SASEREME,SASEREME AIRPORT,-,-,PAPUA NEW GUINEA,,,-,A,
AYSU,SKC,-,SUKI,SUKI AIRPORT,-,-,PAPUA NEW GUINEA,,,-,A,
AYTA,TIZ,-,TARI,TARI AIRPORT,-,-,PAPUA NEW GUINEA,,,-,A,
AYTB,TBG,-,TABUBIL,TABUBIL AIRPORT,-,-,PAPUA NEW GUINEA,,,-,A,
AYTI,TPI,-,TAPINI,TAPINI AIRPORT,-,-,PAPUA NEW GUINEA,,,-,A,
AYTJ,TAJ,-,TADJI,TADJI AIRPORT,AITAPE AIRPORT,-,PAPUA NEW GUINEA,,,-,A,
AYTK,RAB,-,RABAUL / KOKOPO,RABAUL AIRPORT,TOKUA AIRPORT,-,PAPUA NEW GUINEA,LAND AIRPORT,PUBLIC,-,A,
AYTU,TFI,-,TUFI,TUFI AIRPORT,-,-,PAPUA NEW GUINEA,,,-,A,
AYVL,TLW,-,TALASEA,TALASEA AIRPORT,-,-,PAPUA NEW GUINEA,,,-,A,
AYVN,VAI,-,VANIMO,VANIMO AIRPORT,-,-,PAPUA NEW GUINEA,,,-,A,
AYWB,WAO,-,WABO,WABO AIRPORT,-,-,PAPUA NEW GUINEA,,,-,A,
AYWD,WBM,-,WAPENAMANDA,WAPENAMANDA AIRPORT,-,-,PAPUA NEW GUINEA,,,-,A,
AYWG,AGL,-,WANIGELA,WANIGELA AIRPORT,-,-,PAPUA NEW GUINEA,,,-,A,
AYWK,WWK,-,WEWAK,WEWAK AIRPORT,-,-,PAPUA NEW GUINEA,,,-,A,
AYWT,WTP,-,WOITAPE,WOITAPE AIRPORT,-,-,PAPUA NEW GUINEA,,,-,A,
AYXP,WPM,-,WIPIM,WIPIM AIRPORT,-,-,PAPUA NEW GUINEA,,,-,A,
BGAA,JEG,-,AASIAAT (EGEDESMINDE),AASIAAT AIRPORT,-,-,GREENLAND,,,-,B,
BGAC,-,-,GREENLAND AIR,MARITIME RESCUE COORDINATOR CENTRE,JRCC GREENLAND,-,GREENLAND,ADMINISTRATIVE,DUAL,SEARCH AND RESCUE COORDINATION CENTRE,B,
BGAG,AOQ,-,"AAPPILATTOQ, AVANNAATA",AAPPILATTOQ HELIPORT,-,-,GREENLAND,HELIPORT,,-,B,
BGAK,QCU,-,AKUNNAAQ,AKUNNAAQ HELIPORT,-,-,GREENLAND,HELIPORT,,-,B,
BGAM,AGM,-,TASIILAQ,TASIILAQ HELIPORT (AMMASSALIK HELIPORT),-,-,GREENLAND,HELIPORT,,-,B,
BGAP,LLU,-,ALLUITSUP PAA (SYDPRØVEN),ALLUITSUP PAA HELIPORT,-,-,GREENLAND,HELIPORT,,-,B,
BGAQ,QUV,-,"AAPPILATTOQ, KUJALLEQ",AAPPILATTOQ HELIPORT,-,-,GREENLAND,HELIPORT,,-,B,
BGAS,QUW,-,AMMASSIVIK (SLETTEN),AMMASSIVIK HELIPORT,-,-,GREENLAND,HELIPORT,,-,B,
BGAT,QGQ,-,ATTU,ATTU HELIPORT,-,-,GREENLAND,HELIPORT,,-,B,
BGAU,-,-,AAPPALUTTOQ,AAPPALUTTOQ AERODROME,-,-,GREENLAND,,PRIVATE,-,B,
BGBW,UAK,-,NARSARSUAQ,NARSARSUAQ AIRPORT,MITTARFIK NARSARSUAQ,NARSARSUAQ AIR BASE,GREENLAND,LAND AIRPORT,PUBLIC,-,B,
BGCH,JCH,-,QASIGIANNGUIT (CHRISTIANSHÅB),QASIGIANNGUIT HELIPORT,-,-,GREENLAND,HELIPORT,,-,B,
BGCO,CNP,-,JAMESON LAND,NERLERIT INAAT AIRPORT,CONSTABLE PYNT LUFTHAVN,-,GREENLAND,LAND AIRPORT,PUBLIC,-,B,
BGDB,-,-,DANEBORG,DANEBORG AIRPORT,-,-,GREENLAND,,,-,B,
BGDH,-,-,DANMARKSHAVN,DANMARKSHAVN AERODROME,-,-,GREENLAND,LAND AIRPORT,PRIVATE,-,B,
BGET,QFG,-,EQALUGAARSUIT,EQALUGAARSUIT HELIPORT,-,-,GREENLAND,HELIPORT,,-,B,
BGFD,QFN,-,NARSAQ KUJALLEQ (FREDERIKSDAL),NARSAQ KUJALLEQ HELIPORT,-,-,GREENLAND,HELIPORT,,-,B,
BGGH,GOH,-,NUUK (GODTHÅB),NUUK AIRPORT,-,-,GREENLAND,,,-,B,
BGGL,-,-,NUUK FIR,EN ROUTE AIR TRAFFIC CONTROL CENTER,-,-,GREENLAND,AIR TRAFFIC CONTROL,DUAL,-,B,
BGGN,JGO,-,QEQERTARSUAQ (GODHAVN),QEQERTARSUAQ HELIPORT,-,-,GREENLAND,HELIPORT,,-,B,
BGIA,IKE,-,IKERASAK,IKERASAK HELIPORT,-,-,GREENLAND,HELIPORT,,-,B,
BGIG,QFI,-,IGINNIARFIK,IGINNIARFIK HELIPORT,-,-,GREENLAND,HELIPORT,,-,B,
BGIK,QRY,-,IKERASAARSUK,IKERASAARSUK HELIPORT,-,-,GREENLAND,HELIPORT,,-,B,
BGIL,XIQ,-,ILIMANAQ (CLAUSHAVN),ILIMANAQ HELIPORT,-,-,GREENLAND,HELIPORT,,-,B,
BGIN,IUI,-,INNAARSUIT,INNAARSUIT HELIPORT,-,-,GREENLAND,HELIPORT,,-,B,
BGIO,QFX,-,IGALIKU,IGALIKU HELIPORT,-,-,GREENLAND,HELIPORT,,-,B,
BGIS,IOQ,-,ISERTOQ,ISORTOQ HELIPORT,-,-,GREENLAND,HELIPORT,,-,B,
BGIT,QJI,-,IKAMIUT,IKAMIUT HELIPORT,-,-,GREENLAND,HELIPORT,,-,B,
BGJH,JJU,-,QAQORTOQ (JULIANEHÅB),QAQORTOQ HELIPORT,-,-,GREENLAND,HELIPORT,,-,B,
BGJN,JAV,-,ILULISSAT (JAKOBSHAVN),ILULISSAT AIRPORT,-,-,GREENLAND,,,-,B,
BGKA,QPW,-,KANGAATSIAQ,KANGAATSIAQ HELIPORT,-,-,GREENLAND,HELIPORT,,-,B,
BGKK,KUS,-,KULUSUK,KULUSUK AIRPORT,-,-,GREENLAND,,,-,B,
BGKL,UPK,-,UPERNAVIK KUJALLEQ (SØNDRE UPERNAVIK),UPERNAVIK KUJALLEQ HELIPORT,-,-,GREENLAND,HELIPORT,,-,B,
BGKM,KUZ,-,KUUMMIIT,KUUMMIIT HELIPORT,-,-,GREENLAND,HELIPORT,,-,B,
BGKQ,KHQ,-,KULLORSUAQ,KULLORSUAQ HELIPORT,-,-,GREENLAND,HELIPORT,,-,B,
BGKS,KGQ,-,KANGERSUATSIAQ (PRØVEN),KANGERSUATSIAQ HELIPORT,-,-,GREENLAND,HELIPORT,PUBLIC,-,B,
BGKT,QJE,-,KITSISSUARSUIT (HUNDE EJLANDE),KITSISSUARSUIT HELIPORT,-,-,GREENLAND,HELIPORT,,-,B,
BGMO,-,-,MORIUSAQ,MORIUSAQ HELIPORT,-,-,GREENLAND,HELIPORT,,-,B,
BGMQ,JSU,-,MANIITSOQ (SUKKERTOPPEN),MANIITSOQ AIRPORT,-,-,GREENLAND,,,-,B,
BGMV,-,-,MESTERSVIG,MESTERSVIG AIRPORT,-,-,GREENLAND,,,-,B,
BGNK,QMK,-,NIAQORNAARSUK,NIAQORNAARSUK HELIPORT,-,-,GREENLAND,HELIPORT,,-,B,
BGNN,JNN,-,NANORTALIK,NANORTALIK HELIPORT,-,-,GREENLAND,HELIPORT,,-,B,
BGNO,-,-,STATION NORD,NORD STATION,-,-,GREENLAND,,,-,B,
BGNS,JNS,-,NARSAQ,NARSAQ HELIPORT,-,-,GREENLAND,HELIPORT,,-,B,
BGNT,NIQ,-,NIAQORNAT,NIAQORNAT HELIPORT,-,-,GREENLAND,HELIPORT,,-,B,
BGNU,NSQ,-,NUUSSUAQ (KRAULSHAVN),NUUSSUAQ HELIPORT,-,-,GREENLAND,HELIPORT,,-,B,
BGPC,-,-,IKERASASSUAQ,IKERASASSUAQ,-,-,GREENLAND,LAND AIRPORT,PRIVATE,-,B,
BGPT,JFR,-,PAAMIUT (FREDERIKSHÅB),PAAMIUT AIRPORT,-,-,GREENLAND,,,-,B,
BGQE,PQT,-,QEQERTAQ,QEQERTAQ HELIPORT,-,-,GREENLAND,HELIPORT,,-,B,
BGQK,QFT,-,QASSIARSUK,QASSIARSUK HELIPORT,-,-,GREENLAND,HELIPORT,,-,B,
BGQQ,NAQ,-,QAANAAQ,QAANAAQ AIRPORT,-,-,GREENLAND,,,-,B,
BGQT,QJH,-,QASSIMIUT,QASSIMIUT HELIPORT,-,-,GREENLAND,HELIPORT,,-,B,
BGSC,OBY,-,ITTOQQORTOORMIIT (SCORESBYSUND),ITTOQQORTOORMIIT HELIPORT,-,-,GREENLAND,HELIPORT,,-,B,
BGSF,SFJ,-,KANGERLUSSUAQ (SØNDRE STRØMFJORD),KANGERLUSSUAQ AIRPORT,MITTARFIK KANGERLUSSUAQ,SONDRESTROM AIR BASE,GREENLAND,LAND AIRPORT,PUBLIC,-,B,
BGSG,SGG,-,SERMILIGAAQ,SERMILIGAAQ HELIPORT,-,-,GREENLAND,HELIPORT,,-,B,
BGSI,SRK,-,SIORAPALUK,SIORAPALUK HELIPORT,-,-,GREENLAND,HELIPORT,,-,B,
BGSO,QOQ,-,SAARLOQ,SAARLOQ HELIPORT,-,-,GREENLAND,HELIPORT,,-,B,
BGSQ,QUP,-,SAQQAQ (SOLSIDEN),SAQQAQ HELIPORT,-,-,GREENLAND,HELIPORT,,-,B,
BGSS,JHS,-,SISIMIUT (HOLSTEINSBORG),SISIMIUT AIRPORT,-,-,GREENLAND,,,-,B,
BGST,SAE,-,SAATTUT,SAATTUT HELIPORT,-,-,GREENLAND,HELIPORT,,-,B,
BGSV,SVR,-,SAVISSIVIK,SAVISSIVIK HELIPORT,-,-,GREENLAND,HELIPORT,,-,B,
BGTA,TQA,-,"TASIUSAQ, QAASUITSUP",TASIUSAQ HELIPORT (QAASUITSUP),-,-,GREENLAND,HELIPORT,,-,B,
BGTL,THU,-,PITUFFIK,THULE AIR BASE,-,-,GREENLAND,,,-,B,
BGTN,TQI,-,TIILERILAAQ,TINITEQILAAQ HELIPORT,-,-,GREENLAND,HELIPORT,,-,B,
BGTQ,XEQ,-,"TASIUSAQ, KUJALLEQ",TASIUSAQ HELIPORT (KUJALLEQ),-,-,GREENLAND,HELIPORT,,-,B,
BGUK,JUV,-,UPERNAVIK,UPERNAVIK AIRPORT,-,-,GREENLAND,,,-,B,
BGUM,UMD,-,UUMMANNAQ,UUMMANNAQ HELIPORT,-,-,GREENLAND,HELIPORT,,-,B,
BGUQ,JQA,-,UUMMANNAQ,QAARSUT AIRPORT,UUMMANNAQ AIRPORT,-,GREENLAND,STOLPORT,PUBLIC,-,B,
BGUT,JUK,-,UKKUSISSAT,UKKUSISSAT HELIPORT,-,-,GREENLAND,HELIPORT,,-,B,
BIAR,AEY,-,AKUREYRI,AKUREYRI AIRPORT,AKUREYRARFLUGVÖLLUR,-,ICELAND,,,-,B,
BIBA,-,-,BAKKI,BAKKI AIRPORT,-,-,ICELAND,,,-,B,
BIBD,BIU,-,BILDUDALUR,BILDUDALUR AIRPORT,-,-,ICELAND,,,-,B,
BIBL,BLO,-,BLONDUOS,BLÖNDUÓS AIRPORT,HJALTABAKKI AIRPORT,-,ICELAND,,,-,B,
BIBR,-,-,BÚÐARDALUR,BÚÐARDALUR AIRPORT,-,-,ICELAND,,,-,B,
BICA,-,-,ICELANDIC TRANSPORT AUTHORITY,AFTN ADDRESSING CODE,-,-,ICELAND,ADMINISTRATIVE,,-,B,
BICC,-,-,REYKJAVIC GUFUNES COM CENTRE,AFTN ADDRESSING CODE,-,-,ICELAND,ADMINISTRATIVE,,-,B,
BIDV,DJU,-,DJUPIVOGUR,DJUPIVOGUR AIRPORT,-,-,ICELAND,,,-,B,
BIEG,EGS,-,EGILSSTADIR,EGILSSTADIR AIRPORT,EGILSSTAÐAFLUGVÖLLUR,-,ICELAND,,,-,B,
BIEH,-,-,EINIHOLTSMELAR,EINIHOLTSMELAR AIRPORT,-,-,ICELAND,,,-,B,
BIFL,-,-,FLUDIR,FLÚÐIR AIRPORT,-,-,ICELAND,,,-,B,
BIFM,FAG,-,FAGURHOLMSMYRI,FAGURHOLMSMYRI AIRPORT,-,-,ICELAND,,,-,B,
BIGJ,GJR,-,GJOGUR,GJOGUR AIRPORT,GJÖGURFLUGVÖLLUR,-,ICELAND,,,-,B,
BIGR,GRY,-,GRIMSEY,GRIMSEY AIRPORT,GRÍMSEYJARFLUGVÖLLUR,-,ICELAND,,,-,B,
BIGS,-,-,GRIMSSTADIR,GRIMSSTADIR AIRPORT,-,-,ICELAND,,,-,B,
BIHE,-,-,HERDUBREIDARLINDIR,HERDUBREIDARLINDIR AIRPORT,-,-,ICELAND,,,-,B,
BIHI,-,-,HVERAVELLIR,HVERAVELLIR AIRPORT,-,-,ICELAND,,,-,B,
BIHK,HVK,-,HOLMAVIK,HOLMAVIK AIRPORT,-,-,ICELAND,,,-,B,
BIHL,-,-,HELLA,HELLA AIRPORT,-,-,ICELAND,,,-,B,
BIHN,HFN,-,HOFN HORNAFIRDI,HORNAFJÖRÐUR AIRPORT,-,-,ICELAND,,,-,B,
BIHU,HZK,-,HUSAVIK,HUSAVIK AIRPORT,HÚSAVÍKURFLUGVÖLLUR,-,ICELAND,,,-,B,
BIHZ,-,-,HUSAFELL,HUSAFELL AIRPORT,-,-,ICELAND,,,-,B,
BIIS,IFJ,-,ISAFJORDUR,ISAFJORDUR AIRPORT,ÍSAFJARÐARFLUGVÖLLUR,-,ICELAND,,,-,B,
BIKA,-,-,KALDARMELAR,KALDARMELAR AIRPORT,-,-,ICELAND,,,-,B,
BIKE,-,-,KERLINGARFJOLL,KERLINGARFJOLL AIRPORT,-,-,ICELAND,,,-,B,
BIKF,KEF,-,REYKJAVÍK (KEFLAVÍK),KEFLAVÍK INTERNATIONAL AIRPORT,KEFLAVÍKURFLUGVÖLLUR,NAVAL AIR STATION KEFLAVIK,ICELAND,,,-,B,
BIKP,OPA,-,KOPASKER,KOPASKER AIRPORT,-,-,ICELAND,,,-,B,
BIKR,SAK,-,SAUDARKROKUR,SAUÐÁRKRÓKUR AIRPORT,ALEXANDERSFLUGVÖLLUR,-,ICELAND,,,-,B,
BIMK,-,-,MULAKOT,MULAKOT AIRPORT,-,-,ICELAND,,,-,B,
BIMM,-,-,MELGERDISMELAR,MELGERDISMELAR AIRFIELD,-,-,ICELAND,,,-,B,
BIMS,-,-,TUNGUBAKKAR MOSFELLSBAE,TUNGUBAKKAR AIRFIELD,-,-,ICELAND,,,-,B,
BIND,-,-,NYIDALUR,NYIDALUR AIRFIELD,-,-,ICELAND,,,-,B,
BINF,NOR,-,NORDFJORDUR,NORÐFJÖRÐUR AIRPORT,NORÐFJÖRÐUR NESKAPSTAD AIRPORT,-,ICELAND,,,-,B,
BIRD,-,-,REYKJAVIC FIR/OAC/ACC/FIC,EN ROUTE AIR TRAFFIC CONTROL CENTER,-,-,ICELAND,AIR TRAFFIC CONTROL,DUAL,-,B,
BIRE,RHA,-,REYKHOLAR,REYKHOLAR AIRPORT,-,-,ICELAND,,,-,B,
BIRF,OLI,-,ÓLAFSVÍK,RIF AIRPORT,-,-,ICELAND,,,-,B,
BIRG,RFN,-,RAUFARHOFEN,RAUFARHOFEN AIRPORT,-,-,ICELAND,,,-,B,
BIRK,RKV,-,REYKJAVÍK,REYKJAVÍK AIRPORT,REYKJAVÍKURFLUGVÖLLUR,-,ICELAND,,,-,B,
BIRL,MVA,-,REYKJAHLID,MÝVATN AIRPORT,REYKJAHLÍÐ AIRPORT,-,ICELAND,,,-,B,
BIRS,-,-,REYKJANES,REYKJANES AIRFIELD,-,-,ICELAND,,,-,B,
BISA,-,-,SAUDARFLUGVOLLUR,SAUDARFLUGVOLLUR AIRPORT,-,-,ICELAND,,,-,B,
BISF,-,-,SELFOSS,SELFOSS AIRPORT,-,-,ICELAND,,,-,B,
BISI,SIJ,-,SIGLUFJORDUR,SIGLUFJÖRÐUR AIRPORT,-,-,ICELAND,,,-,B,
BISK,-,-,SKOGASANDUR,SKOGASANDUR AIRPORT,-,-,ICELAND,,,-,B,
BISL,-,-,SKAFTAFELL,SKAFTAFELL AIRPORT,-,-,ICELAND,,,-,B,
BISR,-,-,STORI KROPPUR,STORIKROPPUR AIRSTRIP,-,-,ICELAND,,,-,B,
BISS,-,-,REYKJAVIK,SANDSKEIÐ,-,-,ICELAND,,,-,B,
BIST,SYK,-,STYKKISHOLMUR,STYKKISHÓLMUR AIRPORT,-,-,ICELAND,,,-,B,
BISV,-,-,SKALAVATN,SKALAVATN AIRPORT,-,-,ICELAND,,,-,B,
BITA,-,-,REYKJAVIK POST AND TELAGRAPH ADMINISTRATION,AFTN ADDRESSING CODE,-,-,ICELAND,ADMINISTRATIVE,,-,B,
BITE,TEY,-,ÞINGEYRI,ÞINGEYRI AIRPORT,-,-,ICELAND,,,-,B,
BITM,-,-,ÞÓRSMÖRK ,ÞÓRSMÖRK AIRPORT,-,-,ICELAND,,,-,B,
BITN,THO,-,ÞÓRSHÖFN ,ÞÓRSHÖFN AIRPORT,ÞÓRSHAFNARFLUGVÖLLUR,-,ICELAND,,,-,B,
BIVI,-,-,VIK,VIK AIRFIELD,-,-,ICELAND,,,-,B,
BIVM,VEY,-,VESTMANNAEYJAR,VESTMANNAEYJAR AIRPORT,VESTMANNAEYJAFLUGVÖLLUR,-,ICELAND,,,-,B,
BIVO,VPN,-,VOPNAFJÖRÐUR,VOPNAFJÖRÐUR AIRPORT,VOPNAFJARÐARFLUGVÖLLUR,-,ICELAND,,,-,B,
BKPR,PRN,-,PRISTINA,PRISTINA INTERNATIONAL AIRPORT,-,-,KOSOVO,,,-,B,
CYAL,YAL,-,ALERT BAY,ALERT BAY AIRPORT,-,-,CANADA,,,-,C,
CYKD,LAK,-,AKLAVIK,AKLAVIK / FREDDIE CARMICHAEL AIRPORT,-,-,CANADA,,,-,C,
CYKO,AKV,-,AKULIVIK,AKULIVIK AIRPORT,-,-,CANADA,,,-,C,
CYLT,YLT,-,ALERT,ALERT AIRPORT,-,NORTHERNMOST AIRPORT IN THE WORLD.,CANADA,,,-,C,
CYTF,YTF,-,ALMA,ALMA AIRPORT,-,-,CANADA,,,-,C,
CZML,ZMH,-,108 MILE RANCH,SOUTH CARIBOO REGIONAL AIRPORT,108 MILE RANCH AIRPORT,-,CANADA,,,-,C,
DAAA,-,-,,ALGER (ACC),-,-,ALGERIA,AIR TRAFFIC CONTROL,DUAL,-,D,
DAAB,QLD,-,BLIDA,,,,,,,,D,
DAAD,BUJ,-,BOUSAADA,,,,,,,,D,
DAAE,BJA,-,BEJAIA,SOUMMAM-ABANE RAMDANE AIRPORT,BEJAIA AIRPORT,,ALGERIA,LAND AIRPORT,PUBLIC,-,D,
DAAF,-,-,AOULEF,,,,,,,,D,
DAAG,ALG,-,ALGIERS,HOUARI BOUMEDIENE AIRPORT,-,-,ALGERIA,,,-,D,
DAAH,-,-,HASSI TIRIRINE,,,,,,,,D,
DAAJ,DJG,-,DJANET,TISKA,,,,,,,D,
DAAK,QFD,-,BOUFARIK,,,,,,,,D,
DAAL,ALGER,-,,,,,ALGERIA,,,,D,
DAAT,TMR,-,TAMANRASSET,AGUENAR–HADJ BEY AKHAMOK AIRPORT,-,-,ALGERIA,,,-,D,
DABB,AAE,-,ANNABA,ANNABA RABAH BITAT AIRPORT,EL MELLAH AIRPORT,LES SALINES AIRPORT,ALGERIA,,,-,D,
DAUA,AZR,-,ADRAR,TOUAT-CHEIKH SIDI MOHAMED BELKEBIR AIRPORT,-,-,ALGERIA,,,-,D,
DBBB,COO,-,COTONOU,COTONOU CADJEHOUN AIRPORT,-,-,BENIN,,,-,D,
DFFD,OUA,-,OUAGADOUGOU,THOMAS SANKARA INTERNATIONAL AIRPORT,-,-,BURKINA FASO,,,-,D,
DFOO,BOY,-,BOBO DIOULASSO,BOBO DIOULASSO AIRPORT,-,-,BURKINA FASO,,,-,D,
DGAA,ACC,-,ACCRA,KOTOKA INTERNATIONAL AIRPORT,-,-,GHANA,,,-,D,
DIAO,ABO,-,ABOISSO,ABOISSO AIRPORT,-,-,CÔTE D'IVOIRE,,,-,D,
DIAP,ABJ,-,ABIDJAN,FÉLIX-HOUPHOUËT-BOIGNY INTERNATIONAL AIRPORT,-,-,CÔTE D'IVOIRE,,,-,D,
DIAU,OGO,-,ABENGOUROU,ABENGOUROU AIRPORT,-,-,CÔTE D'IVOIRE,,,-,D,
DNAA,ABV,-,ABUJA,NNAMDI AZIKIWE INTERNATIONAL AIRPORT,-,-,NIGERIA,,,-,D,
DNAK,AKR,-,AKURE,AKURE AIRPORT,-,-,NIGERIA,,,-,D,
DNKA,KAD,-,KADUNA,KADUNA AIRPORT,-,-,NIGERIA,,,-,D,
DNKN,KAN,-,KANO,MALLAM AMINU KANO INTERNATIONAL AIRPORT,-,-,NIGERIA,,,-,D,
DNMM,LOS,-,LAGOS,MURTALA MUHAMMED INTERNATIONAL AIRPORT,-,-,NIGERIA,,,-,D,
DNPO,PHC,-,PORT HARCOURT,PORT HARCOURT INTERNATIONAL AIRPORT,-,-,NIGERIA,,,-,D,
DNSO,SKO,-,SOKOTO,SADIQ ABUBAKAR III INTERNATIONAL AIRPORT,-,-,NIGERIA,,,-,D,
DRRN,NIM,-,NIAMEY,DIORI HAMANI INTERNATIONAL AIRPORT,-,-,NIGER,,,-,D,
DRZA,AJY,-,AGADEZ,MANU DAYAK INTERNATIONAL AIRPORT,-,-,NIGER,,,-,D,
DTTA,TUN,-,TUNIS,TUNIS-CARTHAGE INTERNATIONAL AIRPORT,-,-,TUNISIA,,,-,D,
DTTJ,DJE,-,DJERBA,DJERBA-ZARZIS INTERNATIONAL AIRPORT,-,-,TUNISIA,,,-,D,
DXXX,LFW,-,LOMÉ,LOMÉ-TOKOIN INTERNATIONAL AIRPORT,-,-,TOGO,,,-,D,
EBAK,-,-,KIEL,KIEL HELIPORT,-,-,BELGIUM,HELIPORT,,-,E,
EBAL,-,-,AALST,AALST HOSPITAL HELIPORT,-,-,BELGIUM,HELIPORT,PRIVATE,-,E,
EBAM,-,-,AMOUGIES,AMOUGIES AIRFIELD,-,-,BELGIUM,,,-,E,
EBAR,-,-,ARLON,ARLON-STERPENICH AERODROME,-,-,BELGIUM,,,-,E,
EBAS,-,-,SCHILDE,SCHILDE/'S-GRAVENWEZEL HELIPORT,-,-,BELGIUM,HELIPORT,,-,E,
EBAV,-,-,HANNUT,AVERNAS-LE-BAUDUIN AIRPORT,-,-,BELGIUM,,,-,E,
EBAW,ANR,-,ANTWERP,ANTWERP INTERNATIONAL AIRPORT,-,-,BELGIUM,,,-,E,
EBBA,-,-,DOUVRAIN,BAUDOUR HELIPORT,-,-,BELGIUM,HELIPORT,,-,E,
EBBC,-,-,BRECHT,BRECHT/LUYCKX HELIPORT,-,-,BELGIUM,HELIPORT,PUBLIC,-,E,
EBBE,-,-,BEAUVECHAIN,BEAUVECHAIN AIR BASE,-,-,BELGIUM,,,-,E,
EBBH,-,-,BRECHT,BRECHT/KEYSERS HELIPORT,-,-,BELGIUM,HELIPORT,PUBLIC,-,E,
EBBL,-,-,KLEINE BROGEL,KLEINE BROGEL AIR BASE,-,-,BELGIUM,,,-,E,
EBBM,-,-,MICHELBEKE,BRAKEL/MICHELBEKE HELIPORT,-,-,BELGIUM,HELIPORT,PUBLIC,-,E,
EBBN,-,-,BÜLLINGEN,BÜLLINGEN AIRFIELD,-,-,BELGIUM,,,-,E,
EBBR,BRU,-,BRUSSELS / ZAVENTEM,BRUSSELS AIRPORT,-,-,BELGIUM,,,-,E,
EBBT,-,-,BRASSCHAAT,BRASSCHAAT AIRFIELD,-,-,BELGIUM,,,-,E,
EBBV,-,-,BRECHT,BRECHT/VOCHTEN HELIPORT,-,-,BELGIUM,HELIPORT,PUBLIC,-,E,
EBBX,-,-,BERTRIX,JEHONVILLE AIR BASE,-,-,BELGIUM,,,-,E,
EBBY,-,-,GENAPPE,GENAPPE AIRPORT,-,-,BELGIUM,,,-,E,
EBBZ,-,-,PONT-À-CELLES,PONT-À-CELLES AIRPORT,-,-,BELGIUM,,,-,E,
EBCF,-,-,CERFONTAINE,CERFONTAINE AIRPORT,-,-,BELGIUM,,,-,E,
EBCH,-,-,LES BRUYÈRES,SHAPE PAD HELIPORT,-,-,BELGIUM,HELIPORT,,-,E,
EBCI,CRL,-,CHARLEROI,BRUSSELS SOUTH CHARLEROI AIRPORT,-,-,BELGIUM,,,-,E,
EBCV,-,-,CHIÈVRES,CHIÈVRES AIR BASE,-,-,BELGIUM,,,-,E,
EBDI,-,-,DIKSMUIDE,DIKSMUIDE HELIPORT,-,-,BELGIUM,HELIPORT,,-,E,
EBDL,-,-,DILSEN-STOKKEM,DILSEN-STOKKEM/LANKLAAR HELIPORT,-,-,BELGIUM,HELIPORT,,-,E,
EBDR,-,-,CDT.FOURCAULT (SHIP),COMMANDANT FOURCAULT HELIDECK,-,-,BELGIUM,HELIPORT,,-,E,
EBDT,-,-,SCHAFFEN,SCHAFFEN AIR BASE,-,-,BELGIUM,,,-,E,
EBEB,-,-,EVERGEM,EVERGEM/BELZELE HELIPORT,-,-,BELGIUM,HELIPORT,,-,E,
EBEN,-,-,RANST,RANST/ENGLES HELIPORT,-,-,BELGIUM,HELIPORT,,-,E,
EBEU,-,-,EDEGEM,UNIVERSITAIR ZIEKENHUIS ANTWERPEN HOSPITAL HELIPORT,-,-,BELGIUM,HELIPORT,PRIVATE,-,E,
EBFN,-,-,KOKSIJDE,KOKSIJDE AIR BASE,-,-,BELGIUM,,,-,E,
EBFR,-,-,FRANCORCHAMPS,FRANCORCHAMPS HELIPORT,-,-,BELGIUM,HELIPORT,,-,E,
EBFS,-,-,FLORENNES,FLORENNES AIR BASE,-,-,BELGIUM,,,-,E,
EBGA,-,-,LEUVEN,UZ LEUVEN HOSPITAL HELIPORT,-,-,BELGIUM,HELIPORT,PRIVATE,-,E,
EBGB,-,-,GRIMBERGEN,GRIMBERGEN AIRFIELD,-,-,BELGIUM,,,-,E,
EBGE,-,-,LOVERVAL,GRAND HÔPITAL DE CHARLEROIHELIPORT,GHDC ASBL,-,BELGIUM,HELIPORT,PRIVATE,-,E,
EBGG,-,-,GERAARDSBERGEN / OVERBOELARE,OVERBOELARE AIRFIELD,-,-,BELGIUM,,,-,E,
EBGT,-,-,GHENT,GHENT/INDUSTRY ZONE HELIPORT,-,-,BELGIUM,HELIPORT,,-,E,
EBHA,-,-,HAM,HAM HELIPORT,-,-,BELGIUM,HELIPORT,,-,E,
EBHL,-,-,HALEN,HALEN HELIPORT,-,-,BELGIUM,HELIPORT,,-,E,
EBHM,-,-,HASSELT,HASSELT/MAASLAND HELIPORT,-,-,BELGIUM,HELIPORT,,-,E,
EBHN,-,-,HOEVENEN,HOEVENEN AIRFIELD,-,-,BELGIUM,,,-,E,
EBHO,-,-,HOLSBEEK,HOLSBEEK HELIPORT,-,-,BELGIUM,HELIPORT,,-,E,
EBHT,-,-,HOUTHALEN-HELCHTEREN,HOUTHALEN HELIPORT,-,-,BELGIUM,HELIPORT,,-,E,
EBIS,-,-,ATH,ATH/ISIERES AIRPORT,-,-,BELGIUM,,,-,E,
EBKH,-,-,BALEN,BALEN-KEIHEUVEL AERODROME,-,-,BELGIUM,,,-,E,
EBKR,-,-,KRUISHOUTEM,KRUISHOUTEM/SONS HELIPORT,-,-,BELGIUM,HELIPORT,,-,E,
EBKT,KJK,-,KORTRIJK / WEVELGEM,FLANDERS INTERNATIONAL AIRPORT,-,-,BELGIUM,,,-,E,
EBKU,-,-,KUURNE,KUURNE HELIPORT,-,-,BELGIUM,HELIPORT,,-,E,
EBKW,-,-,KNOKKE-HEIST,KNOKKE-HEIST/WESTKAPELLE HELIPORT,-,-,BELGIUM,HELIPORT,,-,E,
EBLB,-,-,ELSENBORN,ELSENBORN-BUTGENBACH AIR BASE,-,-,BELGIUM,,,-,E,
EBLC,-,-,LIÈGE,CHR DE LA CITADELLE HOSPITAL HELIPORT,-,-,BELGIUM,HELIPORT,PRIVATE,-,E,
EBLE,-,-,LEOPOLDSBURG / BEVERLO,BEVERLO AIR BASE,-,-,BELGIUM,,,-,E,
EBLG,LGG,-,LIÈGE,LIÈGE AIRPORT,-,-,BELGIUM,,,-,E,
EBLM,-,-,MEULEBEKE,MEULEBEKE HELIPORT,-,-,BELGIUM,HELIPORT,,-,E,
EBLN,-,-,ÉGHEZÉE,LIERNU AIRPORT,-,-,BELGIUM,,,-,E,
EBLR,-,-,RENINGE,RENINGE HELIPORT,-,-,BELGIUM,HELIPORT,,-,E,
EBLS,-,-,LIÈGE,CENTRE HOSPITALIER HELIPORT,-,-,BELGIUM,HELIPORT,PRIVATE,-,E,
EBLT,-,-,LINT,LINT HELIPORT,-,-,BELGIUM,HELIPORT,,-,E,
EBLU,-,-,LUMMEN,LUMMEN HELIPORT,-,-,BELGIUM,HELIPORT,,-,E,
EBLY,-,-,RANST,RANST/LYMAR HELIPORT,-,-,BELGIUM,HELIPORT,,-,E,
EBLZ,-,-,LOCHRISTI,ZAFFELARE HELIPORT,-,-,BELGIUM,HELIPORT,,-,E,
EBMB,-,-,STEENOKKERZEEL,MELSBROEK AIR BASE,-,-,BELGIUM,,,-,E,
EBMD,-,-,MIDDELHEIM HOSPITAL,MIDDELHEIM HOSPITAL HELIPORT,-,-,BELGIUM,HELIPORT,PRIVATE,-,E,
EBME,-,-,MEERBEEK,MEERBEEK HELIPORT,-,-,BELGIUM,HELIPORT,PUBLIC,-,E,
EBMG,-,-,DOISCHE,DOISCHE AIRPORT,-,-,BELGIUM,,,-,E,
EBML,-,-,ASSESSE,MAILLEN ULM FIELD,-,-,BELGIUM,,,-,E,
EBMO,-,-,MOORSELE,MOORSELE AIRFIELD,-,-,BELGIUM,,,-,E,
EBMS,-,-,LIERNEUX,CENTRE MÉDICAL HÉLIPORTÉ ASBL (CMH) HELIPORT,-,-,BELGIUM,HELIPORT,PRIVATE,-,E,
EBMT,-,-,MONTIGNY-LE-TILLEUL,CENTRE HOSPITALIER UNIVERSITAIRE A. VÉSALE HELIPORT,-,-,BELGIUM,HELIPORT,PRIVATE,-,E,
EBMW,-,-,MEISE,MEISE/WOLVERTEM HELIPORT,-,-,BELGIUM,HELIPORT,PUBLIC,-,E,
EBNB,-,-,NAMUR,CLINIQUE SAINT-LUC BOUGE HELIPORT,-,-,BELGIUM,HELIPORT,,-,E,
EBNE,-,-,NEERPELT,NEERPELT AIRPORT,-,-,BELGIUM,,,-,E,
EBNH,-,-,OSTEND,OOSTENDE HELIPORT,-,-,BELGIUM,HELIPORT,PUBLIC,-,E,
EBNK,-,-,NOKERE,NOKERE/SUYS HELIPORT,-,-,BELGIUM,HELIPORT,,-,E,
EBNM,-,-,NAMUR,NAMUR-SUARLEE AIRPORT,-,-,BELGIUM,,,-,E,
EBNP,-,-,NEERPELT,NEERPELT/TILBURGS HELIPORT,-,-,BELGIUM,HELIPORT,,-,E,
EBOB,-,-,OUD-HEVERLEE,OUD-HEVERLEE/BLANDEN HELIPORT,-,-,BELGIUM,HELIPORT,PUBLIC,-,E,
EBOO,-,-,OOSTDIJCKBANK,OOSTDIJCKBANK HELIPORT,-,-,BELGIUM,HELIPORT,PUBLIC,-,E,
EBOR,-,-,VRESSE-SUR-SEMOIS,ORCHIMONT AIRPORT,-,-,BELGIUM,,,-,E,
EBOS,OST,-,BRUGES / OSTEND,OSTEND–BRUGES INTERNATIONAL AIRPORT,-,-,BELGIUM,,,-,E,
EBPW,-,-,PECQ,PECQ/WARCOING HELIPORT,-,-,BELGIUM,HELIPORT,,-,E,
EBRO,-,-,RANST,RANST/VAN DEN BOSCH HELIPORT,-,-,BELGIUM,HELIPORT,,-,E,
EBRR,-,-,RUMBEKE,ROESELARE/RUMBEKE HELIPORT,-,-,BELGIUM,HELIPORT,,-,E,
EBSG,-,-,SAINT-GHISLAIN,SAINT-GHISLAIN AIRPORT,-,-,BELGIUM,,,-,E,
EBSH,-,-,SAINT-HUBERT,SAINT-HUBERT AIRPORT,-,-,BELGIUM,,,-,E,
EBSJ,-,-,BRUGES,AZ SINT-JAN HELIPORT,-,-,BELGIUM,HELIPORT,,-,E,
EBSL,-,-,ZUTENDAAL,ZUTENDAAL AIR BASE,-,-,BELGIUM,,,-,E,
EBSP,-,-,SPA,SPA-LA SAUVENIÈRE AIRPORT,-,-,BELGIUM,,,-,E,
EBSS,-,-,BRUGES,SINT-LUCAS HOSPITAL HELIPORT,-,-,BELGIUM,HELIPORT,PRIVATE,-,E,
EBST,-,-,BRUSTEM / SINT-TRUIDEN,BRUSTEM AIRPORT,-,-,BELGIUM,,,-,E,
EBSU,-,-,SAINT-HUBERT,SAINT-HUBERT AIR BASE,-,-,BELGIUM,,,-,E,
EBSW,-,-,SINT-PIETERS-LEEUW,SINT-PIETERS-LEEUW HELIPORT,-,-,BELGIUM,HELIPORT,,-,E,
EBTK,-,-,KASTERLEE,TIELEN/KASTERLEE HELIPORT,-,-,BELGIUM,HELIPORT,,-,E,
EBTN,-,-,GOETSENHOVEN,GOETSENHOVEN MILITARY AIRFIELD,-,-,BELGIUM,,,-,E,
EBTX,-,-,THEUX,VERVIERS-THEUX AIRFIELD,-,-,BELGIUM,,,-,E,
EBTY,-,-,TOURNAI,MAUBRAY AIRPORT,-,-,BELGIUM,,,-,E,
EBUB,-,-,ANDERLECHT,ERASMUS HOSPITAL HELIPORT,-,-,BELGIUM,HELIPORT,PRIVATE,-,E,
EBUC,-,-,WOLUWE-SAINT-LAMBERT,CLINIQUES UNIVERSITAIRES SAINT-LUC HOSPITAL HELIPORT,-,-,BELGIUM,HELIPORT,PRIVATE,-,E,
EBUL,-,-,URSEL,URSEL AIR BASE,-,-,BELGIUM,,,-,E,
EBVE,-,-,VEURNE,OEREN HELIPORT,-,-,BELGIUM,HELIPORT,,-,E,
EBVS,-,-,VEURNE,VEURNE/SINT-AUGUSTINUS HELIPORT,-,-,BELGIUM,HELIPORT,,-,E,
EBVU,-,-,ROTSELAAR,ROTSELAAR HELIPORT,-,-,BELGIUM,HELIPORT,,-,E,
EBWA,-,-,WAASMUNSTER,WAASMUNSTER HELIPORT,-,-,BELGIUM,HELIPORT,,-,E,
EBWE,-,-,WEELDE,WEELDE AIR BASE,-,-,BELGIUM,,,-,E,
EBWI,-,-,WINGENE,WINGENE HELIPORT,-,-,BELGIUM,HELIPORT,,-,E,
EBWZ,-,-,WINGENE,WINGENE/ZWEVEZELE HELIPORT,-,-,BELGIUM,HELIPORT,,-,E,
EBYP,-,-,YPRES,REGIONAAL ZIEKENHUIS JAN YPERMAN VZW HOSPITAL HELIPORT,-,-,BELGIUM,HELIPORT,PRIVATE,-,E,
EBZH,-,-,KIEWIT,KIEWIT AIRFIELD,-,-,BELGIUM,,,-,E,
EBZI,-,-,ZINGEM,ZINGEM HELIPORT,-,-,BELGIUM,HELIPORT,,-,E,
EBZM,-,-,ZOMERGEM,ZOMERGEM HELIPORT,-,-,BELGIUM,HELIPORT,,-,E,
EBZO,-,-,ZANDVOORDE,ZONNEBEKE/ZANDVOORDE HELIPORT,-,-,BELGIUM,HELIPORT,,-,E,
EBZR,OBL,-,ZOERSEL / OOSTMALLE,OOSTMALLE AIRFIELD,-,-,BELGIUM,,,-,E,
EBZU,-,-,ZUIENKERKE,ZUIENKERKE AIRFIELD,-,-,BELGIUM,,,-,E,
EBZW,-,-,GENK,ZWARTBERG AIRFIELD,-,-,BELGIUM,,,-,E,
EDAC,AOC,-,ALTENBURG,LEIPZIG-ALTENBURG AIRPORT,-,ALTENBURG-NOBITZ AIRPORT,GERMANY,,,-,E,
EDBO,-,-,-,OBERPFAFFENHOFEN AIRPORT,-,-,GERMANY,,,-,E,
EDDB,-,-,-,BERLIN BRANDENBURG AIRPORT,-,-,GERMANY,,,-,E,
EDDC,-,-,-,DRESDEN AIRPORT,-,-,GERMANY,,,-,E,
EDDF,-,-,-,FRANKFURT AIRPORT,-,-,GERMANY,,,-,E,
EDDG,-,-,-,MÜNSTER OSNABRÜCK INTERNATIONAL AIRPORT,-,-,GERMANY,,,-,E,
EDDH,-,-,-,HAMBURG AIRPORT,-,-,GERMANY,,,-,E,
EDDK,-,-,-,COLOGNE BONN AIRPORT,-,-,GERMANY,,,-,E,
EDDL,-,-,-,DÜSSELDORF AIRPORT,-,-,GERMANY,,,-,E,
EDDM,-,-,-,MUNICH AIRPORT,-,-,GERMANY,,,-,E,
EDDN,-,-,-,NUREMBERG AIRPORT,-,-,GERMANY,,,-,E,
EDDP,-,-,-,LEIPZIG/HALLE AIRPORT,-,-,GERMANY,,,-,E,
EDDR,-,-,-,SAARBRÜCKEN AIRPORT,-,-,GERMANY,,,-,E,
EDDS,-,-,-,STUTTGART AIRPORT,-,-,GERMANY,,,-,E,
EDDT,-,-,-,BERLIN TEGEL AIRPORT,-,-,GERMANY,,,-,E,
EDDV,-,-,-,HANNOVER AIRPORT,-,-,GERMANY,,,-,E,
EDDW,-,-,-,BREMEN AIRPORT,-,-,GERMANY,,,-,E,
EDFH,-,-,-,FRANKFURT-HAHN AIRPORT,-,-,GERMANY,,,-,E,
EDFM,-,-,-,MANNHEIM CITY AIRPORT,-,-,GERMANY,,,-,E,
EDKA,AAH,-,AACHEN,AACHEN MERZBRUCK AIRFIELD,-,-,GERMANY,,,-,E,
EDLN,-,-,-,DÜSSELDORF MÖNCHENGLADBACH AIRPORT,-,-,GERMANY,,,-,E,
EDLP,-,-,-,PADERBORN LIPPSTADT AIRPORT,-,-,GERMANY,,,-,E,
EDRZ,-,-,-,ZWEIBRÜCKEN AIRPORT,-,-,GERMANY,,,-,E,
EDSB,-,-,-,KARLSRUHE/BADEN-BADEN AIRPORT,-,-,GERMANY,,,-,E,
EDVK,-,-,-,KASSEL AIRPORT,-,-,GERMANY,,,-,E,
EDWE,-,-,-,EMDEN AIRPORT,-,-,GERMANY,,,-,E,
EDXH,-,-,-,HELIGOLAND AIRPORT,-,-,GERMANY,HELIPORT,,-,E,
EDXW,-,-,-,SYLT AIRPORT,-,-,GERMANY,,,-,E,
EECL,-,-,-,TALLINN/CITY HALL HELIPORT,-,-,ESTONIA,HELIPORT,,-,E,
EETN,-,-,-,TALLINN AIRPORT,-,-,ESTONIA,,,-,E,
EFHF,-,-,-,HELSINKI-MALMI AIRPORT,-,-,FINLAND,,,-,E,
EFHK,-,-,-,HELSINKI-VANTAA AIRPORT,-,-,FINLAND,,,-,E,
EFHV,-,-,-,HYVINKÄÄ AIRFIELD,-,-,FINLAND,,,-,E,
EFJY,-,-,-,JYVÄSKYLÄ AIRPORT,-,-,FINLAND,,,-,E,
EFTU,-,-,-,TURKU AIRPORT,-,-,FINLAND,,,-,E,
EGAA,BFS,-,BELFAST,BELFAST INTERNATIONAL AIRPORT,ALDERGROVE AIRPORT,RAF ALDERGROVE,UNITED KINGDOM,AIRPORT,PUBLIC,-,E,
EGAB,ENK,-,ENNISKILLEN,ENNISKILLEN AIRPORT,ENNISKILLEN/ST ANGELO AIRPORT,ST ANGELO BARRACKS,UNITED KINGDOM,AIRPORT,PUBLIC,-,E,
EGAC,BHD,-,BELFAST,GEORGE BEST BELFAST CITY AIRPORT,BELFAST CITY AIRPORT,SYDENHAM AIRPORT,UNITED KINGDOM,AIRPORT,PUBLIC,-,E,
EGAD,-,EGG55,NEWTOWNARDS,NEWTOWNARDS AIRPORT,NEWTOWARDS AERODROME,RAF NEWTOWNARDS,UNITED KINGDOM,AIRPORT,PUBLIC,NO. 1 AIDU CODE,E,
EGAE,LDY,-,DERRY,CITY OF DERRY AIRPORT,LONDONDERRY EGLINTON AIRPORT,RAF EGLINTON,UNITED KINGDOM,AIRPORT,PUBLIC,-,E,
EGBB,BHX,-,BIRMINGHAM,BIRMINGHAM AIRPORT,BIRMINGHAM INTERNATIONAL AIRPORT,ELMDON AIRPORT,UNITED KINGDOM,AIRPORT,PUBLIC,-,E,
EGBC,-,-,CHELTENHAM,CHELTENHAM RACECOURSE HELIPORT,CHELTENHAM RACECOURSE,-,UNITED KINGDOM,HELIPORT,PUBLIC,-,E,
EGBD,-,EGC64,DERBY,DERBY AIRFIELD,DERBY AERODROME,-,UNITED KINGDOM,AIRFIELD,PRIVATE,NO. 1 AIDU CODE,E,
EGBE,CVT,-,COVENTRY,COVENTRY AIRPORT,-,BAGINTON AERODROME,UNITED KINGDOM,AIRPORT,PUBLIC,-,E,
EGBF,-,-,BEDFORD,BEDFORD AERODROME,BEDFORD AUTODROME,RAE BEDFORD,UNITED KINGDOM,AIRPORT,PRIVATE,-,E,
EGBG,LRC,-,LEICESTER,LEICESTER AIRPORT,-,STOUGHTON AERODROME,UNITED KINGDOM,AIRFIELD,PRIVATE,-,E,
EGBJ,GLO,-,GLOUCESTER,GLOUCESTERSHIRE AIRPORT,GLOUCESTER AIRPORT,STAVERTON AIRPORT,UNITED KINGDOM,AIRPORT,PUBLIC,-,E,
EGBK,ORM,-,SYWELL,SYWELL AERODROME,NORTHAMPTON/SYWELL AERODROME,RAF SYWELL,UNITED KINGDOM,AIRFIELD,PRIVATE,-,E,
EGBM,-,-,TATENHILL,TATENHILL AIRFIELD,-,RAF TATENHILL,UNITED KINGDOM,AIRFIELD,PRIVATE,-,E,
EGBN,NQT,-,NOTTINGHAM,NOTTINGHAM CITY AIRPORT,NOTTINGHAM AIRPORT,RAF TOLLERTON,UNITED KINGDOM,AIRPORT,PRIVATE,-,E,
EGBO,-,-,WOLVERHAMPTON,WOLVERHAMPTON HALFPENNY GREEN AIRPORT,HALFPENNY GREEN AIRPORT,RAF BOBBINGTON,UNITED KINGDOM,AIRPORT,PUBLIC,-,E,
EGBP,GBA,-,KEMBLE,COTSWOLD AIRPORT,KEMBLE AIRFIELD,RAF KEMBLE,UNITED KINGDOM,AIRFIELD,PRIVATE,-,E,
EGBR,-,-,BREIGHTON,BREIGHTON AERODROME,-,RAF BREIGHTON,UNITED KINGDOM,AIRFIELD,PRIVATE,-,E,
EGBS,-,-,LEOMINSTER,SHOBDON AERODROME,-,RAF SHOBDON,UNITED KINGDOM,AIRFIELD,PRIVATE,-,E,
EGBT,-,EGJ24,BRACKLEY,TURWESTON AERODROME,TURWESTON FLIGHT CENTRE,RAF TURWESTON,UNITED KINGDOM,AIRFIELD,PRIVATE,NO. 1 AIDU CODE,E,
EGBV,-,-,SILVERSTONE,SILVERSTONE HELIPORT,SILVERSTONE CIRCUIT,RAF SILVERSTONE,UNITED KINGDOM,HELIPORT,PRIVATE,-,E,
EGBW,-,-,WELLESBOURNE,WELLESBOURNE MOUNTFORD AERODROME,WELLESBOURNE AIRFIELD,RAF WELLESBOURNE MOUNTFORD,UNITED KINGDOM,AIRFIELD,PRIVATE,-,E,
EGCA,-,-,APPERKNOWLE,COAL ASTON AIRFIELD,APPERKNOWLE AIRSTRIP,-,UNITED KINGDOM,AIRFIELD,PRIVATE,-,E,
EGCB,-,EGF98,MANCHESTER,MANCHESTER BARTON AERODROME,CITY AIRPORT,BARTON AERODROME,UNITED KINGDOM,AIRFIELD,PUBLIC,NO. 1 AIDU CODE,E,
EGCC,MAN,-,MANCHESTER,MANCHESTER AIRPORT,MANCHESTER RINGWAY AIRPORT,RAF RINGWAY,UNITED KINGDOM,AIRPORT,PUBLIC,-,E,
EGCF,-,-,SCUNTHORPE,SANDTOFT AIRFIELD,SANDTOFT AERODROME,RAF SANDTOFT,UNITED KINGDOM,AIRFIELD,PRIVATE,-,E,
EGCG,-,-,STRUBBY,STRUBBY NORTH AIRFIELD,STRUBBY AIRFIELD,RAF STRUBBY,UNITED KINGDOM,AIRFIELD,PRIVATE,-,E,
EGCJ,-,EGI13,SHERBURN-IN-ELMET,SHERBURN-IN-ELMET AIRFIELD,SHERBURN AIRFIELD,-,UNITED KINGDOM,AIRFIELD,PUBLIC,NO. 1 AIDU CODE,E,
EGCK,-,-,CAERNARFON,CAERNARFON AIRPORT,MAES AWYR CAERNARFON,RAF LLANDWROG,UNITED KINGDOM,AIRFIELD,PUBLIC,-,E,
EGCL,-,EGD34,SPALDING,FENLAND AIRFIELD,FENLAND AERODROME,-,UNITED KINGDOM,AIRFIELD,PUBLIC,NO. 1 AIDU CODE,E,
EGCM,-,-,CHURCH FENTON,LEEDS EAST AIRPORT,-,RAF CHURCH FENTON,UNITED KINGDOM,AIRFIELD,PRIVATE,-,E,
EGCN,DSA,-,DONCASTER,DONCASTER SHEFFIELD AIRPORT,ROBIN HOOD AIRPORT,RAF FINNINGLEY,UNITED KINGDOM,AIRPORT,PUBLIC,-,E,
EGCO,-,-,SOUTHPORT,SOUTHPORT (BIRKDALE SANDS) LANDING GROUND,SOUTHPORT / BIRKDALE SANDS II,BIRKDALE SANDS AERODROME,UNITED KINGDOM,BEACH STRIP,PUBLIC,-,E,
EGCR,-,-,WINSFORD,ASHCROFT AIRFIELD,BRYAN'S LANDING,-,UNITED KINGDOM,AIRSTRIP,PRIVATE,,E,
EGCS,-,EGI81,STURGATE,STURGATE AIRFIELD,-,RAF STURGATE,UNITED KINGDOM,AIRFIELD,PRIVATE,NO. 1 AIDU CODE,E,
EGCV,-,EGI32,SHREWSBURY,SLEAP AIRFIELD,SHROPSHIRE AERO CLUB,RAF SLEAP,UNITED KINGDOM,AIRFIELD,PRIVATE,NO. 1 AIDU CODE,E,
EGCW,-,-,WELSHPOOL,MID-WALES AIRPORT,WELSHPOOL AIRPORT,-,UNITED KINGDOM,AIRFIELD,PUBLIC,-,E,
EGDC,-,-,BRAUNTON,RMB CHIVENOR,-,RAF CHIVENOR,UNITED KINGDOM,AIRFIELD,MILITARY,-,E,
EGDD,-,-,BICESTER,BICESTER AIRFIELD,BICESTER AERODROME,RAF BICESTER,UNITED KINGDOM,AIRFIELD,PRIVATE,-,E,
EGDI,-,-,ILMINSTER,RNAS MERRYFIELD,-,-,UNITED KINGDOM,AIRFIELD,MILITARY,-,E,
EGDJ,UPV,EGJ29,UPAVON,TRENCHARD LINES,-,RAF UPAVON,UNITED KINGDOM,AIRFIELD,MILITARY,NO. 1 AIDU CODE,E,
EGDL,LYE,-,LYNEHAM,MOD LYNEHAM,-,RAF LYNEHAM,UNITED KINGDOM,AIRFIELD,MILITARY,-,E,
EGDM,-,-,AMESBURY,MOD BOSCOMBE DOWN,-,RAF BOSCOMBE DOWN,UNITED KINGDOM,AIRPORT,MILITARY,-,E,
EGDN,-,-,NETHERAVON,NETHERAVON AIRFIELD,-,AAC NETHERAVON,UNITED KINGDOM,AIRSTRIP,MILITARY,-,E,
EGDO,-,-,MULLION,RNAS PREDANNACK,PREDANNACK AIRFIELD,RAF PREDANNACK,UNITED KINGDOM,AIRFIELD,MILITARY,-,E,
EGDP,-,-,PORTLAND HARBOUR,PORTLAND HELIPORT,-,RNAS PORTLAND,UNITED KINGDOM,HELIPORT,PUBLIC,-,E,
EGDR,-,-,HELSTON,RNAS CULDROSE,HMS SEAHAWK,-,UNITED KINGDOM,AIRPORT,MILITARY,-,E,
EGDS,-,-,BULFORD,BULFORD AIRSTRIP,SALISBURY PLAIN AERODROME,-,UNITED KINGDOM,AIRSTRIP,PRIVATE,-,E,
EGDT,-,-,WROUGHTON,SCIENCE AND INNOVATION PARK,NATIONAL COLLECTIONS CENTRE,RAF WROUGHTON,UNITED KINGDOM,AIRSTRIP,PRIVATE,-,E,
EGDV,-,-,HULLAVINGTON,HULLAVINGTON AIRPORT,-,RAF HULLAVINGTON,UNITED KINGDOM,AIRSTRIP,PRIVATE,-,E,
EGDY,YEO,-,YEOVIL,RNAS YEOVILTON,-,-,UNITED KINGDOM,AIRPORT,MILITARY,-,E,
EGEC,CAL,-,CAMPBELTOWN,CAMPBELTOWN AIRPORT,PORT-ADHAIR CHEANN LOCH CHILLE CHIRAIN,RAF MACHRIHANISH,UNITED KINGDOM,AIRPORT,PUBLIC,-,E,
EGED,EOI,EGD02,EDAY,EDAY AIRPORT,EDAY LONDON AIRPORT,-,UNITED KINGDOM,AIRPORT,PUBLIC,NO. 1 AIDU CODE,E,
EGEF,FIE,EGD23,FAIR ISLE,FAIR ISLE AIRPORT,FAIR ISLE AERODROME,-,UNITED KINGDOM,AIRSTRIP,PRIVATE,NO. 1 AIDU CODE,E,
EGEH,WHS,-,WHALSAY,WHALSAY AIRSTRIP,-,-,UNITED KINGDOM,AIRSTRIP,PUBLIC,-,E,
EGEI,SKL,-,ASHAIG,ISLE OF SKYE (BROADFORD) AIRFIELD,ASHAIG AIRSTRIP,-,UNITED KINGDOM,AIRFIELD,PUBLIC,NO. 1 AIDU CODE,E,
EGEL,COL,-,COLL,COLL AIRPORT,COLL ISLAND AIRPORT,-,UNITED KINGDOM,AIRFIELD,PUBLIC,-,E,
EGEN,NRL,EGG64,NORTH RONALDSAY,NORTH RONALDSAY AIRPORT,NORTH RONALDSAY AERODROME,-,UNITED KINGDOM,AIRFIELD,PUBLIC,NO. 1 AIDU CODE,E,
EGEO,OBN,-,OBAN,OBAN AIRPORT,NORTH CONNEL AIRPORT,RAF CONNEL,UNITED KINGDOM,AIRPORT,PUBLIC,-,E,
EGEP,PPW,EGG99,PAPA WESTRAY,PAPA WESTRAY AIRPORT,PAPA WESTRAY AERODROME,-,UNITED KINGDOM,AIRSTRIP,PUBLIC,NO. 1 AIDU CODE,E,
EGER,SOY,EGI80,STRONSAY,STRONSAY AIRPORT,STRONSAY AERODROME,-,UNITED KINGDOM,AIRSTRIP,PUBLIC,NO. 1 AIDU CODE,E,
EGES,NDY,-,SANDAY,SANDAY AIRPORT,SANDAY AERODROME,-,UNITED KINGDOM,AIRSTRIP,PUBLIC,-,E,
EGET,LWK,EGF24,LERWICK,TINGWALL AIRPORT,LERWICK/TINGWALL AIRPORT,-,UNITED KINGDOM,AIRFIELD,PUBLIC,NO. 1 AIDU CODE,E,
EGEW,WRY,EGJ63,WESTRAY,WESTRAY AIRPORT,WESTRAY AERODROME,-,UNITED KINGDOM,AIRSTRIP,PUBLIC,NO. 1 AIDU CODE,E,
EGEY,CSA,-,COLONSAY AND ORONSAY,COLONSAY AIRPORT,-,-,UNITED KINGDOM,AIRSTRIP,PUBLIC,-,E,
EGFA,-,-,CARDIGAN,WEST WALES AIRPORT,ABERPORTH AIRPORT,RAF ABERPORTH,UNITED KINGDOM,AIRFIELD,PUBLIC,-,E,
EGFC,-,-,CARDIFF CITY,CARDIFF HELIPORT,CARDIFF CITY HELIPORT,-,UNITED KINGDOM,HELIPORT,PRIVATE,-,E,
EGFE,HAW,-,HAVERFORDWEST,HAVERFORDWEST AIRPORT,WITHYBUSH AIRPORT,RAF HAVERFORDWEST,UNITED KINGDOM,AIRFIELD,PUBLIC,-,E,
EGFF,CWL,-,CARDIFF,CARDIFF AIRPORT,MAES AWYR CAERDYDD,RAF RHOOSE,UNITED KINGDOM,AIRPORT,PUBLIC,-,E,
EGFH,SWS,-,SWANSEA,SWANSEA AIRPORT,MAES AWYR ABERTAWE,RAF FAIRWOOD COMMON,UNITED KINGDOM,AIRFIELD,PUBLIC,-,E,
EGFP,-,EGH05,PEMBREY,PEMBREY AIRPORT,PEMBREY WEST WALES AIRPORT,RAF PEMBREY,UNITED KINGDOM,AIRFIELD,PUBLIC,NO. 1 AIDU CODE,E,
EGFR,-,-,LLANBEDR,LLANBEDR AIRPORT,-,RAF LLANBEDR,UNITED KINGDOM,AIRFIELD,PRIVATE,-,E,
EGGD,BRS,-,BRISTOL,BRISTOL AIRPORT,BRISTOL (LULSGATE) AIRPORT,RAF LULSGATE BOTTOM,UNITED KINGDOM,AIRPORT,PUBLIC,-,E,
EGGP,LPL,-,LIVERPOOL,LIVERPOOL JOHN LENNON AIRPORT,LIVERPOOL AIRPORT,RAF SPEKE,UNITED KINGDOM,AIRPORT,PUBLIC,-,E,
EGGW,LTN,-,LUTON,LONDON LUTON AIRPORT,LUTON AIRPORT,LUTON MUNICIPAL AIRPORT,UNITED KINGDOM,AIRPORT,PUBLIC,-,E,
EGHA,-,-,SHAFTESBURY,COMPTON ABBAS AIRFIELD,-,-,UNITED KINGDOM,AIRFIELD,PRIVATE,-,E,
EGHC,LEQ,EGF08,ST JUST,LAND'S END AIRPORT,AYRBORTH PENN AN WLAS,-,UNITED KINGDOM,AIRPORT,PRIVATE,NO. 1 AIDU CODE,E,
EGHE,ISC,EGH96,ST MARY'S,ST MARY'S AIRPORT,ISLES OF SCILLY AIRPORT,-,UNITED KINGDOM,AIRPORT,PUBLIC,NO. 1 AIDU CODE,E,
EGHF,-,-,GOSPORT,SOLENT AIRPORT DAEDALUS,LEE-ON-SOLENT AIRFIELD,RNAS LEE-ON-SOLENT (HMS DAEDALUS),UNITED KINGDOM,AIRFIELD,PUBLIC,-,E,
EGHG,-,EGK10,YEOVIL,YEOVIL AERODROME,YEOVIL/WESTLAND AERODROME,-,UNITED KINGDOM,AIRFIELD,PRIVATE,NO. 1 AIDU CODE,E,
EGHH,BOH,-,BOURNEMOUTH,BOURNEMOUTH AIRPORT,BOURNEMOUTH INTERNATIONAL AIRPORT,RAF HURN,UNITED KINGDOM,AIRPORT,PUBLIC,-,E,
EGHI,SOU,-,SOUTHAMPTON,SOUTHAMPTON AIRPORT,SOUTHAMPTON INTERNATIONAL AIRPORT,RNAS EASTLEIGH (HMS RAVEN),UNITED KINGDOM,AIRPORT,PUBLIC,-,E,
EGHJ,BBP,-,ISLE OF WIGHT,BEMBRIDGE AIRPORT,-,-,UNITED KINGDOM,AIRFIELD,PUBLIC,-,E,
EGHK,-,-,PENZANCE,PENZANCE HELIPORT,-,-,UNITED KINGDOM,HELIPORT,PUBLIC,-,E,
EGHL,QLA,EGF15,LASHAM,LASHAM AIRFIELD,-,RAF LASHAM,UNITED KINGDOM,AIRFIELD,PRIVATE,NO. 1 AIDU CODE,E,
EGHN,-,-,SANDOWN,ISLE OF WIGHT/SANDOWN AIRPORT,ISLE OF WIGHT AIRPORT - SANDOWN,-,UNITED KINGDOM,AIRFIELD,PUBLIC,-,E,
EGHO,-,-,THRUXTON,THRUXTON AERODROME,-,RAF THRUXTON,UNITED KINGDOM,AIRFIELD,PRIVATE,-,E,
EGHP,-,EGH32,POPHAM,POPHAM AIRFIELD,-,-,UNITED KINGDOM,AIRFIELD,PUBLIC,NO. 1 AIDU CODE,E,
EGHQ,NQY,-,CORNWALL,CORNWALL AIRPORT NEWQUAY,NEWQUAY AIRPORT,RAF ST MAWGAN,UNITED KINGDOM,AIRPORT,PUBLIC,-,E,
EGHR,QUG,EGC01,CHICHESTER,CHICHESTER/GOODWOOD AIRPORT,GOODWOOD AERODROME,RAF WESTHAMPNETT,UNITED KINGDOM,AIRFIELD,PRIVATE,NO. 1 AIDU CODE,E,
EGHS,-,EGE23,HENSTRIDGE,HENSTRIDGE AIRFIELD,-,RNAS HENSTRIDGE (HMS DIPPER),UNITED KINGDOM,AIRFIELD,PUBLIC,NO. 1 AIDU CODE,E,
EGHT,-,-,TRESCO,TRESCO HELIPORT,-,-,UNITED KINGDOM,HELIPORT,PUBLIC,-,E,
EGHU,-,EGC91,GREAT TORRINGTON,EAGLESCOTT AIRFIELD,-,-,UNITED KINGDOM,AIRFIELD,PUBLIC,NO. 1 AIDU CODE,E,
EGHY,-,EGJ21,TRURO,TRURO AERODROME,TRURO AIRFIELD,-,UNITED KINGDOM,AIRFIELD,PRIVATE,NO. 1 AIDU CODE,E,
EGJA,ACI,-,ALDERNEY,ALDERNEY AIRPORT,-,-,UNITED KINGDOM,AIRPORT,PUBLIC,-,E,
EGJB,GCI,-,GUERNSEY,GUERNSEY AIRPORT,-,-,UNITED KINGDOM,AIRPORT,PUBLIC,-,E,
EGJJ,JER,-,JERSEY,JERSEY AIRPORT,-,RNAS JERSEY,UNITED KINGDOM,AIRPORT,PUBLIC,-,E,
EGKA,ESH,-,SHOREHAM-BY-SEA,BRIGHTON CITY AIRPORT,SHOREHAM AIRPORT,-,UNITED KINGDOM,AIRPORT,PUBLIC,-,E,
EGKB,BQH,-,BROMLEY,LONDON BIGGIN HILL AIRPORT,BIGGIN HILL AIRPORT,RAF BIGGIN HILL,UNITED KINGDOM,AIRPORT,PUBLIC,-,E,
EGKE,-,-,CHALLOCK,CHALLOCK AIRFIELD,KENT GLIDING CENTRE,-,UNITED KINGDOM,AIRSTRIP,PRIVATE,-,E,
EGKG,-,-,GOODWOOD RACECOURSE,GOODWOOD RACECOURSE HELIPORT,-,-,UNITED KINGDOM,HELIPORT,PUBLIC,-,E,
EGKH,-,EGF16,HEADCORN,HEADCORN AERODROME,LASHENDEN (HEADCORN) AIRFIELD,RAF LASHENDEN,UNITED KINGDOM,AIRFIELD,PRIVATE,NO. 1 AIDU CODE,E,
EGKK,LGW,-,GATWICK,LONDON GATWICK AIRPORT,GATWICK AIRPORT,RAF GATWICK,UNITED KINGDOM,AIRPORT,PUBLIC,-,E,
EGKN,-,-,CROYDON,MOD KENLEY,KENLEY AIRFIELD,RAF KENLEY,UNITED KINGDOM,AIRFIELD,MILITARY,-,E,
EGKR,KRH,EGH62,REDHILL,REDHILL AERODROME,-,RAF REDHILL,UNITED KINGDOM,AIRFIELD,PRIVATE,NO. 1 AIDU CODE,E,
EGKT,-,-,KIRKNEWTON,KIRKNEWTON AIRFIELD,-,RAF KIRKNEWTON,UNITED KINGDOM,AIRFIELD,MILITARY,MOD STATION,E,
EGLA,-,-,BODMIN,BODMIN AIRFIELD,-,-,UNITED KINGDOM,AIRFIELD,PRIVATE,-,E,
EGLC,LCY,-,LONDON,LONDON CITY AIRPORT,-,-,UNITED KINGDOM,AIRPORT,PUBLIC,-,E,
EGLD,-,EGC62,DENHAM,DENHAM AERODROME,-,RAF DENHAM,UNITED KINGDOM,AIRFIELD,PUBLIC,NO. 1 AIDU CODE,E,
EGLF,FAB,-,FARNBOROUGH,FARNBOROUGH AIRPORT,TAG FARNBOROUGH AIRPORT,RAE FARNBOROUGH,UNITED KINGDOM,AIRPORT,PRIVATE,-,E,
EGLG,-,-,WELWYN GARDEN CITY,PANSHANGER AERODROME,-,-,UNITED KINGDOM,AIRFIELD,PUBLIC,-,E,
EGLJ,-,-,CHARLGROVE,CHALGROVE AIRFIELD,-,USAAF STATION AAF-465,UNITED KINGDOM,AIRFIELD,PRIVATE,-,E,
EGLK,BBS,-,YATELEY,BLACKBUSHE AIRPORT,-,RAF BLACKBUSHE,UNITED KINGDOM,AIRPORT,PUBLIC,-,E,
EGLL,LHR,-,LONDON,HEATHROW AIRPORT,LONDON HEATHROW AIRPORT,LONDON AIRPORT,UNITED KINGDOM,AIRPORT,PUBLIC,-,E,
EGLM,-,EGJ70,MAIDENHEAD,WHITE WALTHAM AIRFIELD,-,RAF WHITE WALTHAM,UNITED KINGDOM,AIRFIELD,PRIVATE,NO. 1 AIDU CODE,E,
EGLS,-,-,SALISBURY,OLD SARUM AIRFIELD,-,RAF OLD SARUM,UNITED KINGDOM,AIRFIELD,PRIVATE,-,E,
EGLT,-,-,ASCOT RACECOURSE,ASCOT RACECOURSE HELIPORT,-,-,UNITED KINGDOM,HELIPORT,PRIVATE,-,E,
EGLW,-,-,BATTERSEA,LONDON HELIPORT,LONDON EDMISTON HELIPORT,BATTERSEA HELIPORT,UNITED KINGDOM,HELIPORT,PUBLIC,-,E,
EGMA,-,EGD48,FOWLMERE,FOWLMERE AIRFIELD,-,RAF FOWLMERE,UNITED KINGDOM,AIRFIELD,PRIVATE,NO. 1 AIDU CODE,E,
EGMC,SEN,-,SOUTHEND,LONDON SOUTHEND AIRPORT,SOUTHEND AIRPORT,RAF ROCHFORD,UNITED KINGDOM,AIRPORT,PUBLIC,-,E,
EGMD,LYX,-,LYDD,LONDON ASHFORD AIRPORT,LYDD AIRPORT,LYDD FERRYFIELD,UNITED KINGDOM,AIRPORT,PUBLIC,-,E,
EGMJ,-,EGF30,ST NEOTS,LITTLE GRANSDEN AIRFIELD,-,-,UNITED KINGDOM,AIRFIELD,PUBLIC,NO. 1 AIDU CODE,E,
EGML,-,-,HORNCHURCH,DAMYNS HALL AERODROME,-,-,UNITED KINGDOM,AIRFIELD,PRIVATE,-,E,
EGNB,-,-,BROUGH,BROUGH AERODROME,-,-,UNITED KINGDOM,AIRFIELD,PRIVATE,-,E,
EGNC,CAX,-,CARLISLE,CARLISLE LAKE DISTRICT AIRPORT,CARLISLE AIRPORT,RAF CROSBY-ON-EDEN,UNITED KINGDOM,AIRFIELD,PRIVATE,-,E,
EGND,-,-,HUDDERSFIELD,CROSLAND MOOR AIRFIELD,-,-,UNITED KINGDOM,AIRFIELD,PRIVATE,-,E,
EGNE,-,-,RETFORD,RETFORD GAMSTON AIRPORT,GAMSTON AIRPORT,RAF GAMSTON,UNITED KINGDOM,AIRFIELD,PRIVATE,-,E,
EGNF,-,EGG42,WORKSOP,NETHERTHORPE AIRFIELD,-,RAF NETHERTHORPE,UNITED KINGDOM,AIRFIELD,PRIVATE,NO. 1 AIDU CODE,E,
EGNG,-,EGA50,BAGBY,BAGBY AIRFIELD,BAGBY INTERNATIONAL,-,UNITED KINGDOM,AIRFIELD,PRIVATE,NO. 1 AIDU CODE,E,
EGNH,BLK,-,BLACKPOOL,BLACKPOOL AIRPORT,BLACKPOOL INTERNATIONAL AIRPORT,SQUIRES GATE AIRPORT,UNITED KINGDOM,AIRPORT,PUBLIC,-,E,
EGNJ,HUY,-,HULL,HUMBERSIDE AIRPORT,-,RAF KIRMINGTON,UNITED KINGDOM,AIRPORT,PUBLIC,-,E,
EGNL,BWF,-,BARROW-IN-FURNESS,WALNEY AERODROME,BARROW/WALNEY ISLAND AIRPORT,RAF WALNEY ISLAND,UNITED KINGDOM,AIRFIELD,PRIVATE,-,E,
EGNM,LBA,-,YORKSHIRE,LEEDS BRADFORD AIRPORT,-,RAF YEADON,UNITED KINGDOM,AIRPORT,PUBLIC,-,E,
EGNO,-,-,WARTON,WARTON AERODROME,-,RAF WARTON,UNITED KINGDOM,AIRPORT,PRIVATE,-,E,
EGNP,-,-,LEEDS,LEEDS HELIPORT,-,-,UNITED KINGDOM,HELIPORT,PUBLIC,-,E,
EGNR,CEG,-,CHESTER,HAWARDEN AIRPORT,MAES AWYR PENARLÂG,CHESTER/HAWARDEN AIRPORT,UNITED KINGDOM,AIRPORT,PUBLIC,-,E,
EGNS,IOW,-,ISLE OF MAN,ISLE OF MAN AIRPORT,PURT AER VANNIN,RONALDSWAY AIRPORT,UNITED KINGDOM,AIRPORT,PUBLIC,-,E,
EGNT,NCL,-,NEWCASTLE-UPON-TYNE,NEWCASTLE INTERNATIONAL AIRPORT,-,-,UNITED KINGDOM,AIRPORT,PUBLIC,-,E,
EGNU,-,EGD55,YORK,FULL SUTTON AIRFIELD,-,RAF FULL SUTTON,UNITED KINGDOM,AIRFIELD,PUBLIC,NO. 1 AIDU CODE,E,
EGNV,MME,-,DURHAM,TEESSIDE INTERNATIONAL AIRPORT,DURHAM TEES VALLEY AIRPORT,RAF MIDLETON ST GEORGE,UNITED KINGDOM,AIRPORT,PUBLIC,-,E,
EGNW,-,EGJ74,LINCOLN,WICKENBY AERODROME,WICKENBY AIRFIELD,RAF WICKENBY,UNITED KINGDOM,AIRFIELD,PUBLIC,NO. 1 AIDU CODE,E,
EGNX,EMA,-,LEICESTERSHIRE,EAST MIDLANDS AIRPORT,-,RAF CASTLE DONNINGTON,UNITED KINGDOM,AIRPORT,PUBLIC,-,E,
EGNY,-,EGA77,BEVERLEY,BEVERLEY AIRFIELD,BEVERLEY/LINLEY HILL AIRFIELD,-,UNITED KINGDOM,AIRFIELD,PRIVATE,NO. 1 AIDU CODE,E,
EGO2,-,-,SAFRON WALDEN,AUDLEY END AIRFIELD,-,-,UNITED KINGDOM,AIRFIELD,PUBLIC,-,E,
EGOE,-,-,TERNHILL,TERN HILL AIRFIELD,RAF TERN HILL,-,UNITED KINGDOM,AIRFIELD,MILITARY,-,E,
EGOQ,-,-,ANGLESEY,RAF MONA,MONA AIRFIELD,RNAS ANGLESEY,UNITED KINGDOM,AIRFIELD,DUAL,NO. 1 AIDU CODE - CIVILIAN WHEN OUTSIDE OF RAF OPERATING HOURS. DURING CIVILIAN HOURS HOURS THE FACILITY IS MONA AIRFIELD.,E,
EGOQ,-,EGG31,ANGLESEY,MONA AIRFIELD,RAF MONA,RNAS ANGLESEY,UNITED KINGDOM,AIRFIELD,DUAL,NO. 1 AIDU CODE - CIVILIAN WHEN OUTSIDE OF RAF OPERATING HOURS. DURING RAF HOURS THE FACILITY IS RAF MONA.,E,
EGOS,-,-,SHAWBURY,RAF SHAWBURY,-,-,UNITED KINGDOM,AIRPORT,MILITARY,-,E,
EGOV,VLY,-,ANGLESEY,RAF VALLEY,ANGLESEY AIRPORT,-,UNITED KINGDOM,AIRPORT,DUAL,-,E,
EGOW,-,-,FORMBY,RAF WOODVALE,-,HMS RINGTAIL II,UNITED KINGDOM,AIRFIELD,MILITARY,-,E,
EGPA,KOI,-,ORKNEY,KIRKWALL AIRPORT,-,RNAS GRIMSETTER,UNITED KINGDOM,AIRPORT,PUBLIC,-,E,
EGPB,LSI,-,SUMBURGH,SUMBURGH AIRPORT,-,RAF SUMBURGH,UNITED KINGDOM,AIRPORT,PUBLIC,-,E,
EGPC,WIC,-,WICK,WICK JOHN O' GROATS AIRPORT,WICK AIRPORT,RAF WICK,UNITED KINGDOM,AIRPORT,PUBLIC,-,E,
EGPD,ABZ,-,ABERDEEN,ABERDEEN INTERNATIONAL AIRPORT,ABERDEEN DYCE AIRPORT,RAF DYCE,UNITED KINGDOM,AIRPORT,PUBLIC,-,E,
EGPE,INV,-,INVERNESS,INVERNESS AIRPORT,-,RAF DALCROSS,UNITED KINGDOM,AIRPORT,PUBLIC,-,E,
EGPF,GLA,-,GLASGOW,GLASGOW AIRPORT,GLASGOW INTERNATIONAL AIRPORT,HMS SANDERLING,UNITED KINGDOM,AIRPORT,PUBLIC,-,E,
EGPG,-,EGC51,CUMBERNAULD,CUMBERNAULD AIRPORT,-,-,UNITED KINGDOM,AIRFIELD,PRIVATE,NO. 1 AIDU CODE,E,
EGPH,EDI,-,EDINBURGH,EDINBURGH AIRPORT,-,RAF TURNHOUSE,UNITED KINGDOM,AIRPORT,PUBLIC,-,E,
EGPI,ILY,-,ISLAY,ISLAY AIRPORT,GLENEGEDALE AIRPORT,RAF PORT ELLEN,UNITED KINGDOM,AIRPORT,PUBLIC,-,E,
EGPJ,-,EGD37,FIFE,FIFE AIRPORT,-,-,UNITED KINGDOM,AIRFIELD,PUBLIC,NO. 1 AIDU CODE,E,
EGPK,PIK,-,PRESTWICK,GLASGOW PRESTWICK AIRPORT,PRESTWICK AIRPORT,HMS GANNET,UNITED KINGDOM,AIRPORT,PUBLIC,-,E,
EGPL,BEB,-,BENBECULA,BENBECULA AIRPORT,PORT-ADHAIR BHEUNN NA FAOGHLA,RAF BENBECULA,UNITED KINGDOM,AIRPORT,PUBLIC,-,E,
EGPM,SCS,-,SCATSTA,SCATSTA AIRPORT,-,RAF SCATSTA,UNITED KINGDOM,AIRPORT,PRIVATE,CLOSED,E,
EGPN,DND,-,DUNDEE,DUNDEE AIRPORT,PORT-ADHAIR DHÙN DÈAGH,-,UNITED KINGDOM,AIRPORT,PUBLIC,-,E,
EGPO,SYY,-,STORNOWAY,STORNOWAY AIRPORT,PORT-ADHAIR THIRIODH STEÒRNABHAIGH,RAF STORNOWAY,UNITED KINGDOM,AIRPORT,PUBLIC,-,E,
EGPR,BRR,EGA57,BARRA,BARRA AIRPORT,BARRA EOLIGARRY AIRPORT,-,UNITED KINGDOM,AIRSTRIP,PUBLIC,NO. 1 AIDU CODE,E,
EGPT,PSL,EGH16,PERTH,PERTH AIRPORT,-,RAF SCONE,UNITED KINGDOM,AIRPORT,PUBLIC,NO. 1 AIDU CODE,E,
EGPU,TRE,-,ISLE OF TIREE,TIREE AIRPORT,PORT-ADHAIR THIRIODH,RAF TIREE,UNITED KINGDOM,AIRPORT,PUBLIC,-,E,
EGPW,UNT,-,UNST,UNST AIRPORT,BALTASOUND AIRPORT,-,UNITED KINGDOM,AIRSTRIP,PRIVATE,-,E,
EGQK,FSS,-,KINLOSS,KINLOSS BARRACKS,-,RAF KINLOSS,UNITED KINGDOM,AIRFIELD,MILITARY,CLOSED,E,
EGQL,ADX,-,LEUCHARS,LEUCHARS STATION,-,RAF LEUCHARS,UNITED KINGDOM,AIRFIELD,MILITARY,-,E,
EGQM,-,-,ALNWICK,RAF BOULMER,-,,UNITED KINGDOM,AIRPORT,MILITARY,-,E,
EGQS,LMO,-,LOSSIEMOUTH,RAF LOSSIEMOUTH,-,HMS FULMAR,UNITED KINGDOM,AIRPORT,MILITARY,-,E,
EGSA,-,-,SHIPDHAM,SHIPDHAM AIRFIELD,-,RAF SHIPDHAM,UNITED KINGDOM,AIRFIELD,PUBLIC,CLOSED,E,
EGSC,CBG,-,CAMBRIDGE,CAMBRIDGE CITY AIRPORT,MARSHALL AIRPORT - CAMBRIDGE,-,UNITED KINGDOM,AIRPORT,PUBLIC,-,E,
EGSD,-,-,GREAT YARMOUTH,NORTH DENES AIRFIELD,GREAT YARMOUTH - NORTH DENES AIRPORT,-,UNITED KINGDOM,AIRFIELD,PRIVATE,-,E,
EGSF,-,-,PETERBOROUGH,PETERBOROUGH BUSINESS AIRPORT,PETERBOROUGH CONNINGTON AIRPORT,RAF GLATTON,UNITED KINGDOM,AIRFIELD,PRIVATE,-,E,
EGSG,-,-,STAPLEFORD,STAPLEFORD AERODROME,STAPLEFORD FLIGHT CENTRE,RAF STAPLEFORD TAWNEY,UNITED KINGDOM,AIRFIELD,PRIVATE,-,E,
EGSH,NWI,-,NORWICH,NORWICH AIRPORT,-,RAF HORSHAM ST FAITH,UNITED KINGDOM,AIRPORT,PUBLIC,-,E,
EGSJ,-,EGH99,SEETHING,SEETHING AIRFIELD,-,RAF SEETHING,UNITED KINGDOM,AIRFIELD,PUBLIC,NO. 1 AIDU CODE,E,
EGSK,-,-,HETHEL,HETHEL AIRFIELD,-,RAF HETHEL,UNITED KINGDOM,AIRFIELD,PRIVATE,-,E,
EGSL,-,EGA22,BRAINTREE,ANDREWSFIELD AERODROME,-,RAF ANDREWS FIELD,UNITED KINGDOM,AIRFIELD,PUBLIC,-,E,
EGSM,-,EGA66,BECCLES,BECCLES AERODROME,ELLOUGH AIRFIELD,RAF BECCLES,UNITED KINGDOM,AIRFIELD,PRIVATE,NO. 1 AIDU CODE,E,
EGSN,-,-,BOURN,BOURN AIRFIELD,-,RAF BOURN,UNITED KINGDOM,AIRFIELD,PRIVATE,-,E,
EGSO,-,EGC47,STOWMARKET,CROWFIELD AIRFIELD,-,-,UNITED KINGDOM,AIRFIELD,PRIVATE,NO. 1 AIDU CODE,E,
EGSP,-,EGH17,SIBSON,PETERBOROUGH/SIBSON AIRFIELD,SIBSON AERODROME,-,UNITED KINGDOM,AIRFIELD,PRIVATE,NO. 1 AIDU CODE,E,
EGSQ,-,EGC10,CLACTON-ON-SEA,CLACTON AIRFIELD,-,-,UNITED KINGDOM,AIRFIELD,PUBLIC,NO. 1 AIDU CODE,E,
EGSR,-,EGC93,HALSTEAD,EARLS COLNE AIRFIELD,-,RAF EARLS COLNE,UNITED KINGDOM,AIRFIELD,PUBLIC,NO. 1 AIDU CODE,E,
EGSS,STN,-,STANSTED,STANSTED AIRPORT,-,RAF STANSTED MOUNTFITCHET,UNITED KINGDOM,AIRPORT,PUBLIC,-,E,
EGST,-,EGD11,ELMSETT,ELMSETT AIRFIELD,-,-,UNITED KINGDOM,AIRFIELD,PUBLIC,NO. 1 AIDU CODE,E,
EGSU,QFO,-,DUXFORD,DUXFORD AIRFIELD,IWM DUXFORD,RAF DUXFORD,UNITED KINGDOM,AIRFIELD,PRIVATE,-,E,
EGSV,-,-,OLD BUCKENHAM,OLD BUCKENHAM AERODROME,-,RAF OLD BUCKENHAM,UNITED KINGDOM,AIRFIELD,PRIVATE,-,E,
EGSW,-,-,NEWMARKET,NEWMARKET HEATH,-,-,UNITED KINGDOM,AIRSTRIP,PRIVATE,HORSE RACECOURSE,E,
EGSX,-,EGG66,HARLOW,NORTH WEALD AIRFIELD,-,RAF NORTH WEALD,UNITED KINGDOM,AIRFIELD,PUBLIC,NO. 1 AIDU CODE,E,
EGSY,-,-,SAINT ATHAN,MOD ST ATHAN,BRO TATHAN AIRFIELD,RAF ST ATHAN,UNITED KINGDOM,AIRPORT,DUAL,-,E,
EGTB,HYC,EGTBJ76,HIGH WYCOMBE,WYCOMBE AIR PARK,BOOKER AIRFIELD,RAF BOOKER,UNITED KINGDOM,AIRFIELD,PUBLIC,NO. 1 AIDU CODE,E,
EGTC,-,-,CRANFIELD,CRANFIELD AIRPORT,-,RAF CRANFIELD,UNITED KINGDOM,AIRFIELD,PRIVATE,-,E,
EGTD,-,-,DUNSFOLD,DUNSFOLD AERODROME,-,RAF DUNSFOLD,UNITED KINGDOM,AIRFIELD,PRIVATE,-,E,
EGTE,EXT,-,EXETER,EXETER AIRPORT,EXETER INTERNATIONAL AIRPORT,RAF EXETER,UNITED KINGDOM,AIRPORT,PUBLIC,-,E,
EGTF,-,EGD24,WOKING,FAIROAKS AIRPORT,-,RAF FAIROAKS,UNITED KINGDOM,AIRFIELD,PUBLIC,NO. 1 AIDU CODE,E,
EGTH,-,EGG90,OLD WARDEN,OLD WARDEN AERODROME,SHUTTLEWORTH AERODROME,-,UNITED KINGDOM,AIRFIELD,PRIVATE,NO. 1 AIDU CODE,E,
EGTK,OXF,-,OXFORD,LONDON OXFORD AIRPORT,OXFORD AIRPORT,KIDLINGTON AIRPORT,UNITED KINGDOM,AIRPORT,PUBLIC,-,E,
EGTN,-,EGD16,CHIPPING NORTON,ENSTONE AIRFIELD,-,RAF ENSTONE,UNITED KINGDOM,AIRFIELD,PUBLIC,NO. 1 AIDU CODE,E,
EGTO,RCS,EGH74,ROCHESTER,ROCHESTER AIRPORT,-,-,UNITED KINGDOM,AIRSTRIP,PRIVATE,NO. 1 AIDU CODE,E,
EGTP,-,EGH15,PERRANPORTH,PERRANPORTH AIRFIELD,-,RAF PERRANPORTH,UNITED KINGDOM,AIRFIELD,PUBLIC,NO. 1 AIDU CODE,E,
EGTR,-,EGD12,WATFORD,LONDON ELSTREE AERODROME,ELSTREE AERODROME,-,UNITED KINGDOM,AIRFIELD,PUBLIC,NO. 1 AIDU CODE,E,
EGTU,-,-,HONITON,DUNKESWELL AERODROME,-,RAF DUNKESWELL,UNITED KINGDOM,AIRFIELD,PRIVATE,-,E,
EGTW,-,-,OAKSEY,OAKSEY PARK AIRFIELD,-,-,UNITED KINGDOM,AIRFIELD,PRIVATE,-,E,
EGUB,BEX,-,BENSON,RAF BENSON,-,-,UNITED KINGDOM,AIRPORT,MILITARY,-,E,
EGUD,-,-,ABINGDON,DALTON BARRACKS,-,RAF ABINGDON,UNITED KINGDOM,AIRFIELD,MILITARY,-,E,
EGUL,LKZ,-,LAKENHEATH,RAF LAKENHEATH,-,-,UNITED KINGDOM,AIRPORT,MILITARY,USAF STATION,E,
EGUN,MHZ,-,MILDENHALL,RAF MILDENHALL,-,-,UNITED KINGDOM,AIRPORT,MILITARY,USAF STATION,E,
EGUO,-,-,COLERNE,AZIMGHUR BARRACKS,COLERNE AIRFIELD,RAF COLERNE,UNITED KINGDOM,AIRFIELD,MILITARY,-,E,
EGUW,-,-,STOWMARKET,WATTISHAM FLYING STATION,WATTISHAM AIRFIELD,RAF WATTISHAM,UNITED KINGDOM,AIRPORT,MILITARY,-,E,
EGUY,QUY,-,WYTON,RAF WYTON,-,-,UNITED KINGDOM,AIRFIELD,MILITARY,-,E,
EGVA,FFD,-,FAIRFORD,RAF FAIRFORD,-,-,UNITED KINGDOM,AIRPORT,MILITARY,USAF STATION,E,
EGVC,-,-,NO 1 AIDU (RAF),AFTN ADDRESSING CODE,-,-,UNITED KINGDOM,ADMINISTRATIVE,MILITARY,GENERIC ADDRESS FOR THE AERONAUTICAL INFORMATION OFFICE OF THE RAF,E,
EGVF,-,-,GOSPORT,FLEETLANDS HELIPORT,,DARA FLEETLANDS,UNITED KINGDOM,HELIPORT,PRIVATE,-,E,
EGVH,-,-,HEREFORD,STIRLING LINES,-,RAF CREDENHILL,UNITED KINGDOM,HELIPORT,MILITARY,-,E,
EGVL,-,-,LITTLE RISINGTON,LITTLE RISSINGTON AIRFIELD,RAF LITTLE RISSINGTON,-,UNITED KINGDOM,AIRFIELD,MILITARY,-,E,
EGVN,BZZ,-,BRIZE NORTON,RAF BRIZE NORTON,-,-,UNITED KINGDOM,AIRPORT,MILITARY,-,E,
EGVO,ODH,-,ODIHAM,RAF ODIHAM,-,-,UNITED KINGDOM,AIRPORT,MILITARY,-,E,
EGVP,-,-,ANDOVER,MIDDLE WALLOP FLYING STATION,ARMY AIR CORPS MIDDLE WALLOP,RAF MIDDLE WALLOP,UNITED KINGDOM,AIRFIELD,MILITARY,-,E,
EGWB,-,-,MOD UK AIR,AFTN ADDRESSING CODE,-,-,UNITED KINGDOM,ADMINISTRATIVE,MILITARY,GENERIC ADDRESS FOR THE ROYAL AIR FORCE,E,
EGWC,-,-,COSFORD,RAF COSFORD,-,DCAE COSFORD,UNITED KINGDOM,AIRFIELD,MILITARY,-,E,
EGWE,-,-,HENLOW,RAF HENLOW,-,-,UNITED KINGDOM,AIRFIELD,MILITARY,-,E,
EGWI,-,-,MOD UK NAVY,AFTN ADDRESSING CODE,-,-,UNITED KINGDOM,ADMINISTRATIVE,MILITARY,GENERIC ADDRESS FOR THE ROYAL NAVY,E,
EGWN,-,EGD94,HALTON,RAF HALTON,-,-,UNITED KINGDOM,AIRPORT,MILITARY,NO. 1 AIDU CODE,E,
EGWU,NHT,-,NORTHOLT,RAF NORTHOLT,-,-,UNITED KINGDOM,AIRPORT,MILITARY,-,E,
EGXC,QCY,-,CONINGSBY,RAF CONINGSBY,-,-,UNITED KINGDOM,AIRPORT,MILITARY,-,E,
EGXD,-,-,DISHFORTH,DISHFORTH AIRFIELD,-,RAF DISHFORTH,UNITED KINGDOM,AIRFIELD,MILITARY,-,E,
EGXE,-,-,LEEMING BAR,RAF LEEMING,-,-,UNITED KINGDOM,AIRPORT,MILITARY,-,E,
EGXH,BEQ,-,HONINGTON,RAF HONINGTON,-,-,UNITED KINGDOM,AIRSTRIP,MILITARY,-,E,
EGXP,SQZ,-,SCAMPTON,RAF SCAMPTON,-,-,UNITED KINGDOM,AIRPORT,MILITARY,CLOSED,E,
EGXT,-,-,STAMFORD,RAF WITTERING,-,-,UNITED KINGDOM,AIRPORT,MILITARY,-,E,
EGXU,HRT,-,LINTON-ON-OUSE,RAF LINTON-ON-OUSE,-,-,UNITED KINGDOM,AIRPORT,MILITARY,CLOSED,E,
EGXW,WTN,-,WADDINGTON,RAF WADDINGTON,-,-,UNITED KINGDOM,AIRPORT,MILITARY,-,E,
EGXY,-,-,NEWARK-ON-TRENT,RAF SYERSTON,-,-,UNITED KINGDOM,AIRFIELD,MILITARY,-,E,
EGXZ,-,-,TOPCLIFFE,RAF TOPCLIFFE,ALANBROOKE BARRACKS,-,UNITED KINGDOM,AIRFIELD,MILITARY,-,E,
EGYC,CLF,-,SCOTTOW,SCOTTOW ENTERPRISE PARK,-,RAF COLTISHALL,UNITED KINGDOM,AIRFIELD,PRIVATE,-,E,
EGYD,-,-,CRANWELL,RAF CRANWELL,-,-,UNITED KINGDOM,AIRPORT,MILITARY,-,E,
EGYE,-,-,GRANTHAM,RAF BARKSTON HEATH,-,-,UNITED KINGDOM,AIRFIELD,MILITARY,-,E,
EGYK,-,-,ELVINGTON,ELVINGTON AIRFIELD,-,RAF ELVINGTON,UNITED KINGDOM,AIRSTRIP,PRIVATE,-,E,
EGYM,KNF,-,MARHAM,RAF MARHAM,-,-,UNITED KINGDOM,AIRPORT,MILITARY,-,E,
EGYP,MPN,-,FALKLAND ISLANDS,RAF MOUNT PLEASANT,MOUNT PLEASANT AIRPORT,-,UNITED KINGDOM,AIRPORT,DUAL,-,E,
EGYY,-,-,ROYAL NAVY VESSEL,ALL ROYAL NAVY VESSELS,-,-,UNITED KINGDOM,ADMINISTRATIVE,MILITARY,GENERIC ADDRESS FOR THE ROYAL NAVY FLEET,E,
EHAM,-,-,-,AMSTERDAM AIRPORT SCHIPHOL,-,-,NETHERLANDS,,,-,E,
EHEH,-,-,-,EINDHOVEN AIRPORT,-,-,NETHERLANDS,,,-,E,
EHMZ,-,-,-,MIDDEN-ZEELAND AIRPORT,-,-,NETHERLANDS,,,-,E,
EHRD,-,-,-,ROTTERDAM THE HAGUE AIRPORT,-,-,NETHERLANDS,,,-,E,
EHSE,-,-,-,BREDA INTERNATIONAL AIRPORT,-,-,NETHERLANDS,,,-,E,
EHTE,-,-,-,TEUGE AIRPORT,-,-,NETHERLANDS,,,-,E,
EHTW,-,-,-,ENSCHEDE AIRPORT TWENTE,-,-,NETHERLANDS,,,-,E,
EHTX,-,-,-,TEXEL INTERNATIONAL AIRPORT,-,-,NETHERLANDS,,,-,E,
EIAB,-,-,ABBEYSHRULE,ABBEYSHRULE AERODROME,-,-,IRELAND,,,-,E,
EIBB,-,-,BALLYBOUGHAL,BALLYBOUGHAL AIRFIELD,-,-,IRELAND,,,-,E,
EIBN,BYT,-,BANTRY,BANTRY AERODROME,-,-,IRELAND,,,-,E,
EIBR,-,-,BIRR,BIRR AERODROME,-,-,IRELAND,,,-,E,
EIBT,BLY,-,BELMULLET,BELMULLET AERODROME,-,-,IRELAND,,,-,E,
EICA,NNR,-,CONNEMARA,CONNEMARA AIRPORT,-,-,IRELAND,,,-,E,
EICK,ORK,-,CORK,CORK AIRPORT,-,-,IRELAND,,,-,E,
EICL,-,-,CLONBULLOGUE,CLONBULLOGUE AERODROME,-,-,IRELAND,,,-,E,
EICM,GWY,-,GALWAY,GALWAY AIRPORT,-,-,IRELAND,,,-,E,
EICN,-,-,COONAGH,COONAGH AERODROME,-,-,IRELAND,,,-,E,
EIDL,CFN,-,DONEGAL,DONEGAL AIRPORT,-,-,IRELAND,,,-,E,
EIDW,DUB,-,DUBLIN,DUBLIN AIRPORT,-,-,IRELAND,,,-,E,
EIER,-,-,NENAGH,ERINAGH AERODROME,-,-,IRELAND,,,-,E,
EIFR,-,-,BUNDORAN,FINNER CAMP,-,-,IRELAND,HELIPORT,MILITARY,-,E,
EIGN,-,-,NAAS,GOWRAN GRANGE AIRFIELD,-,-,IRELAND,,,-,E,
EIHN,-,-,HACKETSTOWN,HACKETSTOWN AIRFIELD,-,-,IRELAND,,,-,E,
EIIM,IOR,-,INISHMORE,INISHMORE AERODROME,-,-,IRELAND,,,-,E,
EIIR,INQ,-,INISHEER,INISHEER AERODROME,-,-,IRELAND,,,-,E,
EIKH,-,-,KILDARE,KILRUSH AERODROME,-,-,IRELAND,,,-,E,
EIKI,-,-,KILLENAULE,KILLENAULE AIRFIELD,-,-,IRELAND,,,-,E,
EIKK,KKY,-,KILKENNY,KILKENNY AIRPORT,-,-,IRELAND,,,-,E,
EIKN,NOC,-,KNOCK,IRELAND WEST AIRPORT KNOCK,-,-,IRELAND,,,-,E,
EIKY,KIR,-,TRALEE,KERRY AIRPORT,FARRANFORE AIRPORT,-,IRELAND,,,-,E,
EILT,LTR,-,LETTERKENNY,LETTERKENNY AIRFIELD,-,-,IRELAND,,,-,E,
EIME,-,-,BALDONNEL,CASEMENT AERODROME,-,-,IRELAND,,,-,E,
EIMG,-,-,MONEYGALL,MONEYGALL AERODROME,-,-,IRELAND,,,-,E,
EIMH,-,-,ATHBOY,ATHBOY AERODROME,-,-,IRELAND,,,-,E,
EIMN,IIA,-,INISHMAAN,INISHMAAN AERODROME,-,-,IRELAND,,,-,E,
EIMY,-,-,THURLES,MOYNE AERODROME,-,-,IRELAND,,,-,E,
EINC,-,-,NEWCASTLE,NEWCASTLE AERODROME,-,-,IRELAND,,,-,E,
EINN,SNN,-,SHANNON,SHANNON AIRPORT,-,-,IRELAND,,,-,E,
EIPT,-,-,ENNISKERRY,POWERSCOURT AIRFIELD,-,-,IRELAND,,,-,E,
EIRE,-,-,ABBEYFEALE,ABBEYFEALE AERODROME,-,-,IRELAND,,,-,E,
EIRT,-,-,MALLOW,RATHCOOLE AERODROME,-,-,IRELAND,,,-,E,
EISG,SXL,-,SLIGO,SLIGO AIRPORT,-,-,IRELAND,,,-,E,
EISP,-,-,SPANISH POINT,SPANISH POINT AIRFIELD,-,-,IRELAND,,,-,E,
EITM,-,-,TRIM,TRIM AERODROME,-,-,IRELAND,,,-,E,
EITT,-,-,DUNSHAUGHLIN,TREVET AERODROME,-,-,IRELAND,,,-,E,
EIWF,-,-,WATERFORD,WATERFORD AIRPORT,-,-,IRELAND,,,-,E,
EIWT,WAT,-,DUBLIN,WESTON AIRPORT,-,-,IRELAND,,,-,E,
EKAH,AAR,-,AARHUS,AARHUS AIRPORT,-,-,DENMARK,,,-,E,
EKBI,-,-,-,BILLUND AIRPORT,-,-,DENMARK,,,-,E,
EKCC,-,-,-,COPENHAGEN CITY AIRPORT,-,-,DENMARK,,,-,E,
EKCH,-,-,KASTRUP,COPENHAGEN KASTRUP AIRPORT,-,-,DENMARK,,,-,E,
EKKA,-,-,KARUP,KARUP AIRPORT,-,-,DENMARK,,,-,E,
EKOD,-,-,-,HANS CHRISTIAN ANDERSEN AIRPORT,-,-,DENMARK,,,-,E,
EKRK,-,-,ROSKILDE,COPENHAGEN ROSKILDE AIRPORT,-,-,DENMARK,,,-,E,
EKSB,-,-,-,SØNDERBORG AIRPORT,-,-,DENMARK,,,-,E,
EKVB,-,-,-,VIBORG AIRPORT,-,-,DENMARK,,,-,E,
EKVG,-,-,-,VÁGAR AIRPORT,-,-,DENMARK,,,-,E,
EKVH,-,-,-,AARS AIRPORT,-,-,DENMARK,,,-,E,
EKVJ,-,-,-,STAUNING VESTJYLLAND AIRPORT,-,-,DENMARK,,,-,E,
EKYT,-,-,-,AALBORG AIRPORT,-,-,DENMARK,,,-,E,
EKYT,AAL,-,AALBORG,AIRPORT,-,-,DENMARK,,DUAL,-,E,
ELLX,-,-,-,LUXEMBOURG FINDEL AIRPORT,-,-,LUXEMBOURG,,,-,E,
ELNT,-,-,-,NOERTRANGE AIRFIELD,-,-,LUXEMBOURG,,,-,E,
ELUS,-,-,-,USELDANGE AIRFIELD,-,-,LUXEMBOURG,,,-,E,
ENAL,AES,-,ALESUND,ÅLESUND AIRPORT,ÅLESUND VIGRA AIRPORT,-,NORWAY,LAND AIRPORT,PUBLIC,-,E,
ENAL,-,-,-,BERLEVÅG AIRPORT,BERLEVÅG LUFTHAVN,-,NORWAY,STOLPORT,PUBLIC,-,E,
ENAN,-,-,-,BODØ AIRPORT,-,-,NORWAY,,,-,E,
ENAS,-,-,ÅSTORP,RAKKESTAD AIRPORT,-,-,NORWAY,,,-,E,
ENAT,ALF,-,ALTA,ALTA AIRPORT,-,-,NORWAY,,,-,E,
ENAT,-,-,-,BJORLI AIRPORT,-,-,NORWAY,,,-,E,
ENBL,-,-,EVENES,HARSTAD/NARVIK AIRPORT,-,-,NORWAY,,,-,E,
ENBN,-,-,ØYRANE,FØRDE AIRPORT,-,-,NORWAY,,,-,E,
ENBO,-,-,BRINGELAND,FØRDE AIRPORT,-,-,NORWAY,,,-,E,
ENBR,-,-,LEIRIN,FAGERNES AIRPORT,-,-,NORWAY,,,-,E,
ENBS,BJF,-,BÅTSFJORD,BÅTSFJORD AIRPORT,BÅTSFJORD LUFTHAVN,-,NORWAY,STOLPORT,PUBLIC,,E,
ENCN,-,-,ÅRØ,MOLDE AIRPORT,-,-,NORWAY,,,-,E,
ENDO,-,-,FLATVAL,FRØYA AIRPORT,-,-,NORWAY,,,-,E,
ENDU,-,-,TUMLEVOLD,DOKKA AIRPORT,-,-,NORWAY,,,-,E,
ENEG,-,-,BANAK,LAKSELV AIRPORT,-,-,NORWAY,,,-,E,
ENEN,-,-,KLANTEN,GOL AIRPORT,-,-,NORWAY,,,-,E,
ENEV,-,-,-,KAUTOKEINO AIRPORT,-,-,NORWAY,,,-,E,
ENFA,-,-,-,HATTFJELLDAL AIRPORT,-,-,NORWAY,,,-,E,
ENFB,-,-,RYUM,RØRVIK AIRPORT,-,-,NORWAY,,,-,E,
ENFD,-,-,-,HASVIK AIRPORT,-,-,NORWAY,,,-,E,
ENFG,-,-,FOLLDAL,GRIMSMOEN AIRPORT,-,-,NORWAY,,,-,E,
ENFL,-,-,-,HAMMERFEST AIRPORT,-,-,NORWAY,,,-,E,
ENFO,-,-,JARLSBERG,TØNSBERG AIRPORT,-,-,NORWAY,,,-,E,
ENFZ,-,-,HØKNESØRA,NAMSOS AIRPORT,-,-,NORWAY,,,-,E,
ENGK,-,-,BRØNNØY,BRØNNØYSUND AIRPORT,BRØNNØYSUND LUFTHAVN,-,NORWAY,STOLPORT,PUBLIC,-,E,
ENGM,-,-,-,RØST AIRPORT,-,-,NORWAY,,,-,E,
ENGN,-,-,EGGEMOEN,HØNEFOSS AIRPORT,-,-,NORWAY,,,-,E,
ENGS,-,-,LONGYEAR,SVALBARD AIRPORT,-,-,NORWAY,,,-,E,
ENHA,-,-,VALAN,HONNINGSVÅG AIRPORT,-,-,NORWAY,,,-,E,
ENHD,-,-,KJEVIK,KRISTIANSAND AIRPORT,-,-,NORWAY,,,-,E,
ENHF,-,-,JAN MAYEN,JAN MAYENSFIELD,-,-,NORWAY,,,-,E,
ENHK,-,-,HØYBUKTMOEN,KIRKENES AIRPORT,-,-,NORWAY,,,-,E,
ENHS,-,-,KVERNBERGET,KRISTIANSUND AIRPORT,-,-,NORWAY,,,-,E,
ENHT,-,-,-,KJELLER AIRPORT,-,-,NORWAY,,,-,E,
ENHV,-,-,FRITZØE,LARVIK AIRPORT,-,-,NORWAY,,,-,E,
ENJA,-,-,-,LEKNES AIRPORT,-,-,NORWAY,,,-,E,
ENKA,-,-,NOME,LUNDE AIRPORT,-,-,NORWAY,,,-,E,
ENKB,-,-,KJÆRSTAD,MOSJØEN AIRPORT,-,-,NORWAY,,,-,E,
ENKJ,-,-,RØSSVOLL,MO I RANA AIRPORT,-,-,NORWAY,,,-,E,
ENKL,-,-,-,HOKKSUND AIRPORT,-,-,NORWAY,,,-,E,
ENKR,-,-,-,MEHAMN AIRPORT,-,-,NORWAY,,,-,E,
ENLB,-,-,-,FLORØ AIRPORT,FLORØ LUFTHAMN,-,NORWAY,STOLPORT,PUBLIC,-,E,
ENLI,-,-,STAFSBERG,HAMAR AIRPORT,-,-,NORWAY,,,-,E,
ENLK,-,-,FRAMNES,NARVIK AIRPORT,-,-,NORWAY,,,-,E,
ENLU,-,-,-,RØROS AIRPORT,-,-,NORWAY,,,-,E,
ENLV,-,-,-,SØRKJOSEN AIRPORT,-,-,NORWAY,,,-,E,
ENMH,-,-,HAMNERABBEN,NY-ÅLESUND AIRPORT,-,-,NORWAY,,,-,E,
ENML,-,-,-,ØRLAND AIRPORT,-,-,NORWAY,,,-,E,
ENMS,-,-,HOVDEN,ØRSTA–VOLDA AIRPORT,-,-,NORWAY,,,-,E,
ENNA,-,-,RYGGE,MOSS AIRPORT,-,-,NORWAY,,,-,E,
ENNK,-,-,GARDERMOEN,OSLO GARDERMOEN AIRPORT,-,-,NORWAY,,,-,E,
ENNO,-,-,-,ØSTRE ÆRA AIRPORT,-,-,NORWAY,,,-,E,
ENOL,-,-,FRYA,RINGEBU AIRPORT,-,-,NORWAY,,,-,E,
ENOP,-,-,-,REINSVOLL AIRPORT,-,-,NORWAY,,,-,E,
ENOV,-,-,-,ROGNAN AIRPORT,-,-,NORWAY,,,-,E,
ENRA,-,-,FAGERHAUG,OPPDAL AIRPORT,-,-,NORWAY,,,-,E,
ENRG,-,-,-,SKI AIRPORT,-,-,NORWAY,,,-,E,
ENRI,-,-,STOKKA,SANDNESSJØEN AIRPORT,-,-,NORWAY,,,-,E,
ENRK,-,-,ANDA,SANDANE AIRPORT,-,-,NORWAY,,,-,E,
ENRM,-,-,GRØNNØRA,SNÅSA AIRPORT,-,-,NORWAY,,,-,E,
ENRO,-,-,GEITERYGGEN,SKIEN AIRPORT,-,-,NORWAY,,,-,E,
ENRS,-,-,HAUKÅSEN,SOGNDAL AIRPORT,-,-,NORWAY,,,-,E,
ENRV,-,-,TORP,SANDEFJORD AIRPORT,-,-,NORWAY,,,-,E,
ENRY,-,-,VAKSINEN,OS AIRPORT,-,-,NORWAY,,,-,E,
ENSA,-,-,-,VADSØ AIRPORT,-,-,NORWAY,,,-,E,
ENSB,-,-,-,TYNSET AIRPORT,-,-,NORWAY,,,-,E,
ENSD,-,-,FORUS,STAVANGER AIRPORT,-,-,NORWAY,,,-,E,
ENSG,-,-,-,SVEA AIRPORT,-,-,NORWAY,,,-,E,
ENSH,-,-,-,VÆRØY AIRPORT,-,-,NORWAY,,,-,E,
ENSI,-,-,SØRSTOKKEN,STORD AIRPORT,-,-,NORWAY,,,-,E,
ENSM,-,-,DAGALI,GEILO AIRPORT,-,-,NORWAY,,,-,E,
ENSN,-,-,VINNU,SUNNDALSØRA AIRPORT,-,-,NORWAY,,,-,E,
ENSO,-,-,VÆRNES,TRONDHEIM AIRPORT,-,-,NORWAY,,,-,E,
ENSR,-,-,HELLE,SVOLVÆR AIRPORT,-,-,NORWAY,,,-,E,
ENST,-,-,SKAGEN,STOKMARKNES AIRPORT,-,-,NORWAY,,,-,E,
ENSU,-,-,SÆTERÅSEN,TRYSIL AIRPORT,-,-,NORWAY,,,-,E,
ENTC,-,-,SVARTNES,VARDØ AIRPORT,-,-,NORWAY,,,-,E,
ENTO,-,-,SOLA,STAVANGER AIRPORT,-,-,NORWAY,,,-,E,
ENVA,-,-,BØMOEN,VOSS AIRPORT,-,-,NORWAY,,,-,E,
ENZV,-,-,-,TROMSØ AIRPORT,-,-,NORWAY,,,-,E,
ETAR,RMS,-,KAISERSLAUTERN MILITARY COMMUNITY,RAMSTEIN AIR BASE,-,RAMSTEIN-LANDSTUHL AIR BASE,GERMANY,LAND AIRPORT,MILITARY,-,E,N49-26.2/E007-36.3 
ETMN,-,-,CUXHAVEN,SEA-AIRPORT CUXHAVEN/NORDHOLZ,-,-,GERMANY,,MILITARY,-,E,
ETNL,-,-,-,ROSTOCK-LAAGE AIRPORT,-,-,GERMANY,,MILITARY,-,E,
ETNU,-,-,-,NEUBRANDENBURG AIRPORT,-,-,GERMANY,,MILITARY,-,E,
ETSI,-,-,-,INGOLSTADT MANCHING AIRPORT,-,-,GERMANY,,MILITARY,-,E,
FAAB,ALJ,-,ALEXANDER BAY,ALEXANDER BAY AIRPORT,-,-,SOUTH AFRICA,,,-,F,
FAAG,AGZ,-,AGGENEYS,AGGENEYS AIRPORT,-,-,SOUTH AFRICA,,,-,F,
FAAL,ADY,-,ALLDAYS,ALLDAYS AIRPORT,-,-,SOUTH AFRICA,,,-,F,
FHAW,ASI,-,ASCENSION ISLAND,RAF ASCENSION ISLAND,WIDEAWAKE AIRFIELD,-,UNITED KINGDOM,AIRPORT,MILITARY,-,F,
FMMB,AMY,-,AMBATOMAINTY,AMBATOMAINTY AIRPORT,-,-,MADAGASCAR,,,-,F,
FMME,ATJ,-,ANTSIRABE,ANTSIRABE AIRPORT,-,,MADAGASCAR,LAND AIRPORT,PUBLIC,-,F,
FMMZ,WAM,-,AMBATONDRAZAKA,AMBATONDRAZAKA AIRPORT,-,-,MADAGASCAR,,DUAL,-,F,
FMNE,AMB,-,AMBILOBE,AMBILOBE AIRPORT,-,-,MADAGASCAR,,,-,F,
FMNH,ANM,-,ANTALAHA,ANTSIRABATO AIRPORT,-,,MADAGASCAR,LAND AIRPORT,DUAL,-,F,
FMNW,WAI,-,ANTSOHIHY,AMBALABE AIRPORT,-,,MADAGASCAR,LAND AIRPORT,PUBLIC,-,F,
FMNZ,IVA,-,AMBANJA,AMPAMPAMENA AIRPORT,-,-,MADAGASCAR,,,-,F,
FMSZ,WAK,-,ANKAZOABO,ANKAZOABO AIRPORT,-,,MADAGASCAR,LAND AIRPORT,PUBLIC,-,F,
FOGA,AKE,-,AKIENI,AKIENI AIRPORT,-,-,GABON,,,-,F,
FOGW,AWE,-,WONGA WONGUE PRESIDENTIAL RESERVE,ALOWE AIRPORT,-,-,GABON,,,-,F,
FTTC,AEH,-,ABECHE,ABECHE AIRPORT,-,-,CHAD,,,-,F,
FTTN,AMC,-,AM TIMAN,AM TIMAN AIRPORT,-,-,CHAD,,,-,F,
FYAA,AIW,-,AI-AIS,AI-AIS AIRPORT,-,-,NAMIBIA,,,-,F,
GCFV,-,-,-,FUERTEVENTURA AIRPORT,-,-,SPAIN,,,-,G,
GCGM,-,-,-,LA GOMERA AIRPORT,-,-,SPAIN,,,-,G,
GCHI,-,-,-,EL HIERRO AIRPORT,-,-,SPAIN,,,-,G,
GCLA,-,-,-,LA PALMA AIRPORT,-,-,SPAIN,,,-,G,
GCLP,-,-,-,GRAN CANARIA AIRPORT,-,-,SPAIN,,,-,G,
GCRR,-,-,-,LANZAROTE AIRPORT,-,-,SPAIN,,,-,G,
GCTS,-,-,-,TENERIFE SOUTH AIRPORT,-,-,SPAIN,,,-,G,
GCXO,-,-,-,TENERIFE NORTH AIRPORT,-,-,SPAIN,,,-,G,
GECE,-,-,-,CEUTA HELIPORT,-,-,SPAIN,HELIPORT,,-,G,
GEML,-,-,-,MELILLA AIRPORT,-,-,SPAIN,,,-,G,
GMAD,AGA,-,AGADIR,AGADIR-AL MASSIRA AIRPORT,-,-,MOROCCO,,,-,G,
GMTA,AHU,-,AL HOCEIMA,CHERIF AL IDRISSI AIRPORT,-,-,MOROCCO,,,-,G,
GO66,-,-,DODJI,DODJI AIRPORT,-,-,SENEGAL,,,-,G,
GQNA,AEO,-,AIOUN EL ATROUSS,AIOUN EL ATROUSS AIRPORT,-,-,MAURITANIA,,,-,G,
GQNJ,AJJ,-,AKJOUJT,AKJOUJT AIRPORT,-,-,MAURITANIA,,,-,G,
HAAB,ADD,-,ADDIS ABABA,ADDIS ABABA BOLE INTERNATIONAL AIRPORT,-,HAILE SELASSIE I INTERNATIONAL AIRPORT,ETHIOPIA,,,-,H,
HCMA,ALU,-,ALULA,ALULA AIRPORT,-,-,SOMALIA,,,-,H,
HDAS,AII,-,ALI-SABIEH,ALI-SABIEH AIRPORT,-,-,DJIBOUTI,,,-,H,
HEAX,ALY,-,ALEXANDRIA,EL NOUZHA AIRPORT,ALEXANDRIA INTERNATIONAL AIRPORT,-,EGYPT,,,-,H,
HEBA,HBE,-,ALEXANDRIA,BORG EL ARAB AIRPORT,-,-,EGYPT,,,-,H,
HEBL,ABS,-,ABU SIMBEL,ABU SIMBEL AIRPORT,-,-,EGYPT,,,-,H,
HECA,CAI,-,CAIRO,CAIRO INTERNATIONAL AIRPORT,-,KING FAROUK 1ST AIRPORT,EGYPT,LAND AIRPORT,CIVIL,-,H,N30-06.7/E031-24.8 
KAAF,AAF,-,APALACHICOLA,APALACHICOLA REGIONAL AIRPORT,-,APALACHICOLA MUNICIPAL AIRPORT,UNITED STATES OF AMERICA,,,-,K,
KAAT,-,-,ALTURAS,ALTURAS MUNICIPAL AIRPORT,-,-,UNITED STATES OF AMERICA,,,-,K,
KABE,ABE,-,ALLENTOWN,LEHIGH VALLEY INTERNATIONAL AIRPORT,-,-,UNITED STATES OF AMERICA,,,-,K,
KABI,ABI,-,ABILENE,ABILENE REGIONAL AIRPORT,-,-,UNITED STATES OF AMERICA,,,-,K,
KABQ,ABQ,-,ALBUQUERQUE,ALBUQUERQUE INTERNATIONAL SUNPORT,-,-,UNITED STATES OF AMERICA,,,-,K,
KABR,ABR,-,ABERDEEN,ABERDEEN REGIONAL AIRPORT,-,-,UNITED STATES OF AMERICA,,,-,K,
KABY,ABY,-,ALBANY,SOUTHWEST GEORGIA REGIONAL AIRPORT,-,-,UNITED STATES OF AMERICA,,,-,K,
KACK,ACK,-,NANTUCKET,NANTUCKET MEMORIAL AIRPORT,-,-,UNITED STATES OF AMERICA,,,-,K,
KACT,ACT,-,WACO,WACO REGIONAL AIRPORT,-,-,UNITED STATES OF AMERICA,,,-,K,
KACV,ACV,-,ARCATA/EUREKA,ARCATA AIRPORT,-,-,UNITED STATES OF AMERICA,,,-,K,
KACY,ACY,-,ATLANTIC CITY,ATLANTIC CITY INTERNATIONAL AIRPORT,-,-,UNITED STATES OF AMERICA,,,-,K,
KADG,ADG,-,ADRIAN,LENAWEE COUNTY AIRPORT,-,-,UNITED STATES OF AMERICA,,,-,K,
KADH,ADT,-,ADA,ADA MUNICIPAL AIRPORT,-,-,UNITED STATES OF AMERICA,,,-,K,
KAEL,AEL,-,ALBERT LEA,ALBERT LEA MUNICIPAL AIRPORT,-,-,UNITED STATES OF AMERICA,,,-,K,
KAEX,AEX,-,ALEXANDRIA,ALEXANDRIA INTERNATIONAL AIRPORT,-,-,UNITED STATES OF AMERICA,,,-,K,
KAFO,AFO,-,AFTON,AFTON MUNICIPAL AIRPORT,-,-,UNITED STATES OF AMERICA,,,-,K,
KAGS,AGS,-,AUGUSTA,AUGUSTA REGIONAL AIRPORT,-,BUSH FIELD,UNITED STATES OF AMERICA,,,-,K,
KAHC,AHC,-,HERLONG,AMEDEE ARMY AIRFIELD,-,-,UNITED STATES OF AMERICA,,,-,K,
KAIA,AIA,-,ALLIANCE,ALLIANCE MUNICIPAL AIRPORT,-,ALLIANCE ARMY AIRFIELD,UNITED STATES OF AMERICA,,,-,K,
KAIK,AIK,-,AIKEN,AIKEN REGIONAL AIRPORT,-,AIKEN AIR FORCE STATION,UNITED STATES OF AMERICA,,,-,K,
KAIV,AIV,-,ALICEVILLE,GEORGE DOWNER AIRPORT,-,-,UNITED STATES OF AMERICA,,,-,K,
KAJO,-,-,CORONA,CORONA MUNICIPAL AIRPORT,-,-,UNITED STATES OF AMERICA,,,-,K,
KAKO,AKO,-,AKRON,COLORADO PLAINS REGIONAL AIRPORT,-,-,UNITED STATES OF AMERICA,,,-,K,
KAKR,AKC,-,AKRON,AKRON EXECUTIVE AIRPORT,AKRON-FULTON INTERNATIONAL AIRPORT,-,UNITED STATES OF AMERICA,,,-,K,
KALB,ALB,-,ALBANY,ALBANY INTERNATIONAL AIRPORT,-,-,UNITED STATES OF AMERICA,,,-,K,
KALI,ALI,-,ALICE,ALICE INTERNATIONAL AIRPORT,-,-,UNITED STATES OF AMERICA,,,-,K,
KALM,ALM,-,ALAMOGORDO,ALAMORGORDO-WHITE SANDS REGIONAL AIRPORT,-,ALAMORGORDO MUNICIPAL AIRPORT,UNITED STATES OF AMERICA,,,-,K,
KALN,ALN,-,ALTON,ST. LOUIS REGIONAL AIRPORT,-,-,UNITED STATES OF AMERICA,,,-,K,
KALO,ALO,-,WATERLOO,WATERLOO REGIONAL AIRPORT,-,-,UNITED STATES OF AMERICA,,,-,K,
KALS,ALS,-,ALAMOSA,SAN LUIS VALLEY REGIONAL AIRPORT,BERGMAN FIELD,-,UNITED STATES OF AMERICA,,,-,K,
KALW,ALW,-,WALLA WALLA,WALLA WALLA REGIONAL AIRPORT,-,-,UNITED STATES OF AMERICA,,,-,K,
KALX,ALX,-,ALEXANDER CITY,THOMAS C. RUSSELL FIELD,-,-,UNITED STATES OF AMERICA,,,-,K,
KAMA,AMA,-,AMARILLO,RICK HUSBAND AMARILLO INTERNATIONAL AIRPORT,-,-,UNITED STATES OF AMERICA,,,-,K,
KAMN,AMN,-,ALMA,GRATIOT COMMUNITY AIRPORT,-,-,UNITED STATES OF AMERICA,,,-,K,
KANB,ANB,-,ANNISTON,ANNISTON REGIONAL AIRPORT,-,-,UNITED STATES OF AMERICA,,,-,K,
KANW,ANW,-,AINSWORTH,AINSWORTH REGIONAL AIRPORT,AINSWORTH MUNICIPLE AIRPORT,AINSWORTH ARMY AIRFIELD,UNITED STATES OF AMERICA,,,-,K,
KAOO,AOO,-,ALTOONA,ALTOONA-BLAIR COUNTY AIRPORT,-,-,UNITED STATES OF AMERICA,,,-,K,
KAPC,APC,-,NAPA,NAPA COUNTY AIRPORT,-,-,UNITED STATES OF AMERICA,,,-,K,
KAPG,APG,-,ABERDEEN,PHILLIPS ARMY AIRFIELD,-,-,UNITED STATES OF AMERICA,,,-,K,
KAPN,APN,-,ALPENA,ALPENA COUNTY REGIONAL AIRPORT,-,-,UNITED STATES OF AMERICA,,,-,K,
KAPV,APV,-,APPLE VALLEY,APPLE VALLEY AIRPORT,-,-,UNITED STATES OF AMERICA,,,-,K,
KART,ART,-,WATERTOWN,WATERTOWN INTERNATIONAL AIRPORT,-,-,UNITED STATES OF AMERICA,,,-,K,
KASE,ASE,ASE,ASPEN,ASPEN/PITKIN COUNTY AIRPORT,SARDY FIELD,-,UNITED STATES OF AMERICA,LAND AIRPORT,PUBLIC,FAA LID,K,
KASN,ASN,-,TALLADEGA,TALLADEGA MUNICIPAL AIRPORT,-,-,UNITED STATES OF AMERICA,,,-,K,
KATL,ATL,-,ATLANTA,HARTSFIELD–JACKSON ATLANTA INTERNATIONAL AIRPORT,-,-,UNITED STATES OF AMERICA,,,-,K,
KATW,ATW,-,APPLETON,APPLETON INTERNATIONAL AIRPORT,-,-,UNITED STATES OF AMERICA,,,-,K,
KATY,ATY,-,WATERTOWN,WATERTOWN REGIONAL AIRPORT,-,-,UNITED STATES OF AMERICA,,,-,K,
KAUN,AUN,-,AUBURN,AUBURN MUNICIPAL AIRPORT,-,-,UNITED STATES OF AMERICA,,,-,K,
KAUO,AUO,-,AUBURN,AUBURN UNIVERSITY REGIONAL AIRPORT,-,-,UNITED STATES OF AMERICA,,,-,K,
KAUS,AUS,-,AUSTIN,AUSTIN–BERGSTROM INTERNATIONAL AIRPORT,-,-,UNITED STATES OF AMERICA,,,-,K,
KAVL,AVL,-,ASHEVILLE,ASHEVILLE REGIONAL AIRPORT,-,-,UNITED STATES OF AMERICA,,,-,K,
KAVP,AVP,-,WILKES-BARRE,WILKES-BARRE/SCRANTON INTERNATIONAL AIRPORT,-,-,UNITED STATES OF AMERICA,,,-,K,
KAVX,CIB,-,AVALON,CATALINA AIRPORT,-,-,UNITED STATES OF AMERICA,,,-,K,
KAXA,AXG,-,ALGONA,ALGONA MUNICIPAL AIRPORT,-,-,UNITED STATES OF AMERICA,,,-,K,
KAXN,AXN,-,ALEXANDRIA,ALEXANDRIA MUNICIPAL AIRPORT,CHANDLER FIELD,-,UNITED STATES OF AMERICA,,,-,K,
KAXS,AXS,-,ALTUS,ALTUS / QUARTZ MOUNTAIN REGIONAL AIRPORT,-,-,UNITED STATES OF AMERICA,,,-,K,
KAZO,AZO,-,KALAMAZOO,KALAMAZOO/BATTLE CREEK INTERNATIONAL AIRPORT,-,-,UNITED STATES OF AMERICA,,,-,K,
KBAB,BAB,-,MARYSVILLE,BEALE AIR FORCE BASE,-,-,UNITED STATES OF AMERICA,,,-,K,
KBDL,BDL,-,HARTFORD,BRADLEY INTERNATIONAL AIRPORT,-,-,UNITED STATES OF AMERICA,,,-,K,
KBED,BED,-,BEDFORD,HANSCOM FIELD / HANSCOM AIR FORCE BASE,-,-,UNITED STATES OF AMERICA,,,-,K,
KBFF,BFF,-,SCOTTSBLUFF,WESTERN NEBRASKA REGIONAL AIRPORT,WILLIAM B. HEILIG FIELD,-,UNITED STATES OF AMERICA,,,-,K,
KBFI,BFI,-,SEATTLE,KING COUNTY INTERNATIONAL AIRPORT,BOEING FIELD,-,UNITED STATES OF AMERICA,,,-,K,
KBFL,BFL,-,BAKERSFIELD,MEADOWS FIELD,-,-,UNITED STATES OF AMERICA,,,-,K,
KBFM,BFM,-,MOBILE,MOBILE DOWNTOWN AIRPORT ,-,BROOKLEY AEROPLEX,UNITED STATES OF AMERICA,,,-,K,
KBGM,BGM,-,BINGHAMTON,GREATER BINGHAMTON AIRPORT,EDWIN A. LINK FIELD,-,UNITED STATES OF AMERICA,,,-,K,
KBGR,BGR,-,BANGOR,BANGOR INTERNATIONAL AIRPORT,-,-,UNITED STATES OF AMERICA,,,-,K,
KBHM,BHM,-,BIRMINGHAM,BIRMINGHAM–SHUTTLESWORTH INTERNATIONAL AIRPORT,-,-,UNITED STATES OF AMERICA,,,-,K,
KBID,BID,-,BLOCK ISLAND,BLOCK ISLAND STATE AIRPORT,-,-,UNITED STATES OF AMERICA,,,-,K,
KBIH,BIH,-,BISHOP,EASTERN SIERRA REGIONAL AIRPORT,-,-,UNITED STATES OF AMERICA,,,-,K,
KBIL,BIL,-,BILLINGS,BILLINGS LOGAN INTERNATIONAL AIRPORT,-,-,UNITED STATES OF AMERICA,,,-,K,
KBIS,BIS,-,BISMARCK,BISMARCK MUNICIPAL AIRPORT,-,-,UNITED STATES OF AMERICA,,,-,K,
KBJI,BJI,-,BEMIDJI,BEMIDJI REGIONAL AIRPORT,-,-,UNITED STATES OF AMERICA,,,-,K,
KBLH,BLH,-,BLYTHE,BLYTHE AIRPORT,-,-,UNITED STATES OF AMERICA,,,-,K,
KBLI,BLI,-,BELLINGHAM,BELLINGHAM INTERNATIONAL AIRPORT,-,-,UNITED STATES OF AMERICA,,,-,K,
KBLU,BLU,-,EMIGRANT GAP,BLUE CANYON - NYACK AIRPORT,-,-,UNITED STATES OF AMERICA,,,-,K,
KBLV,BLV,BLV,BELLEVILLE,SCOTT AIR FORCE BASE,MIDAMERICA ST. LOUIS AIRPORT,-,UNITED STATES OF AMERICA,LAND AIRPORT,DUAL,FAA LID,K,
KBMI,BMI,-,BLOOMINGTON / NORMAL,CENTRAL ILLINOIS REGIONAL AIRPORT,-,-,UNITED STATES OF AMERICA,,,-,K,
KBNA,BNA,-,NASHVILLE,NASHVILLE INTERNATIONAL AIRPORT,BERRY FIELD,-,UNITED STATES OF AMERICA,,,-,K,
KBNG,BNG,-,BANNING,BANNING MUNICIPAL AIRPORT,-,-,UNITED STATES OF AMERICA,,,-,K,
KBOF,BOF,-,ANACOSTIA,JOINT BASE ANACOSTIA-BOLLING,-,-,UNITED STATES OF AMERICA,,,-,K,
KBOI,BOI,-,BOISE,BOISE AIRPORT,-,-,UNITED STATES OF AMERICA,,,-,K,
KBOS,BOS,-,BOSTON,GEN. EDWARD LAWRENCE LOGAN INTERNATIONAL AIRPORT,-,-,UNITED STATES OF AMERICA,,,-,K,
KBPT,BPT,-,BEAUMONT,JACK BROOKS REGIONAL AIRPORT ,-,SOUTHEAST TEXAS REGIONAL,UNITED STATES OF AMERICA,,,-,K,
KBQK,BQK,-,BRUNSWICK,BRUNSWICK GOLDEN ISLES AIRPORT,-,-,UNITED STATES OF AMERICA,,,-,K,
KBRD,BRD,-,BRAINERD,BRAINERD LAKES REGIONAL AIRPORT,-,-,UNITED STATES OF AMERICA,,,-,K,
KBRO,BRO,-,BROWNSVILLE,SOUTH PADRE ISLAND INTERNATIONAL AIRPORT,-,-,UNITED STATES OF AMERICA,,,-,K,
KBTM,BTM,-,BUTTE,BERT MOONEY AIRPORT,-,-,UNITED STATES OF AMERICA,,,-,K,
KBTR,BTR,-,BATON ROUGE,BATON ROUGE METROPOLITAN AIRPORT,-,-,UNITED STATES OF AMERICA,,,-,K,
KBTV,BTV,-,BURLINGTON,BURLINGTON INTERNATIONAL AIRPORT,-,-,UNITED STATES OF AMERICA,,,-,K,
KBUF,BUF,-,BUFFALO,BUFFALO NIAGARA INTERNATIONAL AIRPORT,-,-,UNITED STATES OF AMERICA,,,-,K,
KBUR,BUR,-,BURBANK,HOLLYWOOD BURBANK AIRPORT,-,BOB HOPE AIRPORT,UNITED STATES OF AMERICA,,,-,K,
KBVU,BLD,-,BOULDER CITY,BOULDER CITY MUNICIPAL AIRPORT,-,-,UNITED STATES OF AMERICA,,,-,K,
KBWC,BWC,-,BRAWLEY,BRAWLEY MUNICIPAL AIRPORT,-,-,UNITED STATES OF AMERICA,,,-,K,
KBWI,BWI,-,BALTIMORE,BALTIMORE/WASHINGTON INTERNATIONAL AIRPORT,-,-,UNITED STATES OF AMERICA,,,-,K,
KBYS,BYS,-,"FORT IRWIN / BARSTOW, CALIFORNIA",BICYCLE LAKE ARMY AIRFIELD,-,-,UNITED STATES OF AMERICA,,,-,K,
KBZN,BZN,-,BOZEMAN,BOZEMAN YELLOWSTONE INTERNATIONAL AIRPORT,-,-,UNITED STATES OF AMERICA,,,-,K,
KCAE,CAE,-,COLUMBIA,COLUMBIA METROPOLITAN AIRPORT,-,-,UNITED STATES OF AMERICA,,,-,K,
KCAK,CAK,-,AKRON,AKRON–CANTON AIRPORT,-,-,UNITED STATES OF AMERICA,,,-,K,
KCCB,CCB,-,UPLAND,CABLE AIRPORT,-,-,UNITED STATES OF AMERICA,,,-,K,
KCCR,CCR,-,CONCORD,BUCHANAN FIELD AIRPORT,-,-,UNITED STATES OF AMERICA,,,-,K,
KCDC,CDC,-,CEDAR CITY,CEDAR CITY REGIONAL AIRPORT,-,-,UNITED STATES OF AMERICA,,,-,K,
KCEC,CEC,-,CRESCENT CITY,DEL NORTE COUNTY AIRPORT,-,-,UNITED STATES OF AMERICA,,,-,K,
KCHA,CHA,-,CHATTANOOGA,CHATTANOOGA METROPOLITAN AIRPORT,-,-,UNITED STATES OF AMERICA,,,-,K,
KCHO,CHO,-,CHARLOTTESVILLE,CHARLOTTESVILLE–ALBEMARLE AIRPORT,-,-,UNITED STATES OF AMERICA,,,-,K,
KCHS,CHS,-,CHARLESTON,CHARLESTON INTERNATIONAL AIRPORT,-,-,UNITED STATES OF AMERICA,,,-,K,
KCIC,CIC,-,CHICO,CHICO MUNICIPAL AIRPORT,-,-,UNITED STATES OF AMERICA,,,-,K,
KCID,CID,-,CEDAR RAPIDS,THE EASTERN IOWA AIRPORT,-,-,UNITED STATES OF AMERICA,,,-,K,
KCIU,CIU,-,SAULT STE. MARIE,CHIPPEWA COUNTY INTERNATIONAL AIRPORT,-,-,UNITED STATES OF AMERICA,,,-,K,
KCKB,CKB,-,CLARKSBURG,NORTH CENTRAL WEST VIRGINIA AIRPORT,-,HARRISON-MARION REGIONAL,UNITED STATES OF AMERICA,,,-,K,
KCLE,CLE,-,CLEVELAND,CLEVELAND HOPKINS INTERNATIONAL AIRPORT,-,-,UNITED STATES OF AMERICA,,,-,K,
KCLL,CLL,-,COLLEGE STATION,EASTERWOOD AIRPORT ,EASTERWOOD FIELD,-,UNITED STATES OF AMERICA,,,-,K,
KCLR,CLR,-,CALIPATRIA,CLIFF HATFIELD MEMORIAL AIRPORT,-,-,UNITED STATES OF AMERICA,,,-,K,
KCLT,CLT,-,CHARLOTTE,CHARLOTTE/DOUGLAS INTERNATIONAL AIRPORT,-,-,UNITED STATES OF AMERICA,,,-,K,
KCMA,-,-,CAMARILLO,CAMARILLO AIRPORT,-,-,UNITED STATES OF AMERICA,,,-,K,
KCMD,-,-,CULLMAN,CULLMAN REGIONAL AIRPORT,-,-,UNITED STATES OF AMERICA,,,-,K,
KCMH,CMH,-,COLUMBUS,JOHN GLENN COLUMBUS INTERNATIONAL AIRPORT,-,-,UNITED STATES OF AMERICA,,,-,K,
KCMI,CMI,-,CHAMPAIGN / URBANA / SAVOY,UNIVERSITY OF ILLINOIS - WILLARD AIRPORT,-,-,UNITED STATES OF AMERICA,,,-,K,
KCMX,CMX,-,HOUGHTON,HOUGHTON COUNTY MEMORIAL AIRPORT,-,-,UNITED STATES OF AMERICA,,,-,K,
KCNO,CNO,-,CHINO,CHINO AIRPORT,-,-,UNITED STATES OF AMERICA,,,-,K,
KCNY,CNY,-,MOAB,CANYONLANDS FIELD,-,-,UNITED STATES OF AMERICA,,,-,K,
KCOD,COD,-,CODY,YELLOWSTONE REGIONAL AIRPORT,-,-,UNITED STATES OF AMERICA,,,-,K,
KCOS,COS,-,COLORADO SPRINGS,CITY OF COLORADO SPRINGS MUNICIPAL AIRPORT,-,-,UNITED STATES OF AMERICA,,,-,K,
KCOU,COU,-,COLUMBIA,COLUMBIA REGIONAL AIRPORT,-,-,UNITED STATES OF AMERICA,,,-,K,
KCPM,CPM,-,COMPTON,COMPTON/WOODLEY AIRPORT,-,-,UNITED STATES OF AMERICA,,,-,K,
KCPR,CPR,-,CASPER,CASPER–NATRONA COUNTY INTERNATIONAL AIRPORT,-,-,UNITED STATES OF AMERICA,,,-,K,
KCPU,-,-,SAN ANDREAS,CALAVERAS COUNTY AIRPORT,-,-,UNITED STATES OF AMERICA,,,-,K,
KCQF,-,-,FAIRHOPE,H. L. SONNY CALLAHAN AIRPORT,-,-,UNITED STATES OF AMERICA,,,-,K,
KCRP,CRP,-,CORPUS CHRISTI,CORPUS CHRISTI INTERNATIONAL AIRPORT,-,-,UNITED STATES OF AMERICA,,,-,K,
KCRQ,CLD,-,CARLSBAD,MCCLELLAN–PALOMAR AIRPORT,-,-,UNITED STATES OF AMERICA,,,-,K,
KCRW,CRW,-,CHARLESTON,YEAGER AIRPORT,-,-,UNITED STATES OF AMERICA,,,-,K,
KCSG,CSG,-,COLUMBUS,COLUMBUS AIRPORT,-,-,UNITED STATES OF AMERICA,,,-,K,
KCSL,CSL,-,CAMP SAN LUIS OBISPO,O'SULLIVAN AHP,-,-,UNITED STATES OF AMERICA,,,-,K,
KCVG,CVG,-,CINCINNATI/COVINGTON,CINCINNATI/NORTHERN KENTUCKY INTERNATIONAL AIRPORT,-,-,UNITED STATES OF AMERICA,,,-,K,
KCVH,HLI,-,HOLLISTER,HOLLISTER MUNICIPAL AIRPORT,-,-,UNITED STATES OF AMERICA,,,-,K,
KCWA,CWA,-,MOSINEE,CENTRAL WISCONSIN AIRPORT,-,-,UNITED STATES OF AMERICA,,,-,K,
KCXL,CXL,-,CALEXICO,CALEXICO INTERNATIONAL AIRPORT,-,-,UNITED STATES OF AMERICA,,,-,K,
KDAB,DAB,-,DAYTONA BEACH,DAYTONA BEACH INTERNATIONAL AIRPORT,-,-,UNITED STATES OF AMERICA,,,-,K,
KDAG,DAG,-,DAGGETT,BARSTOW-DAGGETT AIRPORT,-,-,UNITED STATES OF AMERICA,,,-,K,
KDAL,DAL,-,DALLAS,DALLAS LOVE FIELD,-,-,UNITED STATES OF AMERICA,,,-,K,
KDAY,DAY,-,DAYTON,JAMES M. COX DAYTON INTERNATIONAL AIRPORT,-,-,UNITED STATES OF AMERICA,,,-,K,
KDBQ,DBQ,-,DUBUQUE,DUBUQUE REGIONAL AIRPORT,-,-,UNITED STATES OF AMERICA,,,-,K,
KDCA,DCA,-,"WASHINGTON, D.C. / ARLINGTON COUNTY",RONALD REAGAN WASHINGTON NATIONAL AIRPORT,-,-,UNITED STATES OF AMERICA,,,-,K,
KDCU,DCU,-,DECATUR,PRYOR FIELD REGIONAL AIRPORT,-,-,UNITED STATES OF AMERICA,,,-,K,
KDEN,DEN,-,DENVER,DENVER INTERNATIONAL AIRPORT,-,-,UNITED STATES OF AMERICA,,,-,K,
KDFW,DFW,-,DALLAS,DALLAS/FORT WORTH INTERNATIONAL AIRPORT,-,-,UNITED STATES OF AMERICA,,,-,K,
KDHN,DHN,-,DOTHAN,DOTHAN REGIONAL AIRPORT,-,-,UNITED STATES OF AMERICA,,,-,K,
KDIK,DIK,-,DICKINSON,DICKINSON THEODORE ROOSEVELT REGIONAL AIRPORT,-,-,UNITED STATES OF AMERICA,,,-,K,
KDLH,DLH,-,DULUTH,DULUTH INTERNATIONAL AIRPORT,-,-,UNITED STATES OF AMERICA,,,-,K,
KDLO,-,-,DELANO,DELANO MUNICIPAL AIRPORT,-,-,UNITED STATES OF AMERICA,,,-,K,
KDRO,DRO,-,DURANGO,DURANGO–LA PLATA COUNTY AIRPORT,-,-,UNITED STATES OF AMERICA,,,-,K,
KDSM,DSM,-,DES MOINES,DES MOINES INTERNATIONAL AIRPORT,-,-,UNITED STATES OF AMERICA,,,-,K,
KDTW,DTW,-,DETROIT,DETROIT METROPOLITAN AIRPORT,-,-,UNITED STATES OF AMERICA,,,-,K,
KDVO,NOT,-,NOVATO,GNOSS FIELD,-,-,UNITED STATES OF AMERICA,,,-,K,
KDWA,-,-,DAVIS / WOODLAND / WINTERS,YOLO COUNTY AIRPORT,-,-,UNITED STATES OF AMERICA,,,-,K,
KDYA,-,-,DEMOPOLIS,DEMOPOLIS REGIONAL AIRPORT,-,-,UNITED STATES OF AMERICA,,,-,K,
KDYS,DYS,-,ABILENE,DYESS AIR FORCE BASE,-,-,UNITED STATES OF AMERICA,,,-,K,
KEAT,EAT,-,WENATCHEE,PANGBORN MEMORIAL AIRPORT,-,-,UNITED STATES OF AMERICA,,,-,K,
KEAU,EAU,-,EAU CLAIRE,CHIPPEWA VALLEY REGIONAL AIRPORT,-,-,UNITED STATES OF AMERICA,,,-,K,
KECP,ECP,-,PANAMA CITY,NORTHWEST FLORIDA BEACHES INTERNATIONAL AIRPORT[NB 2],-,-,UNITED STATES OF AMERICA,,,-,K,
KEDN,ETS,-,ENTERPRISE,ENTERPRISE MUNICIPAL AIRPORT,-,-,UNITED STATES OF AMERICA,,,-,K,
KEDU,-,-,DAVIS,UNIVERSITY AIRPORT,-,-,UNITED STATES OF AMERICA,,,-,K,
KEDW,EDW,EDW,MOHAVE,EDWARDS AIR FORCE BASE,-,MUROC AIR FORCE BASE,UNITED STATES OF AMERICA,LAND AIRPORT,MILITARY,-,K,
KEED,EED,-,NEEDLES,NEEDLES AIRPORT,-,-,UNITED STATES OF AMERICA,,,-,K,
KEET,-,-,ALABASTER,SHELBY COUNTY AIRPORT,-,-,UNITED STATES OF AMERICA,,,-,K,
KEGE,EGE,-,EAGLE/VAIL,EAGLE COUNTY REGIONAL AIRPORT,-,-,UNITED STATES OF AMERICA,,,-,K,
KEKA,EKA,-,EUREKA,MURRAY FIELD,-,-,UNITED STATES OF AMERICA,,,-,K,
KEKO,EKO,-,ELKO,ELKO REGIONAL AIRPORT,J.C. HARRIS FIELD,-,UNITED STATES OF AMERICA,,,-,K,
KEKY,-,-,BESSEMER,BESSEMER AIRPORT,-,-,UNITED STATES OF AMERICA,,,-,K,
KELM,ELM,-,ELMIRA,ELMIRA/CORNING REGIONAL AIRPORT,-,-,UNITED STATES OF AMERICA,,,-,K,
KELP,ELP,-,EL PASO,EL PASO INTERNATIONAL AIRPORT,-,-,UNITED STATES OF AMERICA,,,-,K,
KEMT,EMT,-,EL MONTE,EL MONTE AIRPORT,-,-,UNITED STATES OF AMERICA,,,-,K,
KERI,ERI,-,ERIE,ERIE INTERNATIONAL AIRPORT,TOM RIDGE FIELD,-,UNITED STATES OF AMERICA,,,-,K,
KESC,ESC,-,ESCANABA,DELTA COUNTY AIRPORT,-,-,UNITED STATES OF AMERICA,,,-,K,
KESF,ESF,-,ALEXANDRIA,ESLER REGIONAL AIRPORT,ESLER FIELD,-,UNITED STATES OF AMERICA,,,-,K,
KEUF,EUF,-,EUFAULA,WEEDON FIELD,-,-,UNITED STATES OF AMERICA,,,-,K,
KEUG,EUG,-,EUGENE,EUGENE AIRPORT,MAHLON SWEET FIELD,-,UNITED STATES OF AMERICA,,,-,K,
KEVV,EVV,-,EVANSVILLE,EVANSVILLE REGIONAL AIRPORT,-,-,UNITED STATES OF AMERICA,,,-,K,
KEWN,EWN,-,NEW BERN,COASTAL CAROLINA REGIONAL AIRPORT,-,-,UNITED STATES OF AMERICA,,,-,K,
KEWR,EWR,-,NEW YORK / NEWARK,NEWARK LIBERTY INTERNATIONAL AIRPORT,-,-,UNITED STATES OF AMERICA,,,-,K,
KEYW,EYW,-,KEY WEST,KEY WEST INTERNATIONAL AIRPORT,-,-,UNITED STATES OF AMERICA,,,-,K,
KFAR,FAR,-,FARGO,HECTOR INTERNATIONAL AIRPORT,-,-,UNITED STATES OF AMERICA,,,-,K,
KFAT,FAT,-,FRESNO,FRESNO YOSEMITE INTERNATIONAL AIRPORT,-,-,UNITED STATES OF AMERICA,,,-,K,
KFAY,FAY,-,FAYETTEVILLE,FAYETTEVILLE REGIONAL AIRPORT,GRANNIS FIELD,-,UNITED STATES OF AMERICA,,,-,K,
KFCH,FCH,-,FRESNO,FRESNO CHANDLER EXECUTIVE AIRPORT,-,-,UNITED STATES OF AMERICA,,,-,K,
KFHR,FRD,-,FRIDAY HARBOR,FRIDAY HARBOR AIRPORT,-,-,UNITED STATES OF AMERICA,,,-,K,
KFLG,FLG,-,FLAGSTAFF,FLAGSTAFF PULLIAM AIRPORT,-,-,UNITED STATES OF AMERICA,,,-,K,
KFLL,FLL,-,FORT LAUDERDALE,FORT LAUDERDALE–HOLLYWOOD INTERNATIONAL AIRPORT,-,-,UNITED STATES OF AMERICA,,,-,K,
KFLO,FLO,-,FLORENCE,FLORENCE REGIONAL AIRPORT,-,-,UNITED STATES OF AMERICA,,,-,K,
KFNT,FNT,-,FLINT,BISHOP INTERNATIONAL AIRPORT,-,-,UNITED STATES OF AMERICA,,,-,K,
KFOT,-,-,FORTUNA,ROHNERVILLE AIRPORT,-,-,UNITED STATES OF AMERICA,,,-,K,
KFSD,FSD,-,SIOUX FALLS,SIOUX FALLS REGIONAL AIRPORT ,JOE FOSS FIELD,-,UNITED STATES OF AMERICA,,,-,K,
KFSM,FSM,-,FORT SMITH,FORT SMITH REGIONAL AIRPORT,-,-,UNITED STATES OF AMERICA,,,-,K,
KFUL,FUL,-,FULLERTON,FULLERTON MUNICIPAL AIRPORT,-,-,UNITED STATES OF AMERICA,,,-,K,
KFWA,FWA,-,FORT WAYNE,FORT WAYNE INTERNATIONAL AIRPORT,-,-,UNITED STATES OF AMERICA,,,-,K,
KGAD,GAD,-,GADSDEN,NORTHEAST ALABAMA REGIONAL AIRPORT ,-,GADSDEN MUNICIPAL,UNITED STATES OF AMERICA,,,-,K,
KGCC,GCC,-,GILLETTE,GILLETTE–CAMPBELL COUNTY AIRPORT,-,-,UNITED STATES OF AMERICA,,,-,K,
KGCK,GCK,-,GARDEN CITY,GARDEN CITY REGIONAL AIRPORT,-,-,UNITED STATES OF AMERICA,,,-,K,
KGCN,GCN,-,GRAND CANYON,GRAND CANYON NATIONAL PARK AIRPORT,-,-,UNITED STATES OF AMERICA,,,-,K,
KGEG,GEG,-,SPOKANE,SPOKANE INTERNATIONAL AIRPORT ,GEIGER FIELD,-,UNITED STATES OF AMERICA,,,-,K,
KGFK,GFK,-,GRAND FORKS,GRAND FORKS INTERNATIONAL AIRPORT,-,-,UNITED STATES OF AMERICA,,,-,K,
KGGG,GGG,-,LONGVIEW,EAST TEXAS REGIONAL AIRPORT,-,-,UNITED STATES OF AMERICA,,,-,K,
KGJT,GJT,-,GRAND JUNCTION,GRAND JUNCTION REGIONAL AIRPORT,WALKER FIELD,-,UNITED STATES OF AMERICA,,,-,K,
KGNV,GNV,-,GAINESVILLE,GAINESVILLE REGIONAL AIRPORT,-,-,UNITED STATES OF AMERICA,,,-,K,
KGOO,GOO,-,GRASS VALLEY,NEVADA COUNTY AIR PARK,-,-,UNITED STATES OF AMERICA,,,-,K,
KGPI,FCA,-,KALISPELL,GLACIER PARK INTERNATIONAL AIRPORT,-,-,UNITED STATES OF AMERICA,,,-,K,
KGPT,GPT,-,GULFPORT / BILOXI,GULFPORT–BILOXI INTERNATIONAL AIRPORT,-,-,UNITED STATES OF AMERICA,,,-,K,
KGRB,GRB,-,GREEN BAY,GREEN BAY–AUSTIN STRAUBEL INTERNATIONAL AIRPORT,-,-,UNITED STATES OF AMERICA,,,-,K,
KGRI,GRI,-,GRAND ISLAND,CENTRAL NEBRASKA REGIONAL AIRPORT,-,-,UNITED STATES OF AMERICA,,,-,K,
KGRK,GRK,-,KILLEEN,KILLEEN–FORT HOOD REGIONAL AIRPORT / ROBERT GRAY ARMY AIRFIELD,-,-,UNITED STATES OF AMERICA,,,-,K,
KGRR,GRR,-,GRAND RAPIDS,GERALD R. FORD INTERNATIONAL AIRPORT,-,-,UNITED STATES OF AMERICA,,,-,K,
KGSO,GSO,-,GREENSBORO,PIEDMONT TRIAD INTERNATIONAL AIRPORT,-,-,UNITED STATES OF AMERICA,,,-,K,
KGSP,GSP,-,GREENVILLE,GREENVILLE–SPARTANBURG INTERNATIONAL AIRPORT ,ROGER MILLIKEN FIELD,-,UNITED STATES OF AMERICA,,,-,K,
KGTF,GTF,-,GREAT FALLS,GREAT FALLS INTERNATIONAL AIRPORT,-,-,UNITED STATES OF AMERICA,,,-,K,
KGTR,GTR,-,COLUMBUS,GOLDEN TRIANGLE REGIONAL AIRPORT,-,-,UNITED STATES OF AMERICA,,,-,K,
KGUC,GUC,-,GUNNISON,GUNNISON–CRESTED BUTTE REGIONAL AIRPORT,-,-,UNITED STATES OF AMERICA,,,-,K,
KGXA,-,-,PALMDALE,GREY BUTTE FIELD,-,-,UNITED STATES OF AMERICA,,,-,K,
KGZH,-,-,EVERGREEN,MIDDLETON FIELD,-,-,UNITED STATES OF AMERICA,,,-,K,
KHAB,HAB,-,HAMILTON,MARION COUNTY – RANKIN FITE AIRPORT,-,-,UNITED STATES OF AMERICA,,,-,K,
KHAF,HAF,-,HALF MOON BAY,HALF MOON BAY AIRPORT,-,-,UNITED STATES OF AMERICA,,,-,K,
KHDN,HDN,-,HAYDEN,YAMPA VALLEY AIRPORT,YAMPA VALLEY REGIONAL,-,UNITED STATES OF AMERICA,,,-,K,
KHES,-,-,HEALDSBURG,HEALDSBURG MUNICIPAL AIRPORT,-,-,UNITED STATES OF AMERICA,,,-,K,
KHEY,HEY,-,OZARK,HANCHEY ARMY HELIPORT ,-,LOCATED AT FORT RUCKER,UNITED STATES OF AMERICA,HELIPORT,,-,K,
KHGR,HGR,-,HAGERSTOWN,HAGERSTOWN REGIONAL AIRPORT ,RICHARD A. HENSON FIELD,-,UNITED STATES OF AMERICA,,,-,K,
KHGT,HGT,-,FORT HUNTER LIGGETT / JOLON,TUSI ARMY HELIPORT,-,-,UNITED STATES OF AMERICA,HELIPORT,,-,K,
KHHR,HHR,-,HAWTHORNE,HAWTHORNE MUNICIPAL AIRPORT,-,-,UNITED STATES OF AMERICA,,,-,K,
KHIB,HIB,-,HIBBING,RANGE REGIONAL AIRPORT,-,CHISHOLM–HIBBING AIRPORT,UNITED STATES OF AMERICA,,,-,K,
KHJO,-,-,HANFORD,HANFORD MUNICIPAL AIRPORT,-,-,UNITED STATES OF AMERICA,,,-,K,
KHLN,HLN,-,HELENA,HELENA REGIONAL AIRPORT,-,-,UNITED STATES OF AMERICA,,,-,K,
KHMN,HMN,-,ALAMOGORDO,HOLLOMAN AIR FORCE BASE,-,-,UNITED STATES OF AMERICA,,MILITARY,-,K,
KHMT,HMT,-,HEMET,HEMET-RYAN AIRPORT,-,-,UNITED STATES OF AMERICA,,,-,K,
KHOB,HOB,-,HOBBS,LEA COUNTY REGIONAL AIRPORT,-,-,UNITED STATES OF AMERICA,,,-,K,
KHOU,HOU,-,HOUSTON,WILLIAM P. HOBBY AIRPORT,-,-,UNITED STATES OF AMERICA,,,-,K,
KHPN,HPN,-,WHITE PLAINS,WESTCHESTER COUNTY AIRPORT,-,-,UNITED STATES OF AMERICA,,,-,K,
KHRL,HRL,-,HARLINGEN,VALLEY INTERNATIONAL AIRPORT,-,-,UNITED STATES OF AMERICA,,,-,K,
KHSV,HSV,-,HUNTSVILLE,HUNTSVILLE INTERNATIONAL AIRPORT,CARL T. JONES FIELD,-,UNITED STATES OF AMERICA,,,-,K,
KHTS,HTS,-,HUNTINGTON,TRI-STATE AIRPORT,MILTON J. FERGUSON FIELD,-,UNITED STATES OF AMERICA,,,-,K,
KHUA,HUA,-,HUNTSVILLE,REDSTONE ARMY AIRFIELD ,REDSTONE ARSENAL,-,UNITED STATES OF AMERICA,,,-,K,
KHVN,HVN,-,NEW HAVEN,TWEED-NEW HAVEN AIRPORT,-,-,UNITED STATES OF AMERICA,,,-,K,
KHWD,HWD,-,HAYWARD,HAYWARD EXECUTIVE AIRPORT,-,-,UNITED STATES OF AMERICA,,,-,K,
KHXD,HHH,-,HILTON HEAD,HILTON HEAD AIRPORT,-,-,UNITED STATES OF AMERICA,,,-,K,
KHYA,HYA,-,HYANNIS,BARNSTABLE MUNICIPAL AIRPORT,-,-,UNITED STATES OF AMERICA,,,-,K,
KHYS,HYS,-,HAYS,HAYS REGIONAL AIRPORT,-,-,UNITED STATES OF AMERICA,,,-,K,
KIAD,IAD,-,"WASHINGTON, D.C. / DULLES / CHANTILLY",WASHINGTON DULLES INTERNATIONAL AIRPORT,-,-,UNITED STATES OF AMERICA,,,-,K,
KIAG,IAG,-,NIAGARA FALLS,NIAGARA FALLS INTERNATIONAL AIRPORT,-,-,UNITED STATES OF AMERICA,,,-,K,
KIAH,IAH,-,HOUSTON,GEORGE BUSH INTERCONTINENTAL AIRPORT,-,-,UNITED STATES OF AMERICA,,,-,K,
KICT,ICT,-,WICHITA,WICHITA DWIGHT D. EISENHOWER NATIONAL AIRPORT (FORMERLY WICHITA MID-CONTINENT AIRPORT),-,-,UNITED STATES OF AMERICA,,,-,K,
KIDA,IDA,-,IDAHO FALLS,IDAHO FALLS REGIONAL AIRPORT ,FANNING FIELD,-,UNITED STATES OF AMERICA,,,-,K,
KIFP,IFP,-,BULLHEAD CITY,LAUGHLIN/BULLHEAD INTERNATIONAL AIRPORT,-,-,UNITED STATES OF AMERICA,,,-,K,
KILM,ILM,-,WILMINGTON,WILMINGTON INTERNATIONAL AIRPORT,-,-,UNITED STATES OF AMERICA,,,-,K,
KIMT,IMT,-,IRON MOUNTAIN,FORD AIRPORT,-,-,UNITED STATES OF AMERICA,,,-,K,
KIND,IND,-,INDIANAPOLIS,INDIANAPOLIS INTERNATIONAL AIRPORT,-,-,UNITED STATES OF AMERICA,,,-,K,
KINL,INL,-,INTERNATIONAL FALLS,FALLS INTERNATIONAL AIRPORT,-,-,UNITED STATES OF AMERICA,,,-,K,
KIPL,IPL,-,IMPERIAL / EL CENTRO,IMPERIAL COUNTY AIRPORT,-,-,UNITED STATES OF AMERICA,,,-,K,
KIPT,IPT,-,WILLIAMSPORT,WILLIAMSPORT REGIONAL AIRPORT,-,-,UNITED STATES OF AMERICA,,,-,K,
KISP,ISP,-,ISLIP,LONG ISLAND MACARTHUR AIRPORT,-,-,UNITED STATES OF AMERICA,,,-,K,
KITH,ITH,-,ITHACA,ITHACA TOMPKINS INTERNATIONAL AIRPORT,-,-,UNITED STATES OF AMERICA,,,-,K,
KIWA,AZA,-,MESA,PHOENIX–MESA GATEWAY AIRPORT ,-,WILLIAMS AIRFORCE BASE,UNITED STATES OF AMERICA,,,-,K,
KIYK,IYK,-,INYOKERN,INYOKERN AIRPORT,-,-,UNITED STATES OF AMERICA,,,-,K,
KIZA,SQA,-,SANTA YNEZ,SANTA YNEZ AIRPORT,-,-,UNITED STATES OF AMERICA,,,-,K,
KJAC,JAC,-,JACKSON,JACKSON HOLE AIRPORT,-,-,UNITED STATES OF AMERICA,,,-,K,
KJAN,JAN,-,JACKSON,JACKSON–MEDGAR WILEY EVERS INTERNATIONAL AIRPORT,-,-,UNITED STATES OF AMERICA,,,-,K,
KJAQ,-,-,JACKSON,AMADOR COUNTY AIRPORT,-,-,UNITED STATES OF AMERICA,,,-,K,
KJAX,JAX,-,JACKSONVILLE,JACKSONVILLE INTERNATIONAL AIRPORT,-,-,UNITED STATES OF AMERICA,,,-,K,
KJFK,JFK,-,NEW YORK,JOHN F. KENNEDY INTERNATIONAL AIRPORT,-,-,UNITED STATES OF AMERICA,,,-,K,
KJFX,-,-,JASPER,WALKER COUNTY AIRPORT,BEVILL FIELD,-,UNITED STATES OF AMERICA,,,-,K,
KJKA,GUF,-,GULF SHORES,JACK EDWARDS AIRPORT,-,-,UNITED STATES OF AMERICA,,,-,K,
KJLN,JLN,-,JOPLIN,JOPLIN REGIONAL AIRPORT,-,-,UNITED STATES OF AMERICA,,,-,K,
KJMS,JMS,-,JAMESTOWN,JAMESTOWN REGIONAL AIRPORT,-,-,UNITED STATES OF AMERICA,,,-,K,
KJPN,JPN,-,PENTAGON,PENTAGON ARMY HELIPORT,-,-,UNITED STATES OF AMERICA,HELIPORT,,-,K,
KJQF,USA,-,CONCORD,CONCORD REGIONAL AIRPORT,-,-,UNITED STATES OF AMERICA,,,-,K,
KKIC,KIC,-,KING CITY,MESA DEL REY AIRPORT,-,-,UNITED STATES OF AMERICA,,,-,K,
KLAN,LAN,-,LANSING,CAPITAL REGION INTERNATIONAL AIRPORT,-,-,UNITED STATES OF AMERICA,,,-,K,
KLAR,LAR,-,LARAMIE,LARAMIE REGIONAL AIRPORT,-,-,UNITED STATES OF AMERICA,,,-,K,
KLAS,LAS,-,LAS VEGAS,MCCARRAN INTERNATIONAL AIRPORT,-,-,UNITED STATES OF AMERICA,,,-,K,
KLAW,LAW,-,LAWTON,LAWTON–FORT SILL REGIONAL AIRPORT,-,-,UNITED STATES OF AMERICA,,,-,K,
KLAX,LAX,-,LOS ANGELES,LOS ANGELES INTERNATIONAL AIRPORT,-,-,UNITED STATES OF AMERICA,,,-,K,
KLBB,LBB,-,LUBBOCK,LUBBOCK PRESTON SMITH INTERNATIONAL AIRPORT,-,-,UNITED STATES OF AMERICA,,,-,K,
KLBE,LBE,-,LATROBE,ARNOLD PALMER REGIONAL AIRPORT,-,-,UNITED STATES OF AMERICA,,,-,K,
KLBF,LBF,-,NORTH PLATTE,NORTH PLATTE REGIONAL AIRPORT,-,LEE BIRD FIELD,UNITED STATES OF AMERICA,,,-,K,
KLCH,LCH,-,LAKE CHARLES,LAKE CHARLES REGIONAL AIRPORT,-,-,UNITED STATES OF AMERICA,,,-,K,
KLCK,LCK,-,COLUMBUS,RICKENBACKER INTERNATIONAL AIRPORT,-,-,UNITED STATES OF AMERICA,,,-,K,
KLEB,LEB,-,LEBANON,LEBANON MUNICIPAL AIRPORT,-,-,UNITED STATES OF AMERICA,,,-,K,
KLEX,LEX,-,LEXINGTON,BLUE GRASS AIRPORT,-,-,UNITED STATES OF AMERICA,,,-,K,
KLFT,LFT,-,LAFAYETTE,LAFAYETTE REGIONAL AIRPORT,-,-,UNITED STATES OF AMERICA,,,-,K,
KLGA,LGA,-,NEW YORK,LAGUARDIA AIRPORT ,-,-,UNITED STATES OF AMERICA,,,INCLUDING MARINE AIR TERMINAL,K,
KLGB,LGB,-,LONG BEACH,LONG BEACH AIRPORT ,DAUGHERTY FIELD,-,UNITED STATES OF AMERICA,,,-,K,
KLHM,-,-,LINCOLN,LINCOLN REGIONAL AIRPORT,-,-,UNITED STATES OF AMERICA,,,-,K,
KLIT,LIT,-,LITTLE ROCK,CLINTON NATIONAL AIRPORT,-,-,UNITED STATES OF AMERICA,,,-,K,
KLLR,-,-,LITTLE RIVER,LITTLE RIVER AIRPORT,-,-,UNITED STATES OF AMERICA,,,-,K,
KLNK,LNK,-,LINCOLN,LINCOLN AIRPORT ,-,LINCOLN MUNICIPAL,UNITED STATES OF AMERICA,,,-,K,
KLOR,LOR,-,OZARK,LOWE ARMY HELIPORT ,-,LOCATED AT FORT RUCKER,UNITED STATES OF AMERICA,HELIPORT,,-,K,
KLPC,LPC,-,LOMPOC,LOMPOC AIRPORT,-,-,UNITED STATES OF AMERICA,,,-,K,
KLRD,LRD,-,LAREDO,LAREDO INTERNATIONAL AIRPORT,-,-,UNITED STATES OF AMERICA,,,-,K,
KLSE,LSE,-,LA CROSSE,LA CROSSE REGIONAL AIRPORT,-,-,UNITED STATES OF AMERICA,,,-,K,
KLSN,LSN,-,LOS BANOS,LOS BANOS MUNICIPAL AIRPORT,-,-,UNITED STATES OF AMERICA,,,-,K,
KLTS,LTS,-,ALTUS,ALTUS AIR FORCE BASE,-,-,UNITED STATES OF AMERICA,,,-,K,
KLVK,LVK,-,LIVERMORE,LIVERMORE MUNICIPAL AIRPORT,-,-,UNITED STATES OF AMERICA,,,-,K,
KLWB,LWB,-,LEWISBURG,GREENBRIER VALLEY AIRPORT,-,-,UNITED STATES OF AMERICA,,,-,K,
KLWS,LWS,-,LEWISTON,LEWISTON–NEZ PERCE COUNTY AIRPORT,-,-,UNITED STATES OF AMERICA,,,-,K,
KLYH,LYH,-,LYNCHBURG,LYNCHBURG REGIONAL AIRPORT,PRESTON GLENN FIELD,-,UNITED STATES OF AMERICA,,,-,K,
KMAE,MAE,-,MADERA,MADERA MUNICIPAL AIRPORT,-,-,UNITED STATES OF AMERICA,,,-,K,
KMAF,MAF,-,MIDLAND / ODESSA,MIDLAND INTERNATIONAL AIR AND SPACE PORT,-,-,UNITED STATES OF AMERICA,,,-,K,
KMBS,MBS,-,SAGINAW,MBS INTERNATIONAL AIRPORT,-,-,UNITED STATES OF AMERICA,,,-,K,
KMCC,MCC,-,SACRAMENTO,MCCLELLAN AIRFIELD,-,-,UNITED STATES OF AMERICA,,,-,K,
KMCE,MCE,-,MERCED,MERCED REGIONAL AIRPORT,-,-,UNITED STATES OF AMERICA,,,-,K,
KMCI,MCI,-,KANSAS CITY,KANSAS CITY INTERNATIONAL AIRPORT,-,MID-CONTINENT INTERNATIONAL AIRPORT,UNITED STATES OF AMERICA,,,-,K,
KMCN,MCN,-,MACON,MIDDLE GEORGIA REGIONAL AIRPORT,-,-,UNITED STATES OF AMERICA,,,-,K,
KMCO,MCO,-,ORLANDO,ORLANDO INTERNATIONAL AIRPORT,-,-,UNITED STATES OF AMERICA,,,-,K,
KMDQ,-,-,HUNTSVILLE,MADISON COUNTY EXECUTIVE AIRPORT,TOM SHARP JR. FIELD,-,UNITED STATES OF AMERICA,,,-,K,
KMDT,MDT,-,HARRISBURG,HARRISBURG INTERNATIONAL AIRPORT,-,-,UNITED STATES OF AMERICA,,,-,K,
KMDW,MDW,-,CHICAGO,CHICAGO MIDWAY INTERNATIONAL AIRPORT,-,-,UNITED STATES OF AMERICA,,,-,K,
KMEI,MEI,-,MERIDIAN,MERIDIAN REGIONAL AIRPORT ,KEY FIELD,-,UNITED STATES OF AMERICA,,,-,K,
KMEM,MEM,-,MEMPHIS,MEMPHIS INTERNATIONAL AIRPORT,-,-,UNITED STATES OF AMERICA,,,-,K,
KMER,MER,-,ATWATER / MERCED,CASTLE AIRPORT,-,-,UNITED STATES OF AMERICA,,,-,K,
KMFE,MFE,-,MCALLEN,MCALLEN MILLER INTERNATIONAL AIRPORT,-,-,UNITED STATES OF AMERICA,,,-,K,
KMFR,MFR,-,MEDFORD,ROGUE VALLEY INTERNATIONAL–MEDFORD AIRPORT,-,-,UNITED STATES OF AMERICA,,,-,K,
KMGM,MGM,-,MONTGOMERY,MONTGOMERY REGIONAL AIRPORT ,DANNELLY FIELD,-,UNITED STATES OF AMERICA,,,-,K,
KMHK,MHK,-,MANHATTAN,MANHATTAN REGIONAL AIRPORT,-,-,UNITED STATES OF AMERICA,,,-,K,
KMHR,MHR,-,SACRAMENTO,SACRAMENTO MATHER AIRPORT,-,-,UNITED STATES OF AMERICA,,,-,K,
KMHT,MHT,-,MANCHESTER,MANCHESTER–BOSTON REGIONAL AIRPORT,-,-,UNITED STATES OF AMERICA,,,-,K,
KMHV,MHV,-,MOJAVE,MOJAVE AIRPORT,-,-,UNITED STATES OF AMERICA,,,-,K,
KMIA,MIA,-,MIAMI,MIAMI INTERNATIONAL AIRPORT,-,-,UNITED STATES OF AMERICA,,,-,K,
KMIT,MIT,-,SHAFTER,SHAFTER AIRPORT,-,-,UNITED STATES OF AMERICA,,,-,K,
KMKE,MKE,-,MILWAUKEE,MILWAUKEE MITCHELL INTERNATIONAL AIRPORT,-,-,UNITED STATES OF AMERICA,,,-,K,
KMKG,MKG,-,MUSKEGON,MUSKEGON COUNTY AIRPORT,-,-,UNITED STATES OF AMERICA,,,-,K,
KMLB,MLB,-,MELBOURNE,MELBOURNE ORLANDO INTERNATIONAL AIRPORT,-,-,UNITED STATES OF AMERICA,,,-,K,
KMLI,MLI,-,MOLINE,QUAD CITY INTERNATIONAL AIRPORT,-,-,UNITED STATES OF AMERICA,,,-,K,
KMLU,MLU,-,MONROE,MONROE REGIONAL AIRPORT,-,-,UNITED STATES OF AMERICA,,,-,K,
KMMH,MMH,-,MAMMOTH LAKES,MAMMOTH YOSEMITE AIRPORT,-,-,UNITED STATES OF AMERICA,,,-,K,
KMOB,MOB,-,MOBILE,MOBILE REGIONAL AIRPORT,-,-,UNITED STATES OF AMERICA,,,-,K,
KMOD,MOD,-,MODESTO,MODESTO CITY–COUNTY AIRPORT,-,-,UNITED STATES OF AMERICA,,,-,K,
KMOT,MOT,-,MINOT,MINOT INTERNATIONAL AIRPORT,-,-,UNITED STATES OF AMERICA,,,-,K,
KMPI,-,-,MARIPOSA,MARIPOSA-YOSEMITE AIRPORT,-,-,UNITED STATES OF AMERICA,,,-,K,
KMRY,MRY,-,MONTEREY,MONTEREY REGIONAL AIRPORT ,-,MONTEREY PENINSULA AIRPORT,UNITED STATES OF AMERICA,,,-,K,
KMSL,MSL,-,MUSCLE SHOALS,NORTHWEST ALABAMA REGIONAL AIRPORT,-,-,UNITED STATES OF AMERICA,,,-,K,
KMSN,MSN,-,MADISON,DANE COUNTY REGIONAL AIRPORT,-,-,UNITED STATES OF AMERICA,,,-,K,
KMSO,MSO,-,MISSOULA,MISSOULA INTERNATIONAL AIRPORT,-,-,UNITED STATES OF AMERICA,,,-,K,
KMSP,MSP,-,MINNEAPOLIS,MINNEAPOLIS–ST. PAUL INTERNATIONAL AIRPORT,WOLD-CHAMBERLAIN FIELD,-,UNITED STATES OF AMERICA,,,-,K,
KMSY,MSY,-,NEW ORLEANS,LOUIS ARMSTRONG NEW ORLEANS INTERNATIONAL AIRPORT,-,-,UNITED STATES OF AMERICA,,,-,K,
KMTJ,MTJ,-,MONTROSE,MONTROSE REGIONAL AIRPORT,-,-,UNITED STATES OF AMERICA,,,-,K,
KMVC,MVC,-,MONROEVILLE,MONROE COUNTY AIRPORT,-,-,UNITED STATES OF AMERICA,,,-,K,
KMVY,MVY,-,VINEYARD HAVEN,MARTHA'S VINEYARD AIRPORT,-,-,UNITED STATES OF AMERICA,,,-,K,
KMWA,MWA,-,MARION,VETERANS AIRPORT OF SOUTHERN ILLINOIS,WILLIAMSON COUNTY REGIONAL AIRPORT,-,UNITED STATES OF AMERICA,,,-,K,
KMXF,MXF,-,MONTGOMERY,MAXWELL AIR FORCE BASE,-,-,UNITED STATES OF AMERICA,,,-,K,
KMYR,MYR,-,MYRTLE BEACH,MYRTLE BEACH INTERNATIONAL AIRPORT,-,-,UNITED STATES OF AMERICA,,,-,K,
KMYV,MYV,-,MARYSVILLE,YUBA COUNTY AIRPORT,-,-,UNITED STATES OF AMERICA,,,-,K,
KNBJ,NHX,-,FOLEY,NOLF BARIN,-,-,UNITED STATES OF AMERICA,,,-,K,
KNCR,NCR,-,CROWS LANDING,NASA CROWS LANDING AIRPORT,-,-,UNITED STATES OF AMERICA,,,-,K,
KNFD,-,-,SUMMERDALE,NOLF SUMMERDALE,-,-,UNITED STATES OF AMERICA,,,-,K,
KNFG,-,-,OCEANSIDE,MCAS CAMP PENDLETON,-,-,UNITED STATES OF AMERICA,,,-,K,
KNID,-,-,CHINA LAKE,NAWS CHINA LAKE,-,-,UNITED STATES OF AMERICA,,,-,K,
KNJK,NJK,-,EL CENTRO,NAF EL CENTRO,-,-,UNITED STATES OF AMERICA,,,-,K,
KNKX,NKX,-,SAN DIEGO,MCAS MIRAMAR,-,-,UNITED STATES OF AMERICA,,,-,K,
KNLC,NLC,-,LEMOORE,NAS LEMOORE,-,-,UNITED STATES OF AMERICA,,,-,K,
KNRS,NRS,-,IMPERIAL BEACH,NOLF IMPERIAL BEACH,-,-,UNITED STATES OF AMERICA,,,-,K,
KNSI,-,-,SAN NICOLAS ISLAND,NOLF SAN NICOLAS ISLAND,-,-,UNITED STATES OF AMERICA,,,-,K,
KNTD,NTD,-,POINT MUGU,NAS POINT MUGU,-,-,UNITED STATES OF AMERICA,,,-,K,
KNUC,-,-,SAN CLEMENTE ISLAND,NALF SAN CLEMENTE ISLAND,-,-,UNITED STATES OF AMERICA,,,-,K,
KNUQ,NUQ,-,MOUNTAIN VIEW,MOFFETT FEDERAL AIRFIELD,-,-,UNITED STATES OF AMERICA,,,-,K,
KNXP,-,-,TWENTYNINE PALMS,TWENTYNINE PALMS SELF,-,-,UNITED STATES OF AMERICA,,,-,K,
KNYL,YUM,-,YUMA,YUMA INTERNATIONAL AIRPORT,MCAS YUMA,-,UNITED STATES OF AMERICA,,DUAL,-,K,
KNZY,NZY,-,SAN DIEGO,NAS NORTH ISLAND,-,-,UNITED STATES OF AMERICA,,,-,K,
KOAJ,OAJ,-,JACKSONVILLE,ALBERT J. ELLIS AIRPORT,-,-,UNITED STATES OF AMERICA,,,-,K,
KOAK,OAK,-,OAKLAND,OAKLAND INTERNATIONAL AIRPORT,-,-,UNITED STATES OF AMERICA,,,-,K,
KOAR,OAR,-,MARINA,MARINA MUNICIPAL AIRPORT,-,-,UNITED STATES OF AMERICA,,,-,K,
KOGD,OGD,-,OGDEN,OGDEN-HINCKLEY AIRPORT,-,-,UNITED STATES OF AMERICA,,,-,K,
KOGS,OGS,-,OGDENSBURG,OGDENSBURG INTERNATIONAL AIRPORT,-,-,UNITED STATES OF AMERICA,,,-,K,
KOKB,OCN,-,OCEANSIDE,OCEANSIDE MUNICIPAL AIRPORT,-,-,UNITED STATES OF AMERICA,,,-,K,
KOKC,OKC,-,OKLAHOMA CITY,WILL ROGERS WORLD AIRPORT,-,-,UNITED STATES OF AMERICA,,,-,K,
KOMA,OMA,-,OMAHA,EPPLEY AIRFIELD,-,-,UNITED STATES OF AMERICA,,,-,K,
KONT,ONT,-,ONTARIO,ONTARIO INTERNATIONAL AIRPORT,-,-,UNITED STATES OF AMERICA,,,-,K,
KOQU,-,-,NORTH KINGSTOWN,QUONSET STATE AIRPORT,-,-,UNITED STATES OF AMERICA,,,-,K,
KORD,ORD,-,CHICAGO,CHICAGO O'HARE INTERNATIONAL AIRPORT,-,-,UNITED STATES OF AMERICA,,,-,K,
KORF,ORF,-,NORFOLK,NORFOLK INTERNATIONAL AIRPORT,-,-,UNITED STATES OF AMERICA,,,-,K,
KORH,ORH,-,WORCESTER,WORCESTER REGIONAL AIRPORT,-,-,UNITED STATES OF AMERICA,,,-,K,
KORS,ESD,-,EASTSOUND,ORCAS ISLAND AIRPORT,-,-,UNITED STATES OF AMERICA,,,-,K,
KOTH,OTH,-,NORTH BEND,SOUTHWEST OREGON REGIONAL AIRPORT,-,NORTH BEND MUNICIPAL,UNITED STATES OF AMERICA,,,-,K,
KOVE,OVE,-,OROVILLE,OROVILLE MUNICIPAL AIRPORT,-,-,UNITED STATES OF AMERICA,,,-,K,
KOWB,OWB,-,OWENSBORO,OWENSBORO–DAVIESS COUNTY REGIONAL AIRPORT,-,-,UNITED STATES OF AMERICA,,,-,K,
KOXR,OXR,-,OXNARD,OXNARD AIRPORT,-,-,UNITED STATES OF AMERICA,,,-,K,
KOZR,OZR,-,OZARK,CAIRNS ARMY AIRFIELD,-,-,UNITED STATES OF AMERICA,,,-,K,
KPAH,PAH,-,PADUCAH,BARKLEY REGIONAL AIRPORT,-,-,UNITED STATES OF AMERICA,,,-,K,
KPAO,PAO,-,PALO ALTO,PALO ALTO AIRPORT OF SANTA CLARA COUNTY,-,-,UNITED STATES OF AMERICA,,,-,K,
KPBG,PBG,-,PLATTSBURGH,PLATTSBURGH INTERNATIONAL AIRPORT,-,-,UNITED STATES OF AMERICA,,,-,K,
KPBI,PBI,-,WEST PALM BEACH,PALM BEACH INTERNATIONAL AIRPORT,-,-,UNITED STATES OF AMERICA,,,-,K,
KPDX,PDX,-,PORTLAND,PORTLAND INTERNATIONAL AIRPORT,-,-,UNITED STATES OF AMERICA,,,-,K,
KPGA,PGA,-,PAGE,PAGE MUNICIPAL AIRPORT,-,-,UNITED STATES OF AMERICA,,,-,K,
KPGD,PGD,-,PUNTA GORDA,PUNTA GORDA AIRPORT,-,-,UNITED STATES OF AMERICA,,,-,K,
KPGV,PGV,-,GREENVILLE,PITT–GREENVILLE AIRPORT,-,-,UNITED STATES OF AMERICA,,,-,K,
KPHF,PHF,-,NEWPORT NEWS,NEWPORT NEWS/WILLIAMSBURG INTERNATIONAL AIRPORT (PATRICK HENRY FIELD),-,-,UNITED STATES OF AMERICA,,,-,K,
KPHL,PHL,-,PHILADELPHIA,PHILADELPHIA INTERNATIONAL AIRPORT,-,-,UNITED STATES OF AMERICA,,,-,K,
KPHX,PHX,-,PHOENIX,PHOENIX SKY HARBOR INTERNATIONAL AIRPORT,-,-,UNITED STATES OF AMERICA,,,-,K,
KPIA,PIA,-,PEORIA,GENERAL DOWNING-PEORIA INTERNATIONAL AIRPORT,-,-,UNITED STATES OF AMERICA,,,-,K,
KPIE,PIE,-,ST. PETERSBURG,ST. PETE–CLEARWATER INTERNATIONAL AIRPORT,-,-,UNITED STATES OF AMERICA,,,-,K,
KPIH,PIH,-,POCATELLO,POCATELLO REGIONAL AIRPORT,-,-,UNITED STATES OF AMERICA,,,-,K,
KPIR,PIR,-,PIERRE,PIERRE REGIONAL AIRPORT,-,-,UNITED STATES OF AMERICA,,,-,K,
KPIT,PIT,-,PITTSBURGH,PITTSBURGH INTERNATIONAL AIRPORT,-,-,UNITED STATES OF AMERICA,,,-,K,
KPLN,PLN,-,PELLSTON,PELLSTON REGIONAL AIRPORT,-,-,UNITED STATES OF AMERICA,,,-,K,
KPLR,PLR,-,PELL CITY,ST. CLAIR COUNTY AIRPORT,-,-,UNITED STATES OF AMERICA,,,-,K,
KPMD,PMD,-,PALMDALE,PALMDALE REGIONAL AIRPORT / USAF PLANT 42,-,-,UNITED STATES OF AMERICA,,,-,K,
KPNS,PNS,-,PENSACOLA,PENSACOLA INTERNATIONAL AIRPORT,-,-,UNITED STATES OF AMERICA,,,-,K,
KPOC,POC,-,LA VERNE,BRACKETT FIELD,-,-,UNITED STATES OF AMERICA,,,-,K,
KPQI,PQI,-,PRESQUE ISLE,PRESQUE ISLE INTERNATIONAL AIRPORT,-,-,UNITED STATES OF AMERICA,,,-,K,
KPRB,PRB,-,PASO ROBLES,PASO ROBLES MUNICIPAL AIRPORT,-,-,UNITED STATES OF AMERICA,,,-,K,
KPRC,PRC,-,PRESCOTT,PRESCOTT MUNICIPAL AIRPORT ,ERNEST A. LOVE FIELD,-,UNITED STATES OF AMERICA,,,-,K,
KPRN,-,-,GREENVILLE,MAC CRENSHAW MEMORIAL AIRPORT,-,-,UNITED STATES OF AMERICA,,,-,K,
KPSC,PSC,-,PASCO,TRI-CITIES AIRPORT,-,-,UNITED STATES OF AMERICA,,,-,K,
KPSM,PSM,-,PORTSMOUTH,PORTSMOUTH INTERNATIONAL AIRPORT AT PEASE,-,-,UNITED STATES OF AMERICA,,,-,K,
KPSP,PSP,-,PALM SPRINGS,PALM SPRINGS INTERNATIONAL AIRPORT,-,-,UNITED STATES OF AMERICA,,,-,K,
KPTV,PTV,-,PORTERVILLE,PORTERVILLE MUNICIPAL AIRPORT,-,-,UNITED STATES OF AMERICA,,,-,K,
KPUB,PUB,-,PUEBLO,PUEBLO MEMORIAL AIRPORT,-,-,UNITED STATES OF AMERICA,,,-,K,
KPUW,PUW,-,"PULLMAN / MOSCOW, IDAHO",PULLMAN–MOSCOW REGIONAL AIRPORT,-,-,UNITED STATES OF AMERICA,,,-,K,
KPVC,PVC,-,PROVINCETOWN,PROVINCETOWN MUNICIPAL AIRPORT,-,-,UNITED STATES OF AMERICA,,,-,K,
KPVD,PVD,-,PROVIDENCE,THEODORE FRANCIS GREEN STATE AIRPORT,-,-,UNITED STATES OF AMERICA,,,-,K,
KPVF,PVF,-,PLACERVILLE,PLACERVILLE AIRPORT,-,-,UNITED STATES OF AMERICA,,,-,K,
KPVU,PVU,-,PROVO,PROVO MUNICIPAL AIRPORT,-,-,UNITED STATES OF AMERICA,,,-,K,
KPWM,PWM,-,PORTLAND,PORTLAND INTERNATIONAL JETPORT,-,-,UNITED STATES OF AMERICA,,,-,K,
KPYP,-,-,CENTRE,CENTRE-PIEDMONT-CHEROKEE COUNTY REGIONAL AIRPORT,-,-,UNITED STATES OF AMERICA,,,-,K,
KRAL,RAL,-,RIVERSIDE,RIVERSIDE MUNICIPAL AIRPORT,-,-,UNITED STATES OF AMERICA,,,-,K,
KRAP,RAP,-,RAPID CITY,RAPID CITY REGIONAL AIRPORT,-,-,UNITED STATES OF AMERICA,,,-,K,
KRBL,RBL,-,RED BLUFF,RED BLUFF MUNICIPAL AIRPORT,-,-,UNITED STATES OF AMERICA,,,-,K,
KRDD,RDD,-,REDDING,REDDING MUNICIPAL AIRPORT,-,-,UNITED STATES OF AMERICA,,,-,K,
KRDM,RDM,-,REDMOND,REDMOND MUNICIPAL AIRPORT,ROBERTS FIELD,-,UNITED STATES OF AMERICA,,,-,K,
KRDU,RDU,-,RALEIGH,RALEIGH–DURHAM INTERNATIONAL AIRPORT,-,-,UNITED STATES OF AMERICA,,,-,K,
KREI,REI,-,REDLANDS,REDLANDS MUNICIPAL AIRPORT,-,-,UNITED STATES OF AMERICA,,,-,K,
KRFD,RFD,-,ROCKFORD,CHICAGO ROCKFORD INTERNATIONAL AIRPORT,-,-,UNITED STATES OF AMERICA,,,-,K,
KRHI,RHI,-,RHINELANDER,RHINELANDER–ONEIDA COUNTY AIRPORT,-,-,UNITED STATES OF AMERICA,,,-,K,
KRHV,RHV,-,SAN JOSE,REID-HILLVIEW AIRPORT OF SANTA CLARA COUNTY,-,-,UNITED STATES OF AMERICA,,,-,K,
KRIC,RIC,-,RICHMOND,RICHMOND INTERNATIONAL AIRPORT,BYRD FIELD,-,UNITED STATES OF AMERICA,,,-,K,
KRIR,RIR,-,RIVERSIDE / RUBIDOUX,FLABOB AIRPORT,-,-,UNITED STATES OF AMERICA,,,-,K,
KRIU,-,-,RANCHO MURIETA,RANCHO MURIETA AIRPORT,-,-,UNITED STATES OF AMERICA,,,-,K,
KRIV,RIV,-,RIVERSIDE,MARCH AIR RESERVE BASE,-,-,UNITED STATES OF AMERICA,,,-,K,
KRIW,RIW,-,RIVERTON,CENTRAL WYOMING REGIONAL AIRPORT,-,-,UNITED STATES OF AMERICA,,,-,K,
KRKD,RKD,-,ROCKLAND,KNOX COUNTY REGIONAL AIRPORT,-,-,UNITED STATES OF AMERICA,,,-,K,
KRKS,RKS,-,ROCK SPRINGS,SOUTHWEST WYOMING REGIONAL AIRPORT,ROCK SPRINGS-SWEETWATER COUNTY AIRPORT,-,UNITED STATES OF AMERICA,,,-,K,
KRNM,-,-,RAMONA,RAMONA AIRPORT,-,-,UNITED STATES OF AMERICA,,,-,K,
KRNO,RNO,-,RENO,RENO/TAHOE INTERNATIONAL AIRPORT,-,-,UNITED STATES OF AMERICA,,,-,K,
KROA,ROA,-,ROANOKE,ROANOKE–BLACKSBURG REGIONAL AIRPORT,WOODRUM FIELD,-,UNITED STATES OF AMERICA,,,-,K,
KROC,ROC,-,ROCHESTER,GREATER ROCHESTER INTERNATIONAL AIRPORT,-,-,UNITED STATES OF AMERICA,,,-,K,
KROW,ROW,-,ROSWELL,ROSWELL INTERNATIONAL AIR CENTER,-,-,UNITED STATES OF AMERICA,,,-,K,
KRST,RST,-,ROCHESTER,ROCHESTER INTERNATIONAL AIRPORT,-,-,UNITED STATES OF AMERICA,,,-,K,
KRSW,RSW,-,FORT MYERS,SOUTHWEST FLORIDA INTERNATIONAL AIRPORT,-,-,UNITED STATES OF AMERICA,,,-,K,
KSAC,SAC,-,SACRAMENTO,SACRAMENTO EXECUTIVE AIRPORT,-,-,UNITED STATES OF AMERICA,,,-,K,
KSAF,SAF,-,SANTA FE,SANTA FE REGIONAL AIRPORT,-,-,UNITED STATES OF AMERICA,,,-,K,
KSAN,SAN,-,SAN DIEGO,SAN DIEGO INTERNATIONAL AIRPORT,LINDBERGH FIELD,-,UNITED STATES OF AMERICA,,,-,K,
KSAS,SAS,-,SALTON CITY,SALTON SEA AIRPORT,-,-,UNITED STATES OF AMERICA,,,-,K,
KSAT,SAT,-,SAN ANTONIO,SAN ANTONIO INTERNATIONAL AIRPORT,-,-,UNITED STATES OF AMERICA,,,-,K,
KSAV,SAV,-,SAVANNAH,SAVANNAH/HILTON HEAD INTERNATIONAL AIRPORT,-,-,UNITED STATES OF AMERICA,,,-,K,
KSAW,MQT,-,MARQUETTE,SAWYER INTERNATIONAL AIRPORT,-,-,UNITED STATES OF AMERICA,,,-,K,
KSBA,SBA,-,SANTA BARBARA,SANTA BARBARA MUNICIPAL AIRPORT ,SANTA BARBARA FIELD,-,UNITED STATES OF AMERICA,,,-,K,
KSBD,SBD,-,SAN BERNARDINO,SAN BERNARDINO INTERNATIONAL AIRPORT,-,-,UNITED STATES OF AMERICA,,,-,K,
KSBN,SBN,-,SOUTH BEND,SOUTH BEND INTERNATIONAL AIRPORT,-,SOUTH BEND REGIONAL,UNITED STATES OF AMERICA,,,-,K,
KSBP,SBP,-,SAN LUIS OBISPO,SAN LUIS OBISPO COUNTY REGIONAL AIRPORT,MCCHESNEY FIELD,-,UNITED STATES OF AMERICA,,,-,K,
KSBY,SBY,-,SALISBURY,SALISBURY–OCEAN CITY–WICOMICO REGIONAL AIRPORT,-,-,UNITED STATES OF AMERICA,,,-,K,
KSCD,-,-,SYLACAUGA,SYLACAUGA MUNICIPAL AIRPORT ,MERKEL FIELD,-,UNITED STATES OF AMERICA,,,-,K,
KSCK,SCK,-,STOCKTON,STOCKTON METROPOLITAN AIRPORT,-,-,UNITED STATES OF AMERICA,,,-,K,
KSDF,SDF,-,LOUISVILLE,LOUISVILLE INTERNATIONAL AIRPORT ,STANDIFORD FIELD,-,UNITED STATES OF AMERICA,,,-,K,
KSDM,SDM,-,SAN DIEGO,BROWN FIELD MUNICIPAL AIRPORT,-,-,UNITED STATES OF AMERICA,,,-,K,
KSDY,SDY,-,SIDNEY,SIDNEY–RICHLAND MUNICIPAL AIRPORT,-,-,UNITED STATES OF AMERICA,,,-,K,
KSEA,SEA,-,SEATTLE / TACOMA (SEATAC),SEATTLE–TACOMA INTERNATIONAL AIRPORT,-,-,UNITED STATES OF AMERICA,,,-,K,
KSEE,SEE,-,SAN DIEGO / EL CAJON,GILLESPIE FIELD,-,-,UNITED STATES OF AMERICA,,,-,K,
KSEM,SEM,-,SELMA,CRAIG FIELD,-,-,UNITED STATES OF AMERICA,,,-,K,
KSFB,SFB,-,SANFORD,ORLANDO SANFORD INTERNATIONAL AIRPORT,-,-,UNITED STATES OF AMERICA,,,-,K,
KSFO,SFO,-,SAN FRANCISCO,SAN FRANCISCO INTERNATIONAL AIRPORT,-,-,UNITED STATES OF AMERICA,,,-,K,
KSFZ,SFZ,-,PAWTUCKET,NORTH CENTRAL STATE AIRPORT,-,-,UNITED STATES OF AMERICA,,,-,K,
KSGF,SGF,-,SPRINGFIELD,SPRINGFIELD–BRANSON NATIONAL AIRPORT,-,-,UNITED STATES OF AMERICA,,,-,K,
KSGJ,UST,-,ST. AUGUSTINE,NORTHEAST FLORIDA REGIONAL AIRPORT,-,-,UNITED STATES OF AMERICA,,,-,K,
KSGU,SGU,-,ST. GEORGE,ST. GEORGE REGIONAL AIRPORT,-,-,UNITED STATES OF AMERICA,,,-,K,
KSHD,SHD,-,STAUNTON / WAYNESBORO / HARRISONBURG,SHENANDOAH VALLEY REGIONAL AIRPORT,-,-,UNITED STATES OF AMERICA,,,-,K,
KSHR,SHR,-,SHERIDAN,SHERIDAN COUNTY AIRPORT,-,-,UNITED STATES OF AMERICA,,,-,K,
KSHV,SHV,-,SHREVEPORT,SHREVEPORT REGIONAL AIRPORT,-,-,UNITED STATES OF AMERICA,,,-,K,
KSIY,SIY,-,MONTAGUE,SISKIYOU COUNTY AIRPORT,-,-,UNITED STATES OF AMERICA,,,-,K,
KSJC,SJC,-,SAN JOSE,NORMAN Y. MINETA SAN JOSÉ INTERNATIONAL AIRPORT,-,-,UNITED STATES OF AMERICA,,,-,K,
KSJT,SJT,-,SAN ANGELO,SAN ANGELO REGIONAL AIRPORT,MATHIS FIELD,-,UNITED STATES OF AMERICA,,,-,K,
KSLC,SLC,-,SALT LAKE CITY,SALT LAKE CITY INTERNATIONAL AIRPORT,-,-,UNITED STATES OF AMERICA,,,-,K,
KSLI,-,-,LOS ALAMITOS,LOS ALAMITOS ARMY AIRFIELD,-,-,UNITED STATES OF AMERICA,,,-,K,
KSLN,SLN,-,SALINA,SALINA REGIONAL AIRPORT,-,-,UNITED STATES OF AMERICA,,,-,K,
KSMF,SMF,-,SACRAMENTO,SACRAMENTO INTERNATIONAL AIRPORT,-,-,UNITED STATES OF AMERICA,,,-,K,
KSMO,SMO,-,SANTA MONICA,SANTA MONICA MUNICIPAL AIRPORT,-,-,UNITED STATES OF AMERICA,,,-,K,
KSMX,SMX,-,SANTA MARIA,SANTA MARIA PUBLIC AIRPORT ,CAPT. G. ALLAN HANCOCK FIELD,-,UNITED STATES OF AMERICA,,,-,K,
KSNA,SNA,-,ORANGE COUNTY,JOHN WAYNE AIRPORT,-,ORANGE COUNTY AIRPORT,UNITED STATES OF AMERICA,,,-,K,
KSNS,SNS,-,SALINAS,SALINAS MUNICIPAL AIRPORT,-,-,UNITED STATES OF AMERICA,,,-,K,
KSPI,SPI,-,SPRINGFIELD,ABRAHAM LINCOLN CAPITAL AIRPORT,-,-,UNITED STATES OF AMERICA,,,-,K,
KSPS,SPS,SPS,WICHITA FALLS,SHEPPARD AIR FORCE BASE,WICHITA FALLS REGIONAL AIRPORT,SHEPPARD FIELD,UNITED STATES OF AMERICA,LAND AIRPORT,DUAL,FAA LID,K,
KSQL,SQL,-,SAN CARLOS,SAN CARLOS AIRPORT,-,-,UNITED STATES OF AMERICA,,,-,K,
KSRQ,SRQ,-,SARASOTA,SARASOTA–BRADENTON INTERNATIONAL AIRPORT,-,-,UNITED STATES OF AMERICA,,,-,K,
KSTC,STC,-,ST. CLOUD,ST. CLOUD REGIONAL AIRPORT,-,-,UNITED STATES OF AMERICA,,,-,K,
KSTL,STL,-,ST. LOUIS,ST. LOUIS LAMBERT INTERNATIONAL AIRPORT,-,-,UNITED STATES OF AMERICA,,,-,K,
KSTS,STS,-,SANTA ROSA,CHARLES M. SCHULZ–SONOMA COUNTY AIRPORT,-,-,UNITED STATES OF AMERICA,,,-,K,
KSUN,SUN,-,HAILEY / SUN VALLEY,FRIEDMAN MEMORIAL AIRPORT,-,-,UNITED STATES OF AMERICA,,,-,K,
KSUU,SUU,-,FAIRFIELD,TRAVIS AIR FORCE BASE,-,-,UNITED STATES OF AMERICA,,,-,K,
KSUX,SUX,-,SIOUX CITY,SIOUX GATEWAY AIRPORT ,COL. BUD DAY FIELD,-,UNITED STATES OF AMERICA,,,-,K,
KSVE,SVE,-,SUSANVILLE,SUSANVILLE MUNICIPAL AIRPORT,-,-,UNITED STATES OF AMERICA,,,-,K,
KSWF,SWF,-,NEWBURGH,STEWART INTERNATIONAL AIRPORT,-,-,UNITED STATES OF AMERICA,,,-,K,
KSWO,SWO,-,STILLWATER,STILLWATER REGIONAL AIRPORT,-,-,UNITED STATES OF AMERICA,,,-,K,
KSYL,SYL,-,CAMP ROBERTS / SAN MIGUEL,ROBERTS AHP,-,-,UNITED STATES OF AMERICA,,,-,K,
KSYR,SYR,-,SYRACUSE,SYRACUSE HANCOCK INTERNATIONAL AIRPORT,-,-,UNITED STATES OF AMERICA,,,-,K,
KSZP,SZP,-,SANTA PAULA,SANTA PAULA AIRPORT,-,-,UNITED STATES OF AMERICA,,,-,K,
KTCL,TCL,-,TUSCALOOSA,TUSCALOOSA NATIONAL AIRPORT,-,-,UNITED STATES OF AMERICA,,,-,K,
KTCY,-,-,TRACY,TRACY MUNICIPAL AIRPORT,-,-,UNITED STATES OF AMERICA,,,-,K,
KTDW,TDW,-,AMARILLO,TRADEWIND AIRPORT,-,-,UNITED STATES OF AMERICA,,,-,K,
KTLH,TLH,-,TALLAHASSEE,TALLAHASSEE INTERNATIONAL AIRPORT,-,-,UNITED STATES OF AMERICA,,,-,K,
KTLR,TLR,-,TULARE,MEFFORD FIELD,-,-,UNITED STATES OF AMERICA,,,-,K,
KTNP,TNP,-,TWENTYNINE PALMS,TWENTYNINE PALMS AIRPORT,-,-,UNITED STATES OF AMERICA,,,-,K,
KTOA,TOA,-,TORRANCE,ZAMPERINI FIELD,-,-,UNITED STATES OF AMERICA,,,-,K,
KTOI,TOI,-,TROY,TROY MUNICIPAL AIRPORT,N. KENNETH CAMPBELL FIELD,-,UNITED STATES OF AMERICA,,,-,K,
KTOL,TOL,-,TOLEDO,TOLEDO EXPRESS AIRPORT,-,-,UNITED STATES OF AMERICA,,,-,K,
KTPA,TPA,-,TAMPA,TAMPA INTERNATIONAL AIRPORT,-,-,UNITED STATES OF AMERICA,,,-,K,
KTRI,TRI,-,TRI-CITIES,TRI-CITIES REGIONAL AIRPORT ,TRI-CITIES REGIONAL TN/VA,-,UNITED STATES OF AMERICA,,,-,K,
KTRK,TRK,-,TRUCKEE,TRUCKEE-TAHOE AIRPORT,-,-,UNITED STATES OF AMERICA,,,-,K,
KTRM,TRM,-,PALM SPRINGS / THERMAL,JACQUELINE COCHRAN REGIONAL AIRPORT,-,-,UNITED STATES OF AMERICA,,,-,K,
KTSP,TSP,-,TEHACHAPI,TEHACHAPI MUNICIPAL AIRPORT,-,-,UNITED STATES OF AMERICA,,,-,K,
KTTN,TTN,-,TRENTON,TRENTON MERCER AIRPORT,-,-,UNITED STATES OF AMERICA,,,-,K,
KTUL,TUL,-,TULSA,TULSA INTERNATIONAL AIRPORT,-,-,UNITED STATES OF AMERICA,,,-,K,
KTUP,TUP,-,TUPELO,TUPELO REGIONAL AIRPORT,C.D. LEMONS FIELD,-,UNITED STATES OF AMERICA,,,-,K,
KTUS,TUS,-,TUCSON,TUCSON INTERNATIONAL AIRPORT,-,-,UNITED STATES OF AMERICA,,,-,K,
KTVC,TVC,-,TRAVERSE CITY,CHERRY CAPITAL AIRPORT,-,-,UNITED STATES OF AMERICA,,,-,K,
KTVL,TVL,-,SOUTH LAKE TAHOE,LAKE TAHOE AIRPORT,-,-,UNITED STATES OF AMERICA,,,-,K,
KTWF,TWF,-,TWIN FALLS,MAGIC VALLEY REGIONAL AIRPORT,JOSLIN FIELD,-,UNITED STATES OF AMERICA,,,-,K,
KTXK,TXK,-,TEXARKANA,TEXARKANA REGIONAL AIRPORT,WEBB FIELD,-,UNITED STATES OF AMERICA,,,-,K,
KTYR,TYR,-,TYLER,TYLER POUNDS REGIONAL AIRPORT,-,-,UNITED STATES OF AMERICA,,,-,K,
KTYS,TYS,-,KNOXVILLE,MCGHEE TYSON AIRPORT,-,-,UNITED STATES OF AMERICA,,,-,K,
KUDD,UDD,-,PALM SPRINGS,BERMUDA DUNES AIRPORT,-,-,UNITED STATES OF AMERICA,,,-,K,
KUIN,UIN,-,QUINCY,QUINCY REGIONAL AIRPORT,BALDWIN FIELD,-,UNITED STATES OF AMERICA,,,-,K,
KUKI,UKI,-,UKIAH,UKIAH MUNICIPAL AIRPORT,-,-,UNITED STATES OF AMERICA,,,-,K,
KUNV,SCE,-,STATE COLLEGE,UNIVERSITY PARK AIRPORT,-,-,UNITED STATES OF AMERICA,,,-,K,
KUUU,NPT,-,NEWPORT,NEWPORT STATE AIRPORT,-,-,UNITED STATES OF AMERICA,,,-,K,
KVBG,VBG,-,LOMPOC,VANDENBERG AIR FORCE BASE,-,-,UNITED STATES OF AMERICA,,,-,K,
KVCB,-,-,VACAVILLE,NUT TREE AIRPORT,-,-,UNITED STATES OF AMERICA,,,-,K,
KVCV,VCV,-,VICTORVILLE,SOUTHERN CALIFORNIA LOGISTICS AIRPORT,-,-,UNITED STATES OF AMERICA,,,-,K,
KVEL,VEL,-,VERNAL,VERNAL REGIONAL AIRPORT,-,VERNAL-UINTAH CO. AIRPORT,UNITED STATES OF AMERICA,,,-,K,
KVIS,VIS,-,VISALIA,VISALIA MUNICIPAL AIRPORT,-,-,UNITED STATES OF AMERICA,,,-,K,
KVJI,VJI,-,ABINGDON,VIRGINIA HIGHLANDS AIRPORT,-,-,UNITED STATES OF AMERICA,,,-,K,
KVLD,VLD,-,VALDOSTA,VALDOSTA REGIONAL AIRPORT,-,-,UNITED STATES OF AMERICA,,,-,K,
KVNY,VNY,-,VAN NUYS,VAN NUYS AIRPORT,-,-,UNITED STATES OF AMERICA,,,-,K,
KVPS,VPS,VPS,FORT WALTON BEACH,EGLIN AIR FORCE BASE,DESTIN–FORT WALTON BEACH AIRPORT,-,UNITED STATES OF AMERICA,LAND AIRPORT,DUAL,FAA LID,K,
KWHP,WHP,-,LOS ANGELES,WHITEMAN AIRPORT,-,-,UNITED STATES OF AMERICA,,,-,K,
KWJF,WJF,-,LANCASTER,GENERAL WILLIAM J. FOX AIRFIELD,-,-,UNITED STATES OF AMERICA,,,-,K,
KWLW,WLW,-,WILLOWS,WILLOWS-GLENN COUNTY AIRPORT,-,-,UNITED STATES OF AMERICA,,,-,K,
KWST,WST,-,WESTERLY,WESTERLY STATE AIRPORT,-,-,UNITED STATES OF AMERICA,,,-,K,
KWVI,WVI,-,WATSONVILLE,WATSONVILLE MUNICIPAL AIRPORT,-,-,UNITED STATES OF AMERICA,,,-,K,
KWYS,WYS,-,WEST YELLOWSTONE,YELLOWSTONE AIRPORT,-,-,UNITED STATES OF AMERICA,,,-,K,
KXNA,XNA,-,FAYETTEVILLE,NORTHWEST ARKANSAS NATIONAL AIRPORT,-,-,UNITED STATES OF AMERICA,,,-,K,
KXWA,XWA,-,WILLISTON,WILLISTON BASIN INTERNATIONAL AIRPORT,-,-,UNITED STATES OF AMERICA,,,-,K,
KYKM,YKM,-,YAKIMA,YAKIMA AIR TERMINAL,MCALLISTER FIELD,-,UNITED STATES OF AMERICA,,,-,K,
LATI,-,-,TIRANA,TIRANA MOTHER TERESA INTERNATIONAL AIRPORT,-,-,ALBANIA,,,-,L,
LCLK,LCA,-,LARNACA,LARNAKA INTERNATIONAL AIRPORT,LARNACA INTERNATIONAL AIRPORT - GLAFCOS CLERIDES,-,CYPRUS,LAND AIRPORT,CIVIL,-,L,N34-52.7/E033-37.8 
LCRA,AKT,-,AKROTIRI,RAF AKROTIRI,-,-,CYPRUS,,MILITARY,PART OF THE BRITISH OVERSEAS SOVERIGN BASE AREAS,L,
LCRE,-,-,DHEKELIA CANTONMENT,KINGSFIELD AIRSTRIP,-,-,CYPRUS,,MILITARY,PART OF THE BRITISH OVERSEAS SOVERIGN BASE AREAS,L,
LEAB,ABC,-,ALBACETE,ALBACETE AIRPORT,-,-,SPAIN,,DUAL,-,L,
LEAB,-,-,-,ALBACETE AIRPORT,-,-,SPAIN,,,-,L,
LEAG,-,-,-,ALGECIRAS HELIPORT,-,-,SPAIN,HELIPORT,,-,L,
LEAL,-,-,-,ALICANTE-ELCHE AIRPORT,-,-,SPAIN,,,-,L,
LEAL,ALC,-,ALICANTE,ALICANTE-ELCHE MIGUEL HERNANDEZ AIRPORT,-,-,SPAIN,,,-,L,
LEAM,LEI,-,ALMERIA,ALMERIA AIRPORT,-,-,SPAIN,,,-,L,
LEAM,-,-,-,ALMERÍA AIRPORT,-,-,SPAIN,,,-,L,
LEAS,-,-,-,ASTURIAS AIRPORT,-,-,SPAIN,,,-,L,
LEBA,-,-,-,CÓRDOBA AIRPORT,-,-,SPAIN,,,-,L,
LEBB,-,-,-,BILBAO AIRPORT,-,-,SPAIN,,,-,L,
LEBG,-,-,-,BURGOS AIRPORT,-,-,SPAIN,,,-,L,
LEBL,-,-,-,BARCELONA–EL PRAT AIRPORT,-,-,SPAIN,,,-,L,
LEBZ,-,-,-,BADAJOZ AIRPORT,-,-,SPAIN,,,-,L,
LECH,-,-,-,CASTELLON AIRPORT,-,-,SPAIN,,,-,L,
LECO,LCG,-,A CORUÑA,A CORUÑA AIRPORT,-,-,SPAIN,,,-,L,
LECU,-,-,-,MADRID-CUATRO VIENTOS AIRPORT,-,-,SPAIN,,,-,L,
LEDA,-,-,-,LLEIDA-ALGUAIRE AIRPORT,-,-,SPAIN,,,-,L,
LEGA,-,-,-,ARMILLA AIR BASE,-,-,SPAIN,,,-,L,
LEGE,-,-,-,GIRONA–COSTA BRAVA AIRPORT,-,-,SPAIN,,,-,L,
LEGR,-,-,-,FEDERICO GARCÍA LORCA AIRPORT,-,-,SPAIN,,,-,L,
LEGT,-,-,-,GETAFE AIR BASE,-,-,SPAIN,,,-,L,
LEHC,-,-,-,HUESCA-PIRINEOS AIRPORT,-,-,SPAIN,,,-,L,
LEIB,-,-,-,IBIZA AIRPORT,-,-,SPAIN,,,-,L,
LEJR,-,-,-,JEREZ AIRPORT,-,-,SPAIN,,,-,L,
LELC,-,-,-,SAN JAVIER AIR BASE,-,-,SPAIN,,,-,L,
LELL,-,-,-,SABADELL AIRPORT,-,-,SPAIN,,,-,L,
LELN,-,-,-,LEÓN AIRPORT,-,-,SPAIN,,,-,L,
LELO,-,-,-,LOGROÑO-AGONCILLO AIRPORT,-,-,SPAIN,,,-,L,
LEMD,-,-,-,MADRID–BARAJAS AIRPORT,-,-,SPAIN,,,-,L,
LEMG,-,-,-,MÁLAGA AIRPORT,-,-,SPAIN,,,-,L,
LEMH,-,-,-,MENORCA AIRPORT,-,-,SPAIN,,,-,L,
LEMI,-,-,-,REGIÓN DE MURCIA INTERNATIONAL AIRPORT,-,-,SPAIN,,,-,L,
LEMO,-,-,-,MORÓN AIR BASE,-,-,SPAIN,,,-,L,
LEPA,-,-,-,PALMA DE MALLORCA AIRPORT,-,-,SPAIN,,,-,L,
LEPO,-,-,-,POLLENÇA SEAPLANE BASE,-,-,SPAIN,,,-,L,
LEPP,-,-,-,PAMPLONA-NÓAIN AIRPORT,-,-,SPAIN,,,-,L,
LERI,-,-,-,ALCANTARILLA AIR BASE,-,-,SPAIN,,,-,L,
LERS,-,-,-,REUS AIRPORT,-,-,SPAIN,,,-,L,
LERT,-,-,-,ROTA NAVAL AIR BASE,-,-,SPAIN,,,-,L,
LESA,-,-,-,SALAMANCA AIRPORT,-,-,SPAIN,,,-,L,
LESB,-,-,-,SON BONET AIRPORT,-,-,SPAIN,,,-,L,
LESL,-,-,-,SAN LUIS AERODROME,-,-,SPAIN,,,-,L,
LESO,-,-,-,SAN SEBASTIÁN AIRPORT,-,-,SPAIN,,,-,L,
LEST,-,-,-,SANTIAGO DE COMPOSTELA AIRPORT,-,-,SPAIN,,,-,L,
LESU,-,-,-,ANDORRA–LA SEU D'URGELL AIRPORT,-,-,SPAIN,,,-,L,
LETL,-,-,-,TERUEL AIRPORT,-,-,SPAIN,,,-,L,
LETO,-,-,-,MADRID-TORREJÓN AIRPORT,-,-,SPAIN,,,-,L,
LEVC,-,-,-,VALENCIA AIRPORT,-,-,SPAIN,,,-,L,
LEVD,-,-,-,VALLADOLID AIRPORT,-,-,SPAIN,,,-,L,
LEVT,-,-,-,VITORIA AIRPORT,-,-,SPAIN,,,-,L,
LEVX,-,-,-,VIGO-PEINADOR AIRPORT,-,-,SPAIN,,,-,L,
LEXJ,-,-,-,SANTANDER AIRPORT,-,-,SPAIN,,,-,L,
LEZG,-,-,-,ZARAGOZA AIRPORT,-,-,SPAIN,,,-,L,
LEZL,-,-,-,SEVILLE AIRPORT,-,-,SPAIN,,,-,L,
LFAB,DPE,-,DIEPPE,DIEPPE - SAINT-AUBIN AIRPORT,-,-,FRANCE,,,-,L,
LFAC,CQF,-,CALAIS,CALAIS–DUNKERQUE AIRPORT,-,-,FRANCE,,,-,L,
LFAD,XCP,-,COMPIÈGNE,COMPIÈGNE - MARGNY AIRPORT,-,-,FRANCE,,,-,L,
LFAE,-,-,EU,EU - MERS - LE TRÉPORT AERODROME,-,-,FRANCE,,,-,L,
LFAF,XLN,-,LAON,LAON - CHAMBRY AIRPORT,-,-,FRANCE,,,-,L,
LFAG,-,-,PÉRONNE,PERONNE-ST QUENTIN AIRPORT,-,-,FRANCE,,,-,L,
LFAI,-,-,NANGIS,NANGIS LES LOGES AERODROME,-,-,FRANCE,,,-,L,
LFAJ,-,-,ARGENTAN,ARGENTAN AERODROME,-,-,FRANCE,,,-,L,
LFAK,XDK,-,DUNKIRK,DUNKERQUE – LES MOËRES AIRPORT,-,-,FRANCE,,,-,L,
LFAL,-,-,LA FLÈCHE,LA FLÈCHE - THORÉE-LES-PINS AERODROME,-,-,FRANCE,,,-,L,
LFAM,-,-,BERCK,BERCK-SUR-MER AIRPORT,-,-,FRANCE,,,-,L,
LFAN,-,-,CONDÉ-SUR-NOIREAU,CONDÉ-SUR-NOIREAU AERODROME,-,-,FRANCE,,,-,L,
LFAO,-,-,BAGNOLES-DE-L'ORNE,BAGNOLES-DE-L'ORNE - COUTERNE AIRPORT,-,-,FRANCE,,,-,L,
LFAP,-,-,RETHEL,RETHEL - PERTHES AERODROME,-,-,FRANCE,,,-,L,
LFAQ,BYF,-,ALBERT,ALBERT – PICARDIE AIRPORT,-,-,FRANCE,,,-,L,
LFAR,-,-,MONTDIDIER,MONTDIDIER AERODROME,-,-,FRANCE,,,-,L,
LFAS,-,-,FALAISE,FALAISE - MONTS D'ERAINES AERODROME,-,-,FRANCE,,,-,L,
LFAT,LTQ,-,LE TOUQUET,LE TOUQUET – CÔTE D'OPALE AIRPORT,-,-,FRANCE,,,-,L,
LFAU,-,-,VAUVILLE,VAUVILLE AERODROME,-,-,FRANCE,,,-,L,
LFAV,XVS,-,VALENCIENNES,VALENCIENNES-DENAIN AIRPORT,-,-,FRANCE,,,-,L,
LFAW,-,-,VILLERUPT,VILLERUPT AERODROME,-,-,FRANCE,,,-,L,
LFAX,-,-,MORTAGNE-AU-PERCHE,MORTAGNE AERODROME,-,-,FRANCE,,,-,L,
LFAY,QAM,-,AMIENS,AMIENS – GLISY AERODROME,-,-,FRANCE,,,-,L,
LFBA,AGF,-,AGEN,AGEN LA GARENNE AIRPORT,-,-,FRANCE,,,-,L,
LFBC,-,-,LA TESTE-DE-BUCH,CAZAUX AIR BASE,-,-,FRANCE,,,-,L,
LFBD,BOD,-,MÉRIGNAC,BORDEAUX–MÉRIGNAC AIRPORT,-,-,FRANCE,,,-,L,
LFBE,EGC,-,BERGERAC,BERGERAC DORDOGNE PÉRIGORD AIRPORT,-,-,FRANCE,,,-,L,
LFBF,-,-,FRANCAZAL,TOULOUSE - FRANCAZAL AIR BASE,-,-,FRANCE,,,-,L,
LFBG,CNG,-,CHÂTEAUBERNARD,COGNAC – CHÂTEAUBERNARD AIR BASE,-,-,FRANCE,,,-,L,
LFBH,LRH,-,LA ROCHELLE,LA ROCHELLE – ÎLE DE RÉ AIRPORT,-,-,FRANCE,,,-,L,
LFBI,PIS,-,POITIERS,POITIERS–BIARD AIRPORT,-,-,FRANCE,,,-,L,
LFBJ,-,-,SAINT-JUNIEN,SAINT-JUNIEN MARYSE BASTIÉ AIRPORT,-,-,FRANCE,,,-,L,
LFBK,MCU,-,LÉPAUD,MONTLUÇON – GUÉRET AIRPORT,-,-,FRANCE,,,-,L,
LFBL,LIG,-,LIMOGES,LIMOGES – BELLEGARDE AIRPORT,-,-,FRANCE,,,-,L,
LFBM,XMJ,-,MONT-DE-MARSAN,MONT-DE-MARSAN AIR BASE,-,-,FRANCE,,,-,L,
LFBN,NIT,-,NIORT,NIORT - SOUCHÉ AIRPORT,-,-,FRANCE,,,-,L,
LFBO,TLS,-,TOULOUSE,TOULOUSE–BLAGNAC AIRPORT,-,-,FRANCE,,,-,L,
LFBP,PUF,-,PAU,PAU PYRÉNÉES AIRPORT,-,-,FRANCE,,,-,L,
LFBR,-,-,LHERM,MURET – LHERM AERODROME,-,-,FRANCE,,,-,L,
LFBS,-,-,BISCARROSSE,BISCARROSSE – PARENTIS AIRPORT,-,-,FRANCE,,,-,L,
LFBT,LDE,-,TARBES,TARBES–LOURDES–PYRÉNÉES AIRPORT,-,-,FRANCE,,,-,L,
LFBU,ANG,-,ANGOULÊME,ANGOULÊME – COGNAC INTERNATIONAL AIRPORT,-,-,FRANCE,,,-,L,
LFBX,PGX,-,BASSILLAC,PÉRIGUEUX BASSILLAC AIRPORT,-,-,FRANCE,,,-,L,
LFBY,XDA,-,DAX,DAX - SEYRESSE AIRPORT,-,-,FRANCE,,,-,L,
LFBZ,BIQ,-,BIARRITZ,BIARRITZ PAYS BASQUE AIRPORT,-,-,FRANCE,,,-,L,
LFCA,XCX,-,CHÂTELLERAULT,CHÂTELLERAULT - TARGE AIRPORT,-,-,FRANCE,,,-,L,
LFCB,-,-,BAGNÈRES-DE-LUCHON,BAGNÈRES-DE-LUCHON AIRPORT,-,-,FRANCE,,,-,L,
LFCC,ZAO,-,CAHORS,CAHORS - LALBENQUE AIRPORT,-,-,FRANCE,,,-,L,
LFCD,-,-,ANDERNOS-LES-BAINS,ANDERNOS-LES-BAINS AIRPORT,-,-,FRANCE,,,-,L,
LFCE,XGT,-,GUÉRET,GUÉRET - SAINT-LAURENT AIRPORT,-,-,FRANCE,,,-,L,
LFCF,-,-,FIGEAC,FIGEAC - LIVERNON AIRPORT,-,-,FRANCE,,,-,L,
LFCG,-,-,SAINT-GIRONS,SAINT-GIRONS - ANTICHAN AIRPORT,-,-,FRANCE,,,-,L,
LFCH,XAC,-,ARCACHON,ARCACHON – LA TESTE-DE-BUCH AIRPORT,-,-,FRANCE,,,-,L,
LFCI,LBI,-,ALBI,ALBI - LE SEQUESTRE AERODROME,-,-,FRANCE,,,-,L,
LFCJ,-,-,JONZAC,JONZAC - NEULLES AIRPORT,-,-,FRANCE,,,-,L,
LFCK,DCM,-,CASTRES,CASTRES–MAZAMET AIRPORT,-,-,FRANCE,,,-,L,
LFCL,-,-,BALMA,TOULOUSE – LASBORDES AIRPORT,-,-,FRANCE,,,-,L,
LFCM,-,-,MILLAU,MILLAU - LARZAC AIRPORT,-,-,FRANCE,,,-,L,
LFCN,-,-,NOGARO,NOGARO AIRPORT,-,-,FRANCE,,,-,L,
LFCO,-,-,OLORON-SAINTE-MARIE,OLORON - HERRÈRE AIRPORT,-,-,FRANCE,,,-,L,
LFCP,-,-,PONS,PONS - AVY AIRPORT,-,-,FRANCE,,,-,L,
LFCQ,-,-,GRAULHET,GRAULHET - MONTDRAGON AIRPORT,-,-,FRANCE,,,-,L,
LFCR,RDZ,-,SALLES-LA-SOURCE,RODEZ–AVEYRON AIRPORT,-,-,FRANCE,,,-,L,
LFCS,-,-,LÉOGNAN,BORDEAUX - LEOGNAN - SAUCATS AIRPORT,-,-,FRANCE,,,-,L,
LFCT,-,-,THOUARS,THOUARS AIRPORT,-,-,FRANCE,,,-,L,
LFCU,-,-,USSE,USSEL - THALAMY AIRPORT,-,-,FRANCE,,,-,L,
LFCV,-,-,VILLEFRANCHE-DE-ROUERGUE,VILLEFRANCHE-DE-ROUERGUE AIRPORT,-,-,FRANCE,,,-,L,
LFCW,-,-,VILLENEUVE-SUR-LOT,VILLENEUVE-SUR-LOT AIRPORT,-,-,FRANCE,,,-,L,
LFCX,-,-,CASTELSARRASIN,CASTELSARRAZIN - MOISSAC AIRPORT,-,-,FRANCE,,,-,L,
LFCY,RYN,-,ROYAN,ROYAN – MÉDIS AERODROME,-,-,FRANCE,,,-,L,
LFCZ,-,-,MIMIZAN,MIMIZAN AIRPORT,-,-,FRANCE,,,-,L,
LFDA,-,-,AIRE-SUR-L'ADOUR,AIRE-SUR-L'ADOUR AIRPORT,-,-,FRANCE,,,-,L,
LFDB,XMW,-,MONTAUBAN,MONTAUBAN AIRPORT,-,-,FRANCE,,,-,L,
LFDC,-,-,MONTENDRE,MONTENDRE - MARCILLAC AIRPORT,-,-,FRANCE,,,-,L,
LFDE,-,-,ÉGLETONS,ÉGLETONS AIRPORT,-,-,FRANCE,,,-,L,
LFDF,-,-,SAINTE-FOY-LA-GRANDE,SAINTE-FOY-LA-GRANDE AIRPORT,-,-,FRANCE,,,-,L,
LFDG,-,-,GAILLAC,GAILLAC - LISLE-SUR-TARN AIRPORT,-,-,FRANCE,,,-,L,
LFDH,-,-,AUCH,AUCH - LAMOTHE AIRPORT,-,-,FRANCE,,,-,L,
LFDI,XLR,-,LIBOURNE,LIBOURNE - ARTIGUES-DE-LUSSAC AIRPORT,-,-,FRANCE,,,-,L,
LFDJ,-,-,PAMIERS,PAMIERS - LES PUJOLS AIRPORT,-,-,FRANCE,,,-,L,
LFDK,-,-,SOULAC-SUR-MER,SOULAC-SUR-MER AIRPORT,-,-,FRANCE,,,-,L,
LFDL,-,-,LOUDUN,LOUDUN AIRPORT,-,-,FRANCE,,,-,L,
LFDM,-,-,MARMANDE,MARMANDE – VIRAZEIL AIRPORT,-,-,FRANCE,,,-,L,
LFDN,RCO,-,ROCHEFORT,ROCHEFORT – SAINT-AGNANT AIRPORT,-,-,FRANCE,,,-,L,
LFDO,-,-,SOUGE,BORDEAUX - SOUGE AERODROME,-,-,FRANCE,,,-,L,
LFDP,-,-,SAINT-PIERRE-D'OLÉRON,SAINT-PIERRE-D'OLÉRON AIRPORT,-,-,FRANCE,,,-,L,
LFDQ,-,-,CASTELNAU-MAGNOAC,CASTELNAU-MAGNOAC AERODROME,-,-,FRANCE,,,-,L,
LFDR,-,-,LA RÉOLE,LA RÉOLE - FLOUDÈS AIRPORT,-,-,FRANCE,,,-,L,
LFDS,XSL,-,SARLAT-LA-CANÉDA,SARLAT - DOMME AIRPORT,-,-,FRANCE,,,-,L,
LFDU,-,-,LESPARRE-MÉDOC,LESPARRE - SAINT-LAURENT-DE-MÉDOC AIRPORT,-,-,FRANCE,,,-,L,
LFDV,-,-,COUHÉ,COUHÉ - VÉRAC AIRPORT,-,-,FRANCE,,,-,L,
LFDW,-,-,CHAUVIGNY,CHAUVIGNY AIRPORT,-,-,FRANCE,,,-,L,
LFDX,-,-,FUMEL,FUMEL - MONTAYRAL AIRPORT,-,-,FRANCE,,,-,L,
LFDY,-,-,YVRAC,BORDEAUX - YVRAC AERODROME,-,-,FRANCE,,,-,L,
LFEA,-,-,BELLE ÎLE,BELLE-ÎLE AERODROME,-,-,FRANCE,,,-,L,
LFEB,-,-,DINAN,DINAN - TRÉLIVAN AIRPORT,-,-,FRANCE,,,-,L,
LFEC,-,-,USHANT,OUESSANT AIRPORT,-,-,FRANCE,,,-,L,
LFED,-,-,PONTIVY,PONTIVY AIRPORT,-,-,FRANCE,,,-,L,
LFEF,XAM,-,AMBOISE,AMBOISE - DIERRE AIRPORT,-,-,FRANCE,,,-,L,
LFEG,-,-,ARGENTON-SUR-CREUSE,ARGENTON-SUR-CREUSE AIRPORT,-,-,FRANCE,,,-,L,
LFEH,-,-,AUBIGNY-SUR-NÈRE,AUBIGNY-SUR-NÈRE AIRPORT,-,-,FRANCE,,,-,L,
LFEI,-,-,BRIARE,BRIARE - CHÂTILLON AIRPORT,-,-,FRANCE,,,-,L,
LFEJ,-,-,CHÂTEAUROUX,CHÂTEAUROUX - VILLERS AIRPORT,-,-,FRANCE,,,-,L,
LFEK,-,-,ISSOUDUN,ISSOUDUN - LE FAY AIRPORT,-,-,FRANCE,,,-,L,
LFEL,-,-,LE BLANC,LE BLANC AIRPORT,-,-,FRANCE,,,-,L,
LFEM,-,-,MONTARGIS,MONTARGIS - VIMORY AIRPORT,-,-,FRANCE,,,-,L,
LFEN,-,-,SORIGNY,TOURS - SORIGNY AIRPORT,-,-,FRANCE,,,-,L,
LFEO,XSB,-,SAINT-MALO,SAINT-SERVAN AIRPORT,-,-,FRANCE,,,-,L,
LFEP,-,-,POUILLY-EN-AUXOIS,POUILLY - MACONGE AERODROME,-,-,FRANCE,,,-,L,
LFEQ,-,-,QUIBERON,QUIBERON AERODROME,-,-,FRANCE,,,-,L,
LFER,XRN,-,REDON,REDON - BAINS-SUR-OUST AERODROME,-,-,FRANCE,,,-,L,
LFES,-,-,GUISCRIFF,GUISCRIFF SCAER AIRPORT,-,-,FRANCE,,,-,L,
LFET,-,-,TIL-CHÂTEL,TIL-CHÂTEL AIRPORT,-,-,FRANCE,,,-,L,
LFEU,XBD,-,BAR-LE-DUC,BAR-LE-DUC - LES HAUTS-DE-CHÉE AIRPORT,-,-,FRANCE,,,-,L,
LFEV,-,-,GRAY,GRAY - SAINT-ADRIEN AIRPORT,-,-,FRANCE,,,-,L,
LFEW,-,-,SAULIEU,SAULIEU - LIERNAIS AIRPORT,-,-,FRANCE,,,-,L,
LFEX,-,-,NANCY,NANCY - AZELOT AERODROME,-,-,FRANCE,,,-,L,
LFEY,IDY,-,ÎLE D'YEU,ÎLE D'YEU AERODROME,-,-,FRANCE,,,-,L,
LFEZ,-,-,MALZÉVILLE,NANCY - MALZÉVILLE AERODROME,-,-,FRANCE,,,-,L,
LFFB,-,-,BUNO-BONNEVAUX,BUNO-BONNEVAUX AERODROME,-,-,FRANCE,,,-,L,
LFFC,-,-,MANTES-LA-JOLIE,MANTES - CHÉRENCE AERODROME,-,-,FRANCE,,,-,L,
LFFD,-,-,SAINT-ANDRÉ-DE-L'EURE,SAINT-ANDRÉ-DE-L'EURE AIRPORT,-,-,FRANCE,,,-,L,
LFFE,-,-,ENGHIEN-LES-BAINS,ENGHIEN - MOISSELLES AIRPORT,-,-,FRANCE,,,-,L,
LFFG,-,-,LA FERTÉ-GAUCHER,LA FERTÉ-GAUCHER AERODROME,-,-,FRANCE,,,-,L,
LFFH,XCY,-,CHÂTEAU-THIERRY,CHÂTEAU-THIERRY – BELLEAU AERODROME,-,-,FRANCE,,,-,L,
LFFI,-,-,ANCENIS,ANCENIS AERODROME,-,-,FRANCE,,,-,L,
LFFJ,-,-,JOINVILLE,JOINVILLE - MUSSEY AERODROME,-,-,FRANCE,,,-,L,
LFFK,-,-,FONTENAY-LE-COMTE,FONTENAY-LE-COMTE AIRPORT,-,-,FRANCE,,,-,L,
LFFL,-,-,BAILLEAU-ARMENONVILLE,BAILLEAU-ARMENONVILLE AERODROME,-,-,FRANCE,,,-,L,
LFFM,-,-,LAMOTTE-BEUVRON,LAMOTTE-BEUVRON AERODROME,-,-,FRANCE,,,-,L,
LFFN,-,-,BRIENNE-LE-CHÂTEAU,BRIENNE-LE-CHÂTEAU AIRPORT,-,-,FRANCE,,,-,L,
LFFP,-,-,PITHIVIERS,PITHIVIERS AERODROME,-,-,FRANCE,,,-,L,
LFFQ,-,-,LA FERTÉ-ALAIS,LA FERTÉ-ALAIS AERODROME,-,-,FRANCE,,,-,L,
LFFR,-,-,BAR-SUR-SEINE,BAR-SUR-SEINE AERODROME,-,-,FRANCE,,,-,L,
LFFT,-,-,NEUFCHÂTEAU,NEUFCHÂTEAU AIRPORT,-,-,FRANCE,,,-,L,
LFFU,-,-,CHÂTEAUNEUF-SUR-CHER,CHÂTEAUNEUF-SUR-CHER AIRPORT,-,-,FRANCE,,,-,L,
LFFV,XVZ,-,VIERZON,VIERZON - MÉREAU AERODROME,-,-,FRANCE,,,-,L,
LFFW,-,-,SAINT-GEORGES-DE-MONTAIGU,MONTAIGU - SAINT-GEORGES AIRPORT,-,-,FRANCE,,,-,L,
LFFX,-,-,TOURNUS,TOURNUS - CRUISERY AERODROME,-,-,FRANCE,,,-,L,
LFFY,-,-,ÉTRÉPAGNY,ÉTRÉPAGNY AERODROME,-,-,FRANCE,,,-,L,
LFFZ,-,-,SÉZANNE,SÉZANNE - SAINT-REMY AIRPORT,-,-,FRANCE,,,-,L,
LFGA,CMR,-,COLMAR,COLMAR AIRPORT,-,-,FRANCE,,,-,L,
LFGB,-,-,HABSHEIM,MULHOUSE–HABSHEIM AIRPORT,-,-,FRANCE,,,-,L,
LFGC,-,-,STRASBOURG,STRASBOURG - NEUHOF AIRPORT,-,-,FRANCE,,,-,L,
LFGD,-,-,ARBOIS,ARBOIS AERODROME,-,-,FRANCE,,,-,L,
LFGE,-,-,AVALLON,AVALLON AIRPORT,-,-,FRANCE,,,-,L,
LFGF,XBV,-,BEAUNE,BEAUNE - CHALLANGES AIRPORT,-,-,FRANCE,,,-,L,
LFGG,-,-,BELFORT,BELFORT CHAUX AIRPORT,-,-,FRANCE,,,-,L,
LFGH,-,-,COSNE-COURS-SUR-LOIRE,COSNE-SUR-LOIRE AIRPORT,-,-,FRANCE,,,-,L,
LFGI,-,-,DIJON,DIJON - DAROIS AIRPORT,-,-,FRANCE,,,-,L,
LFGJ,DLE,-,DOLE,DOLE–JURA AIRPORT,-,-,FRANCE,,,-,L,
LFGK,-,-,JOIGNY,JOIGNY AIRPORT,-,-,FRANCE,,,-,L,
LFGL,XLL,-,LONS-LE-SAUNIER,LONS-LE-SAUNIER - COURLAOUX AIRPORT,-,-,FRANCE,,,-,L,
LFGM,-,-,MONTCEAU-LES-MINES,MONTCEAU-LES-MINES - POUILLOUX AIRPORT,-,-,FRANCE,,,-,L,
LFGN,-,-,PARAY-LE-MONIAL,PARAY-LE-MONIAL AIRPORT,-,-,FRANCE,,,-,L,
LFGO,-,-,PONT-SUR-YONNE,PONT-SUR-YONNE AIRPORT,-,-,FRANCE,,,-,L,
LFGP,-,-,SAINT-FLORENTIN,SAINT-FLORENTIN - CHÉU AIRPORT,-,-,FRANCE,,,-,L,
LFGQ,-,-,SEMUR-EN-AUXOIS,SEMUR-EN-AUXOIS AIRPORT,-,-,FRANCE,,,-,L,
LFGR,-,-,DONCOURT-LÈS-CONFLANS,DONCOURT-LÈS-CONFLANS AIRPORT,-,-,FRANCE,,,-,L,
LFGS,-,-,LONGUYON,LONGUYON - VILLETTE AIRPORT,-,-,FRANCE,,,-,L,
LFGT,-,-,SARREBOURG,SARREBOURG - BUHL AIRPORT,-,-,FRANCE,,,-,L,
LFGU,-,-,SARREGUEMINES,SARREGUEMINES - NEUNKIRCH AIRPORT,-,-,FRANCE,,,-,L,
LFGV,XTH,-,THIONVILLE,THIONVILLE - YUTZ AIRPORT,-,-,FRANCE,,,-,L,
LFGW,XVN,-,VERDUN,VERDUN-LE-ROZELIER AIRPORT,-,-,FRANCE,,,-,L,
LFGX,-,-,CHAMPAGNOLE,CHAMPAGNOLE - CROTENAY AERODROME,-,-,FRANCE,,,-,L,
LFGY,XTD,-,SAINT-DIÉ-DES-VOSGES,SAINT-DIÉ - REMOMEIX AIRPORT,-,-,FRANCE,,,-,L,
LFGZ,-,-,NUITS-SAINT-GEORGES,NUITS-SAINT-GEORGES AERODROME,-,-,FRANCE,,,-,L,
LFHA,-,-,ISSOIRE,ISSOIRE - LE BROC AIRPORT,-,-,FRANCE,,,-,L,
LFHC,-,-,PÉROUGES,PÉROUGES - MEXIMIEUX AERODROME,-,-,FRANCE,,,-,L,
LFHD,-,-,PIERRELATTE,PIERRELATE AIRPORT,-,-,FRANCE,,,-,L,
LFHE,-,-,ROMANS-SUR-ISÈRE,ROMANS - SAINT-PAUL AIRPORT,-,-,FRANCE,,,-,L,
LFHF,-,-,RUOMS,RUOMS AERODROME,-,-,FRANCE,,,-,L,
LFHG,-,-,SAINT-CHAMOND,SAINT-CHAMOND - L'HORME AIRPORT,-,-,FRANCE,,,-,L,
LFHH,XVI,-,VIENNE,VIENNE - REVENTIN AIRPORT,-,-,FRANCE,,,-,L,
LFHI,-,-,MORESTEL,MORESTEL AERODROME,-,-,FRANCE,,,-,L,
LFHJ,-,-,CORBAS,LYON - CORBAS AERODROME,-,-,FRANCE,,,-,L,
LFHL,-,-,LANGOGNE,LANGOGNE - LESPÉRON AIRPORT,-,-,FRANCE,,,-,L,
LFHM,MVV,-,MEGÈVE,MEGÈVE ALTIPORT,ALTIPORT DE MEGÈVE,-,FRANCE,ALTIPORT,PUBLIC,-,L,
LFHN,XBF,-,BELLEGARDE-SUR-VALSERINE,BELLEGARDE - VOUVRAY AERODROME,-,-,FRANCE,,,-,L,
LFHO,OBS,-,AUBENAS,AUBENAS AERODROME,-,-,FRANCE,,,-,L,
LFHP,LPY,-,LE PUY-EN-VELAY,LE PUY – LOUDES AIRPORT,-,-,FRANCE,,,-,L,
LFHQ,-,-,SAINT-FLOUR,SAINT-FLOUR - COLTINES AIRPORT,-,-,FRANCE,,,-,L,
LFHR,-,-,BRIOUDE,BRIOUDE - BEAUMONT AIRPORT,-,-,FRANCE,,,-,L,
LFHS,XBK,-,BOURG-EN-BRESSE,BOURG – CEYZÉRIAT AIRPORT,-,-,FRANCE,,,-,L,
LFHT,-,-,AMBERT,AMBERT - LE POYET AIRPORT,-,-,FRANCE,,,-,L,
LFHU,AHZ,-,L'ALPE D'HUEZ,ALPE D'HUEZ AIRPORT,-,-,FRANCE,ALTIPORT,PUBLIC,-,L,
LFHV,XVF,-,VILLEFRANCHE-SUR-SAÔNE,VILLEFRANCHE – TARARE AIRPORT,-,-,FRANCE,,,-,L,
LFHW,-,-,BELLEVILLE,BELLEVILLE - VILLIÉ-MORGON AERODROME,-,-,FRANCE,,,-,L,
LFHX,-,-,LAPALISSE,LAPALISSE - PÉRIGNY AIRPORT,-,-,FRANCE,,,-,L,
LFHY,XMU,-,MOULINS,MOULINS – MONTBEUGNY AIRPORT,-,-,FRANCE,,,-,L,
LFHZ,XSN,-,SALLANCHES,SALLANCHES AERODROME,-,-,FRANCE,,,-,L,
LFIB,-,-,BELVÈS,BELVÈS - SAINT-PARDOUX AERODROME,-,-,FRANCE,,,-,L,
LFID,-,-,CONDOM,CONDOM - VALENCE-SUR-BAÏSE AIRPORT,-,-,FRANCE,,,-,L,
LFIF,-,-,SAINT-AFFRIQUE,SAINT-AFFRIQUE - BELMONT AERODROME,-,-,FRANCE,,,-,L,
LFIG,-,-,CASSAGNES-BÉGONHÈS,CASSAGNES-BÉGONHÈS AIRPORT,-,-,FRANCE,,,-,L,
LFIH,-,-,CHALAIS,CHALAIS AIRPORT,-,-,FRANCE,,,-,L,
LFIK,-,-,RIBÉRAC,RIBÉRAC - SAINT-AULAYE AERODROME,-,-,FRANCE,,,-,L,
LFIL,-,-,RION-DES-LANDES,RION-DES-LANDES AERODROME,-,-,FRANCE,,,-,L,
LFIM,-,-,SAINT-GAUDENS,SAINT-GAUDENS - MONTRÉJEAU AIRPORT,-,-,FRANCE,,,-,L,
LFIP,-,-,COL DE PEYRESOURDE,PEYRESOURDE - BALESTAS ALTIPORT,-,-,FRANCE,ALTIPORT,PUBLIC,-,L,
LFIR,-,-,REVEL,REVEL - MONTGEY AERODROME,-,-,FRANCE,,,-,L,
LFIV,-,-,VENDAYS-MONTALIVET,VENDAYS-MONTALIVET AERODROME,-,-,FRANCE,,,-,L,
LFIX,-,-,ITXASSOU,ITXASSOU AERODROME,-,-,FRANCE,,,-,L,
LFIY,-,-,SAINT-JEAN-D'ANGÉLY,SAINT-JEAN-D'ANGÉLY - SAINT-DENIS-DU-PIN AERODROME,-,-,FRANCE,,,-,L,
LFJA,XCW,-,CHAUMONT,QUARTIER GÉNÉRAL D'ABOVILLE,-,-,FRANCE,,,-,L,
LFJB,-,-,MAULÉON,MAULÉON AIRPORT,-,-,FRANCE,,,-,L,
LFJC,-,-,CLAMECY,CLAMECY AIRPORT,-,-,FRANCE,,,-,L,
LFJD,-,-,CORLIER,CORLIER AERODROME,AÉRODROME DE CORLIER,-,FRANCE,ALTIPORT,PUBLIC,-,L,
LFJE,-,-,LA MOTTE-CHALANCON,LA MOTTE-CHALANCON AERODROME,-,-,FRANCE,ALTIPORT,PUBLIC,-,L,
LFJF,-,-,AUBENASSON,AUBENASSON AERODROME,-,-,FRANCE,,,-,L,
LFJH,-,-,CAZÈRES,CAZÈRES - PALAMINY AERODROME,-,-,FRANCE,,,-,L,
LFJI,-,-,MARENNES,MARENNES AERODROME,-,-,FRANCE,,,-,L,
LFJL,ETZ,-,GOIN,METZ–NANCY–LORRAINE AIRPORT,-,-,FRANCE,,,-,L,
LFJR,ANE,-,MARCÉ,ANGERS – LOIRE AIRPORT,-,-,FRANCE,,,-,L,
LFJS,XSS,-,SOISSONS,SOISSONS - COURMELLES AIRPORT,-,-,FRANCE,,,-,L,
LFJT,-,-,LE LOUROUX,TOURS - LE LOUROUX AERODROME,-,-,FRANCE,,,-,L,
LFJU,-,-,LURCY-LÉVIS,LURCY-LÉVIS AERODROME,-,-,FRANCE,,,-,L,
LFKA,XAV,-,ALBERTVILLE,ALBERTVILLE AERODROME,-,-,FRANCE,,,-,L,
LFKB,BIA,-,BASTIA,BASTIA – PORETTA AIRPORT,-,-,FRANCE,,,-,L,
LFKC,CLY,-,CALVI,CALVI – SAINTE-CATHERINE AIRPORT,-,-,FRANCE,,,-,L,
LFKD,-,-,SOLLIÈRES-SARDIÈRES,SOLLIÈRES-SARDIÈRES AERODROME,-,-,FRANCE,,,-,L,
LFKE,-,-,SAINT-JEAN-EN-ROYANS,SAINT-JEAN-EN-ROYANS AERODROME,-,-,FRANCE,,,-,L,
LFKF,FSC,-,FIGARI CORSE-DU-SUD,FIGARI–SUD CORSE AIRPORT,-,-,FRANCE,,,-,L,
LFKG,-,-,GHISONACCIA,GHISONACCIA ALZITONE AIRPORT,-,-,FRANCE,,,-,L,
LFKH,-,-,SAINT-JEAN-D'AVELANNE,SAINT-JEAN-D'AVELANNE AERODROME,-,-,FRANCE,,,-,L,
LFKJ,AJA,-,AJACCIO,AJACCIO NAPOLEON BONAPARTE AIRPORT,-,-,FRANCE,,,-,L,
LFKL,-,-,LYON,LYON - BRINDAS AERODROME,-,-,FRANCE,,,-,L,
LFKM,-,-,SAINT-GALMIER,SAINT-GALMIER AERODROME,-,-,FRANCE,,,-,L,
LFKO,PRP,-,PROPRIANO,PROPRIANO AIRPORT,-,-,FRANCE,,,-,L,
LFKP,-,-,LA TOUR-DU-PIN,LA TOUR-DU-PIN - CESSIEU AERODROME,-,-,FRANCE,,,-,L,
LFKR,-,-,SAINT-RÉMY-DE-MAURIENNE,SAINT-RÉMY-DE-MAURIENNE AERODROME,-,-,FRANCE,,,-,L,
LFKS,SOZ,-,VENTISERI,SOLENZARA AIR BASE,-,-,FRANCE,,,-,L,
LFKT,-,-,CORTE,CORTE AIRPORT,-,-,FRANCE,,,-,L,
LFKX,MFX,-,LES ALLUES,MÉRIBEL ALTIPORT,ALTIPORT DE MÉRIBEL,-,FRANCE,ALTIPORT,PUBLIC,-,L,
LFKY,-,-,BELLEY,BELLEY - PEYRIEU AERODROME,-,-,FRANCE,,,-,L,
LFKZ,XTC,-,SAINT-CLAUDE,SAINT-CLAUDE - PRATZ AERODROME,-,-,FRANCE,,,-,L,
LFLA,AUF,-,AUXERRE,AUXERRE – BRANCHES AERODROME,-,-,FRANCE,,,-,L,
LFLB,CMF,-,CHAMBÉRY,CHAMBÉRY AIRPORT,-,-,FRANCE,,,-,L,
LFLC,CFE,-,AULNAT,CLERMONT-FERRAND AUVERGNE AIRPORT,-,-,FRANCE,,,-,L,
LFLD,BOU,-,BOURGES,BOURGES AIRPORT,-,-,FRANCE,,,-,L,
LFLE,-,-,CHALLES-LES-EAUX,CHAMBÉRY AERODROME,-,-,FRANCE,,,-,L,
LFLG,-,-,LE VERSOUD,GRENOBLE – LE VERSOUD AERODROME,-,-,FRANCE,,,-,L,
LFLH,XCD,-,CHAMPFORGEUIL,CHALON – CHAMPFORGEUIL AIRPORT,-,-,FRANCE,,,-,L,
LFLI,QNJ,-,ANNEMASSE,ANNEMASSE AERODROME,-,-,FRANCE,,,-,L,
LFLJ,CVF,-,COURCHEVEL,COURCHEVEL ALTIPORT,ALTIPORT DE COURCHEVEL,-,FRANCE,ALTIPORT,PUBLIC,-,L,
LFLK,-,-,OYONNAX,OYONNAX - ARBENT AERODROME,-,-,FRANCE,,,-,L,
LFLL,LYS,-,COLOMBIER-SAUGNIEU,LYON–SAINT-EXUPÉRY AIRPORT,-,-,FRANCE,,,-,L,
LFLM,QNX,-,MÂCON,MÂCON - CHARNAY AIRPORT,-,-,FRANCE,,,-,L,
LFLN,SYT,-,SAINT-YAN,SAINT-YAN AIRPORT,-,-,FRANCE,,,-,L,
LFLO,RNE,-,ROANNE,ROANNE RENAISON AIRPORT,-,-,FRANCE,,,-,L,
LFLP,NCY,-,ANNECY,ANNECY – HAUTE-SAVOIE – MONT BLANC AIRPORT,-,-,FRANCE,,,-,L,
LFLQ,XMK,-,MONTÉLIMAR,MONTÉLIMAR - ANCÔNE AIRPORT,-,-,FRANCE,,,-,L,
LFLR,-,-,SAINT-RAMBERT-D'ALBON,SAINT-RAMBERT-D'ALBON AIRPORT,-,-,FRANCE,,,-,L,
LFLS,GNB,-,SAINT-ÉTIENNE-DE-SAINT-GEOIRS,ALPES–ISÈRE AIRPORT,-,-,FRANCE,,,-,L,
LFLT,-,-,MONTLUÇON,MONTLUÇON - DOMÉRAT AERODROME,-,-,FRANCE,,,-,L,
LFLU,VAF,-,VALENCE,VALENCE-CHABEUIL AIRPORT,-,-,FRANCE,,,-,L,
LFLV,VHY,-,CHARMEIL,VICHY — CHARMEIL AIRPORT,-,-,FRANCE,,,-,L,
LFLW,AUR,-,AURILLAC,AURILLAC – TRONQUIÈRES AIRPORT,-,-,FRANCE,,,-,L,
LFLX,CHR,-,DÉOLS,"CHÂTEAUROUX-CENTRE ""MARCEL DASSAULT"" AIRPORT",-,-,FRANCE,,,-,L,
LFLY,LYN,-,BRON,LYON–BRON AIRPORT,-,-,FRANCE,,,-,L,
LFLZ,-,-,FEURS,FEURS - CHAMBÉON AIRPORT,-,-,FRANCE,,,-,L,
LFMA,QXB,-,LES MILLES,AIX-EN-PROVENCE AERODROME,-,-,FRANCE,,,-,L,
LFMC,-,-,LE CANNET-DE-MAURES,LE LUC – LE CANNET AIRPORT,-,-,FRANCE,,,-,L,
LFMD,CEQ,-,CANNES,CANNES – MANDELIEU AIRPORT,-,-,FRANCE,,,-,L,
LFME,-,-,NÎMES,NÎMES - COURBESSAC AIRPORT,-,-,FRANCE,,,-,L,
LFMF,-,-,FAYENCE,FAYENCE-TOURRETTES AIRFIELD,-,-,FRANCE,,,-,L,
LFMG,-,-,MONTAGNE NOIRE,MONTAGNE NOIRE AERODROME,-,-,FRANCE,,,-,L,
LFMH,EBU,-,ANDRÉZIEUX-BOUTHÉON,SAINT-ÉTIENNE–BOUTHÉON AIRPORT,-,-,FRANCE,,,-,L,
LFMI,IFR,-,ISTRES,ISTRES-LE TUBÉ AIR BASE,-,-,FRANCE,,,-,L,
LFMK,CCF,-,CARCASSONNE,CARCASSONNE AIRPORT,-,-,FRANCE,,,-,L,
LFML,MRS,-,MARIGNANE,MARSEILLE PROVENCE AIRPORT,-,-,FRANCE,,,-,L,
LFMN,NCE,-,NICE,NICE CÔTE D'AZUR AIRPORT,-,-,FRANCE,,,-,L,
LFMO,XOG,-,VAUCLUSE,ORANGE-CARITAT AIR BASE,-,-,FRANCE,,,-,L,
LFMP,PGF,-,PERPIGNAN,PERPIGNAN–RIVESALTES AIRPORT,-,-,FRANCE,,,-,L,
LFMQ,CTT,-,LE CASTELLET,LE CASTELLET AIRPORT,-,-,FRANCE,,,-,L,
LFMR,BAE,-,SAINT-PONS,BARCELONNETTE – SAINT-PONS AIRFIELD,-,-,FRANCE,,,-,L,
LFMS,-,-,ALÈS,ALÈS - DEAUX AIRPORT,-,-,FRANCE,,,-,L,
LFMT,MPL,-,MAUGUIO,MONTPELLIER–MÉDITERRANÉE AIRPORT,-,-,FRANCE,,,-,L,
LFMU,BZR,-,VIAS,BÉZIERS CAP D'AGDE AIRPORT,-,-,FRANCE,,,-,L,
LFMV,AVN,-,AVIGNON,AVIGNON – PROVENCE AIRPORT,-,-,FRANCE,,,-,L,
LFMW,-,-,VILLENEUVE-LA-COMPTAL,CASTELNAUDARY – VILLENEUVE AIRPORT,-,-,FRANCE,,,-,L,
LFMX,-,-,CHÂTEAU-ARNOUX-SAINT-AUBAN,CHÂTEAU-ARNOUX-SAINT-AUBAN AIRPORT,-,-,FRANCE,,,-,L,
LFMY,-,-,SALON-DE-PROVENCE,SALON-DE-PROVENCE AIR BASE,-,-,FRANCE,,,-,L,
LFMZ,-,-,LÉZIGNAN-CORBIÈRES,LÉZIGNAN-CORBIÈRES AIRPORT,-,-,FRANCE,,,-,L,
LFNA,GAT,-,TALLARD,GAP–TALLARD AIRPORT,-,-,FRANCE,,,-,L,
LFNB,MEN,-,MENDE,MENDE - BRENOUX AIRPORT,-,-,FRANCE,,,-,L,
LFNC,SCP,-,MONT-DAUPHIN,MONT-DAUPHIN - SAINT-CRÉPIN AIRPORT,-,-,FRANCE,,,-,L,
LFND,-,-,PONT-SAINT-ESPRIT,PONT-SAINT-ESPRIT AIRPORT,-,-,FRANCE,,,-,L,
LFNE,-,-,EYGUIÈRES,SALON - EYGUIÈRES AIRPORT,-,-,FRANCE,,,-,L,
LFNF,-,-,VINON-SUR-VERDON,VINON AIRPORT,-,-,FRANCE,,,-,L,
LFNG,-,-,MONTPELLIER,MONTPELLIER - CANDILLARGUES AIRPORT,-,-,FRANCE,,,-,L,
LFNH,-,-,CARPENTRAS,CARPENTRAS AIRPORT,-,-,FRANCE,,,-,L,
LFNJ,-,-,ASPRES-SUR-BUËCH,ASPRES-SUR-BUËCH AERODROME,-,-,FRANCE,,,-,L,
LFNL,-,-,SAINT-MARTIN-DE-LONDRES,SAINT-MARTIN-DE-LONDRES AERODROME,-,-,FRANCE,,,-,L,
LFNO,-,-,FLORAC,FLORAC - SAINTE-ENIMIE AERODROME,-,-,FRANCE,,,-,L,
LFNP,-,-,PÉZENAS,PÉZENAS - NIZAS AERODROME,-,-,FRANCE,,,-,L,
LFNQ,QZE,-,MONT-LOUIS,MONT-LOUIS - LA QUILLANE AERODROME,-,-,FRANCE,,,-,L,
LFNR,-,-,BERRE-L'ÉTANG,BERRE - LA FARE AERODROME,-,-,FRANCE,,,-,L,
LFNS,-,-,SISTERON,SISTERON - THÈZE AERODROME,-,-,FRANCE,,,-,L,
LFNT,-,-,PUJAUT,AVIGNON - PUJAUT AERODROME,-,-,FRANCE,,,-,L,
LFNU,-,-,UZÈS,UZÈS AERODROME,-,-,FRANCE,,,-,L,
LFNV,-,-,VALRÉAS,VALRÉAS - VISAN AIRPORT,-,-,FRANCE,,,-,L,
LFNW,-,-,PUIVERT,PUIVERT AERODROME,-,-,FRANCE,,,-,L,
LFNX,-,-,BÉDARIEUX,BÉDARIEUX - LA TOUR-SUR-ORB AERODROME,-,-,FRANCE,,,-,L,
LFNZ,-,-,LE MAZET-DE-ROMANIN,LE MAZET-DE-ROMANIN AERODROME,-,-,FRANCE,,,-,L,
LFOA,-,-,AVORD,AVORD AIR BASE ,-,-,FRANCE,,,-,L,
LFOB,BVA,-,BEAUVAIS,BEAUVAIS–TILLÉ AIRPORT,-,-,FRANCE,,,-,L,
LFOC,-,-,CHÂTEAUDUN,CHÂTEAUDUN AIRPORT,-,-,FRANCE,,,-,L,
LFOD,XSU,-,SAUMUR,SAUMUR - SAINT-HILAIRE - SAINT-FLORENT AERODROME,-,-,FRANCE,,,-,L,
LFOE,EVX,-,ÉVREUX,ÉVREUX-FAUVILLE AIR BASE,-,-,FRANCE,,,-,L,
LFOF,XAN,-,ALENÇON,ALENÇON - VALFRAMBERT AERODROME,-,-,FRANCE,,,-,L,
LFOG,-,-,FLERS,FLERS - SAINT-PAUL AERODROME,-,-,FRANCE,,,-,L,
LFOH,LEH,-,OCTEVILLE-SUR-MER,LE HAVRE – OCTEVILLE AIRPORT,-,-,FRANCE,,,-,L,
LFOI,XAB,-,ABBEVILLE,AERODROME ABBEVILLE,-,-,FRANCE,,,-,L,
LFOJ,-,-,ORLÉANS,ORLÉANS – BRICY AIR BASE,-,-,FRANCE,,,-,L,
LFOK,XCR,-,VATRY,CHÂLONS VATRY AIRPORT,-,-,FRANCE,,,-,L,
LFOL,-,-,L'AIGLE,L'AIGLE - SAINT-MICHEL AIRPORT,-,-,FRANCE,,,-,L,
LFOM,-,-,LESSAY,LESSAY AIRPORT,-,-,FRANCE,,,-,L,
LFON,-,-,VERNOUILLET,VERNOUILLET AIRPORT,-,-,FRANCE,,,-,L,
LFOO,LSO,-,LES SABLES-D'OLONNE,LES SABLES-D'OLONNE - TALMONT AIRPORT,-,-,FRANCE,,,-,L,
LFOP,URO,-,BOOS,ROUEN AIRPORT,-,-,FRANCE,,,-,L,
LFOQ,XBQ,-,BLOIS,BLOIS - LE BREUIL AIRPORT,-,-,FRANCE,,,-,L,
LFOR,QTJ,-,CHARTRES,CHARTRES – CHAMPHOL AERODROME,-,-,FRANCE,,,-,L,
LFOS,-,-,SAINT-VALERY-EN-CAUX,SAINT-VALERY - VITTEFLEUR AIRPORT,-,-,FRANCE,,,-,L,
LFOT,TUF,-,TOURS,TOURS VAL DE LOIRE AIRPORT,-,-,FRANCE,,,-,L,
LFOU,CET,-,CHOLET,CHOLET - LE PONTREAU AERODROME,-,-,FRANCE,,,-,L,
LFOV,LVA,-,LAVAL,LAVAL - ENTRAMMES AIRPORT,-,-,FRANCE,,,-,L,
LFOW,-,-,SAINT-QUENTIN,SAINT-QUENTIN - ROUPY AIRPORT,-,-,FRANCE,,,-,L,
LFOX,-,-,ÉTAMPES,ÉTAMPES - MONDÉSIR AERODROME,-,-,FRANCE,,,-,L,
LFOY,-,-,LE HAVRE,LE HAVRE - SAINT-ROMAIN AIRPORT,-,-,FRANCE,,,-,L,
LFOZ,ORE,-,JARGEAU,ORLÉANS – SAINT-DENIS-DE-L'HÔTEL AIRPORT,-,-,FRANCE,,,-,L,
LFPA,XYP,-,BEAUMONT-SUR-OISE,PERSAN-BEAUMONT AIRPORT,-,-,FRANCE,,,-,L,
LFPB,LBG,-,LE BOURGET,PARIS–LE BOURGET AIRPORT,-,-,FRANCE,,,-,L,
LFPC,CSF,-,CREIL,CREIL AIR BASE,-,-,FRANCE,,,-,L,
LFPD,XBX,-,BERNAY,BERNAY–ST MARTIN AIRPORT,-,-,FRANCE,,,-,L,
LFPE,XYB,-,MEAUX,MEAUX - ESBLY AERODROME,-,-,FRANCE,,,-,L,
LFPF,-,-,BEYNES,BEYNES - THIVERVAL AERODROME,-,-,FRANCE,,,-,L,
LFPG,CDG,-,ROISSY-EN-FRANCE,CHARLES DE GAULLE AIRPORT,-,-,FRANCE,,,-,L,
LFPH,XXY,-,CHELLES,CHELLES - LE PIN AERODROME,-,-,FRANCE,,,-,L,
LFPI,JDP,-,ISSY-LES-MOULINEAUX,PARIS - ISSY-LES-MOULINEAUX HELIPORT,-,-,FRANCE,HELIPORT,,-,L,
LFPL,XLG,-,LOGNES,LOGNES – ÉMERAINVILLE AERODROME,-,-,FRANCE,,,-,L,
LFPM,-,-,MELUN,MELUN VILLAROCHE AERODROME,-,-,FRANCE,,,-,L,
LFPN,TNF,-,TOUSSUS-LE-NOBLE,TOUSSUS-LE-NOBLE AIRPORT,-,-,FRANCE,,,-,L,
LFPO,ORY,-,ESSONNE,PARIS ORLY AIRPORT,-,-,FRANCE,,,-,L,
LFPP,-,-,LE PLESSIS-BELLEVILLE,PLESSIS-BELLEVILLE AIRPORT,-,-,FRANCE,,,-,L,
LFPQ,-,-,FONTENAY-TRÉSIGNY,FONTENAY-TRÉSIGNY AIRPORT,-,-,FRANCE,,,-,L,
LFPT,POX,-,PONTOISE,PONTOISE – CORMEILLES AERODROME,-,-,FRANCE,,,-,L,
LFPU,-,-,MORET-SUR-LOING,MORET - EPISY AERODROME,-,-,FRANCE,,,-,L,
LFPV,VIY,-,VÉLIZY-VILLACOUBLAY,VÉLIZY – VILLACOUBLAY AIR BASE,-,-,FRANCE,,,-,L,
LFPX,XZX,-,CHAVENAY,CHAVENAY - VILLEPREUX AERODROME,-,-,FRANCE,,,-,L,
LFPY,-,-,BRÉTIGNY-SUR-ORGE,BRÉTIGNY-SUR-ORGE AIR BASE,-,-,FRANCE,,,-,L,
LFPZ,XZB,-,SAINT-CYR-L'ÉCOLE,SAINT-CYR-L'ÉCOLE AERODROME,-,-,FRANCE,,,-,L,
LFQA,-,-,PRUNAY,REIMS – PRUNAY AERODROME,-,-,FRANCE,,,-,L,
LFQB,QYR,-,TROYES,TROYES – BARBEREY AIRPORT,-,-,FRANCE,,,-,L,
LFQC,-,-,LUNÉVILLE,LUNÉVILLE-CROISMARE AIRPORT,-,-,FRANCE,,,-,L,
LFQD,-,-,ARRAS,ARRAS – ROCLINCOURT AIRPORT,-,-,FRANCE,,,-,L,
LFQE,-,-,ÉTAIN,ÉTAIN - ROUVRES AIR BASE,-,-,FRANCE,,,-,L,
LFQF,XXG,-,AUTUN,AUTUN - BELLEVUE AERODROME,-,-,FRANCE,,,-,L,
LFQG,NVS,-,NEVERS,NEVERS - FOURCHAMBAULT AIRPORT,-,-,FRANCE,,,-,L,
LFQH,-,-,CHÂTILLON-SUR-SEINE,CHÂTILLON-SUR-SEINE AIRPORT,-,-,FRANCE,,,-,L,
LFQI,XCB,-,ÉPINOY,CAMBRAI - ÉPINOY AIR BASE,-,-,FRANCE,,,-,L,
LFQJ,XME,-,MAUBEUGE,MAUBEUGE AERODROME,-,-,FRANCE,,,-,L,
LFQK,-,-,CHÂLONS-EN-CHAMPAGNE,CHÂLONS - ÉCURY-SUR-COOLE AIRPORT,-,-,FRANCE,,,-,L,
LFQL,XLE,-,LENS,LENS - BÉNIFONTAINE AIRPORT,-,-,FRANCE,,,-,L,
LFQM,QBQ,-,LA VÈZE,BESANÇON – LA VÈZE AERODROME,-,-,FRANCE,,,-,L,
LFQN,XSG,-,SAINT-OMER,SAINT-OMER - WIZERNES AIRPORT,-,-,FRANCE,,,-,L,
LFQO,-,-,LILLE,LILLE - MARCQ-EN-BAROEUL AIRPORT,-,-,FRANCE,,,-,L,
LFQP,-,-,PHALSBOURG,QUARTIER LA HORIE,-,-,FRANCE,,,-,L,
LFQQ,LIL,-,LESQUIN,LILLE AIRPORT,-,-,FRANCE,,,-,L,
LFQR,-,-,ROMILLY-SUR-SEINE,ROMILLY-SUR-SEINE AIRPORT,-,-,FRANCE,,,-,L,
LFQS,-,-,VITRY-EN-ARTOIS,VITRY-EN-ARTOIS AIRPORT,-,-,FRANCE,,,-,L,
LFQT,HZB,-,MERVILLE,MERVILLE–CALONNE AIRPORT,-,-,FRANCE,,,-,L,
LFQU,-,-,SARRE-UNION,SARRE-UNION AERODROME,-,-,FRANCE,,,-,L,
LFQV,-,-,CHARLEVILLE-MÉZIÈRES,CHARLEVILLE-MÉZIÈRES AERODROME,-,-,FRANCE,,,-,L,
LFQW,XVO,-,VESOUL / FROTEY,VESOUL - FROTEY AIRPORT,-,-,FRANCE,,,-,L,
LFQX,-,-,JUVANCOURT,JUVANCOURT AERODROME,-,-,FRANCE,,,-,L,
LFQY,-,-,SAVERNE,SAVERNE - STEINBOURG AERODROME,-,-,FRANCE,,,-,L,
LFQZ,-,-,DIEUZE,DIEUZE - GUEBLANGE AERODROME,-,-,FRANCE,,,-,L,
LFRA,-,-,ANGERS,ANGERS – AVRILLÉ AIRPORT,-,-,FRANCE,,,-,L,
LFRB,BES,-,BREST,BREST BRETAGNE AIRPORT,-,-,FRANCE,,,-,L,
LFRC,CER,-,CHERBOURG-EN-COTENTIN,CHERBOURG – MAUPERTUS AIRPORT,-,-,FRANCE,,,-,L,
LFRD,DNR,-,DINARD,DINARD–PLEURTUIT–SAINT-MALO AIRPORT,-,-,FRANCE,,,-,L,
LFRE,LBY,-,LA BAULE-ESCOUBLAC,LA BAULE - PORNICHET - LE POULIGUEN AIRPORT,-,-,FRANCE,,,-,L,
LFRF,GFR,-,GRANVILLE,GRANVILLE - MONT SAINT-MICHEL AERODROME,-,-,FRANCE,,,-,L,
LFRG,DOL,-,DEAUVILLE,DEAUVILLE – NORMANDIE AIRPORT,-,-,FRANCE,,,-,L,
LFRH,LRT,-,LORIENT,LORIENT SOUTH BRITTANY AIRPORT,-,-,FRANCE,,,-,L,
LFRI,EDM,-,LA ROCHE-SUR-YON,LA ROCHE-SUR-YON AERODROME,-,-,FRANCE,,,-,L,
LFRJ,LDV,-,LANDIVISIAU,LANDIVISIAU AIR BASE,-,-,FRANCE,,,-,L,
LFRK,CFR,-,CAEN,CAEN – CARPIQUET AIRPORT,-,-,FRANCE,,,-,L,
LFRL,-,-,LANVÉOC,LANVÉOC - POULMIC AIR BASE,-,-,FRANCE,,,-,L,
LFRM,LME,-,LE MANS,LE MANS - ARNAGE AERODROME,-,-,FRANCE,,,-,L,
LFRN,RNS,-,RENNES,RENNES–SAINT-JACQUES AIRPORT,-,-,FRANCE,,,-,L,
LFRO,LAI,-,LANNION,LANNION – CÔTE DE GRANIT AIRPORT,-,-,FRANCE,,,-,L,
LFRP,-,-,PLOËRMEL,PLOËRMEL - LOYAT AIRPORT,-,-,FRANCE,,,-,L,
LFRQ,UIP,-,PLUGUFFAN,QUIMPER–CORNOUAILLE AIRPORT,-,-,FRANCE,,,-,L,
LFRS,NTE,-,BOUGUENAIS,NANTES ATLANTIQUE AIRPORT,-,-,FRANCE,,,-,L,
LFRT,SBK,-,SAINT-BRIEUC,SAINT-BRIEUC – ARMOR AIRPORT,-,-,FRANCE,,,-,L,
LFRU,MXN,-,MORLAIX,MORLAIX – PLOUJEAN AIRPORT,-,-,FRANCE,,,-,L,
LFRV,VNE,-,VANNES,MEUCON AIRPORT,-,-,FRANCE,,,-,L,
LFRW,-,-,AVRANCHES,AVRANCHES - LE VAL-SAINT-PÈRE AERODROME,-,-,FRANCE,,,-,L,
LFRZ,SNR,-,SAINT-NAZAIRE,SAINT-NAZAIRE MONTOIR AIRPORT,-,-,FRANCE,,,-,L,
LFSA,-,-,BESANÇON,BESANÇON - THISE AIRPORT,-,-,FRANCE,,,-,L,
LFSB,MLH,-,SAINT-LOUIS,EUROAIRPORT BASEL MULHOUSE FREIBURG,-,-,FRANCE,,,-,L,
LFSC,-,-,MEYENHEIM,QUARTIER COLONEL DIO,-,-,FRANCE,,,-,L,
LFSD,DIJ,-,LONGVIC,DIJON–BOURGOGNE AIRPORT,-,-,FRANCE,,,-,L,
LFSE,-,-,ÉPINAL,ÉPINAL - DOGNEVILLE AIRPORT,-,-,FRANCE,,,-,L,
LFSF,MZM,-,METZ,METZ-FRESCATY AIR BASE,-,-,FRANCE,,,-,L,
LFSG,EPL,-,JUVAINCOURT,ÉPINAL – MIRECOURT AIRPORT,-,-,FRANCE,,,-,L,
LFSH,-,-,HAGUENAU,HAGUENAU AIRPORT,-,-,FRANCE,,,-,L,
LFSI,-,-,SAINT-DIZIER,SAINT-DIZIER – ROBINSON AIR BASE,-,-,FRANCE,,,-,L,
LFSJ,XSW,-,SEDAN,SEDAN - DOUZY AIRPORT,-,-,FRANCE,,,-,L,
LFSK,-,-,VITRY-LE-FRANÇOIS,VITRY-LE-FRANÇOIS - VAUCLERC AIRPORT,-,-,FRANCE,,,-,L,
LFSL,BVE,-,BRIVE-LA-GAILLARDE,BRIVE–SOUILLAC AIRPORT,-,-,FRANCE,,,-,L,
LFSM,XMF,-,MONTBÉLIARD,MONTBÉLIARD – COURCELLES AERODROME,-,-,FRANCE,,,-,L,
LFSN,ENC,-,ESSEY,NANCY-ESSEY AIRPORT,-,-,FRANCE,,,-,L,
LFSO,-,-,OCHEY,NANCY – OCHEY AIR BASE,-,-,FRANCE,,,-,L,
LFSP,-,-,PONTARLIER,PONTARLIER AIRPORT,-,-,FRANCE,,,-,L,
LFSQ,BOR,-,BELFORT / FONTAINE,BELFORT - FONTAINE AERODROME,-,-,FRANCE,,,-,L,
LFSR,RHE,-,REIMS,REIMS - CHAMPAGNE AERODROME,-,-,FRANCE,,,-,L,
LFST,SXB,-,ENTZHEIM,STRASBOURG AIRPORT,-,-,FRANCE,,,-,L,
LFSU,-,-,LANGRES,LANGRES - ROLAMPONT AIRPORT,-,-,FRANCE,,,-,L,
LFSV,-,-,PONT-SAINT-VINCENT,PONT-SAINT-VINCENT AERODROME,-,-,FRANCE,,,-,L,
LFSW,XEP,-,ÉPERNAY,ÉPERNAY - PLIVOT AIRPORT,-,-,FRANCE,,,-,L,
LFSX,-,-,LUXEUIL-LES-BAINS,LUXEUIL - SAINT-SAUVEUR AIR BASE,-,-,FRANCE,,,-,L,
LFSY,-,-,CESSEY,CESSEY AIRPORT,-,-,FRANCE,,,-,L,
LFSZ,VTL,-,VITTEL,VITTEL - CHAMP-DE-COURSES AIRPORT,-,-,FRANCE,,,-,L,
LFTF,-,-,CUERS,CUERS - PIERREFEU AIRPORT,-,-,FRANCE,,,-,L,
LFTH,TLN,-,HYÈRES,TOULON–HYÈRES AIRPORT,-,-,FRANCE,,,-,L,
LFTM,-,-,SERRES / LA BÂTIE-MONTSALÉON,SERRES - LA BÂTIE-MONTSALÉON AERODROME,-,-,FRANCE,,,-,L,
LFTN,-,-,LA GRAND-COMBE,LA GRAND-COMBE AERODROME,-,-,FRANCE,,,-,L,
LFTP,-,-,PUIMOISSON,PUIMOISSON AERODROME,-,-,FRANCE,,,-,L,
LFTQ,-,-,CHÂTEAUBRIANT,CHÂTEAUBRIANT - POUANCÉ AERODROME,-,-,FRANCE,,,-,L,
LFTT,JSZ,-,SAINT-TROPEZ,SAINT-TROPEZ - LE PILON HELIPORT,-,-,FRANCE,HELIPORT,,-,L,
LFTW,FNI,-,SAN-GILLES,NÎMES–ALÈS–CAMARGUE–CÉVENNES AIRPORT,-,-,FRANCE,,,-,L,
LFTZ,LTT,-,LA MÔLE,LA MÔLE – SAINT-TROPEZ AIRPORT,-,-,FRANCE,,,-,L,
LFXA,-,-,AMBÉRIEU-EN-BUGEY,AMBÉRIEU-EN-BUGEY AIR BASE,-,-,FRANCE,,,-,L,
LFXB,XST,-,SAINTES,SAINTES - THÉNAC AIRPORT,-,-,FRANCE,,,-,L,
LFXC,-,-,AUZAINVILLIERS,VITTEL - AUZAINVILLIERS AIRPORT,-,-,FRANCE,,,-,L,
LFXH,-,-,VALDAHON,VALDAHON AIR BASE,-,-,FRANCE,,,-,L,
LFXI,-,-,SAINT-CHRISTOL,SAINT-CHRISTOL AIRPORT,-,-,FRANCE,,,-,L,
LFXM,-,-,MOURMELON-LE-GRAND,MOURMELON AERODROME,-,-,FRANCE,,,-,L,
LFXQ,-,-,COËTQUIDAN,COËTQUIDAN AIR BASE,-,-,FRANCE,,,-,L,
LFXU,-,-,LES MUREAUX,LES MUREAUX AIRPORT,-,-,FRANCE,,,-,L,
LFYD,-,-,DAMBLAIN,DAMBLAIN AIRPORT,-,-,FRANCE,,,-,L,
LFYG,-,-,CAMBRAI,CAMBRAI-NIERGNIES AIRPORT,-,-,FRANCE,,,-,L,
LFYH,-,-,BROYE-AUBIGNEY-MONTSEUGNY,BROYES-LÈS-PESMES AIRPORT,-,-,FRANCE,,,-,L,
LFYK,-,-,MONTMÉDY,MONTMÉDY - MARVILLE AIRPORT,-,-,FRANCE,,,-,L,
LFYL,-,-,LURE,LURE - MALBOUHANS AIRPORT,-,-,FRANCE,,,-,L,
LFYM,-,-,MARIGNY,MARIGNY - LE GRAND AIRPORT,-,-,FRANCE,,,-,L,
LFYR,-,-,ROMORANTIN-LANTHENAY,ROMORANTIN - PRUNIERS AIRPORT,-,-,FRANCE,,,-,L,
LFYS,-,-,SAINTE-LÉOCADIE,SAINTE-LÉOCADIE AERODROME,-,-,FRANCE,,,-,L,
LFYT,-,-,CLASTRES,SAINT-SIMON – CLASTRES AIR BASE,-,-,FRANCE,,,-,L,
LGAC,-,-,ATHINAI,,,,GREECE,,,,L,
LGAD,PYR,-,ANDRAVIDA,ANDRAVIDA AIR BASE,-,-,GREECE,,MILITARY,-,L,
LGAG,AGQ,-,AGRINION,AGRINIO AIRPORT,-,-,GREECE,,MILITARY,-,L,
LGAL,AXD,-,ALEXANDROUPOLIS,"ALEXANDROUPOLI AIRPORT ""DIMOKRITOS""",-,-,GREECE,,,-,L,
LGAM,-,-,PIRAEUS,AMPHIALI,,,GREECE,,,,L,
LGAT,-,-,ATHINAI,ELLINIKON INTERNATIONAL AIRPORT,HELLENIKON INTERNATIONAL AIRPORT,HELLENIKON AIR BASE,GREECE,,,CLOSED 2001,L,
LGAV,ATH,-,ATHINAI,"ATHENS INTERNATIONAL AIRPORT ""ELEFTHERIOS VENIZELOS""",-,-,GREECE,,PUBLIC,-,L,
LGAX,-,-,ALEXANDRIA,ALEXANDREIA AIRPORT,-,-,GREECE,,MILITARY,-,L,
LGBL,VOL,-,ALMIROS,NEA ANCHIALOS NATIONAL AIRPORT,CENTRAL GREECE AIRPORT,-,GREECE,,PUBLIC,-,L,
LGEL,-,-,ELEFSIS,ELEFSINA AIR BASE,-,-,GREECE,,MILITARY,-,L,
LGGG,-,-,-,ATHENS ACC,-,-,GREECE,AIR TRAFFIC CONTROL,DUAL,-,L,
LGHI,JKH,-,CHIOS,"CHIOS ISLAND NATIONAL AIRPORT ""OMIROS""",CHIOS AIRPORT,-,GREECE,,PUBLIC,-,L,
LGIK,JIK,-,IKARIA,"IKARIA ISLAND NATIONAL AIRPORT ""IKAROS""",-,-,GREECE,,PUBLIC,-,L,
LGIO,IOA,-,IONNINA,"IOANNINA NATIONAL AIRPORT ""KING PYRROS""",-,-,GREECE,,PUBLIC,-,L,
LGIR,HER,-,IRAKLION,"HERAKLION INTERNATIONAL AIRPORT ""NIKOS KANZANTZAKIS""",-,-,GREECE,,DUAL,-,L,
LGKA,KSO,-,KASTORIA,"KASTORIA NATIONAL AIRPORT ""ARISTOTELIS""",ARISTOTELIS AIRPORT,-,GREECE,,PUBLIC,-,L,
LGKC,KIT,-,KITHRA,"KITHIRA ISLAND NATIONAL AIRPORT ""ALEXANDROS ARISTOTELOUS ONASSIS""",-,-,GREECE,,PUBLIC,-,L,
LGKF,EFL,-,KEFALLINIA,"KEFALONIA AIRPORT ""ANNA POLLATOU""",KEFALONIA INTERNATIONANL AIRPORT,-,GREECE,,PUBLIC,-,L,
LGKJ,KZS,-,KASTELORIZO,KASTELLORIZO ISLAND PUBLIC AIRPORT,KASTELLORIZO AIRPORT,-,GREECE,,PUBLIC,-,L,
LGKL,KLX,-,KALAMATA,,,,GREECE,,,,L,
LGKM,-,-,KAVALA,AMIGDALEON,,,GREECE,,,,L,
LGKN,-,-,MARATHON,KOTRONI,,,GREECE,,,,L,
LGKO,KGS,-,KOS,IPPOKRATIS,,,GREECE,,,,L,
LGKP,AOK,-,KARPATHOS,,,,GREECE,,,,L,
LGKR,CFU,-,KERKIRA,IONANNIS KAPODISTRIAS,,,GREECE,,,,L,
LGKS,KSJ,-,KASSOS,,,,GREECE,,,,L,
LGKV,KVA,-,KAVALA,MEGAS ALEXANDROS,,,GREECE,,,,L,
LGKY,JKL,-,KALYMNOS,,,,GREECE,,,,L,
LGKZ,KZI,-,KOZAN,FILIPPOS,,,GREECE,,,,L,
LGLE,LRS,-,LEROS,,,,GREECE,,,,L,
LGLM,LXS,-,LIMNOS,IFAISTOS,,,GREECE,,,,L,
LGLR,LRA,-,LARISSA,,,,GREECE,,,,L,
LGMD,-,-,MAKEDONIA ACC,AIR TRAFFIC CONTROL,-,-,GREECE,AIR TRAFFIC CONTROL,DUAL,-,L,
LGMG,-,-,MEGARA,,,,GREECE,,,,L,
LGMK,JMK,-,MIKONOS,,,,GREECE,,,,L,
LGML,MLO,-,MILOS,,,,GREECE,,,,L,
LGMT,MJT,-,MITILINI,ODYSSEAS ELYTIS,,,GREECE,,,,L,
LGNX,JNX,-,NAXOS,,,,GREECE,,,,L,
LGPA,PAS,-,PAROS,,,,GREECE,,,,L,
LGPL,JTY,-,ASTYPALAIA,ASTYPALAIA ISLAND NATIONAL AIRPORT,PANAGHIA AIRPORT,-,GREECE,,PUBLIC,-,L,
LGPZ,PVK,-,PREVEZA,AKTION,,,GREECE,,,,L,
LGRD,-,-,RODOS,MARITSA,,,GREECE,,,,L,
LGRP,RHO,-,RODOS,DIAGORAS,,,GREECE,,,,L,
LGRX,GPA,-,ARAXOS,PATRAS ARAXOS AIRPORT,AGAMEMNON AIRPORT,,GREECE,,DUAL,-,L,
LGSA,CHQ,-,CHANIA,IOANNIS DASKALOGIANNIS,,,GREECE,,,,L,
LGSD,-,-,SEDES,,,,GREECE,,,,L,
LGSK,JSI,-,SKIATHOS,ALEXANDROS PAPADIAMANDIS,,,GREECE,,,,L,
LGSM,SMI,-,SAMOS,ARISTARCHOS OF SAMOS,,,GREECE,,,,L,
LGSO,JSY,-,SYROS,DIMITRIOS VIKELAS,,,GREECE,,,,L,
LGSR,JTR,-,SANTORINI,,,,GREECE,,,,L,
LGST,JSH,-,SITIA,VITSENTZOS KORNAROS,,,GREECE,,,,L,
LGSV,-,-,STEFANOVIKION,,,,GREECE,,,,L,
LGSY,SKU,-,SKIROS,,,,GREECE,,,,L,
LGTG,-,-,TANAGRA,,,,GREECE,,,,L,
LGTL,-,-,KASTELI,,,,GREECE,,,,L,
LGTP,-,-,TRIPOLIS,,,,GREECE,,,,L,
LGTS,SKG,-,THESSALONIKI,"THESSALONIKI AIRPORT ""MAKEDONIA""",THESSALONIKI AIRPORT,BIG MIKRA,GREECE,LAND AIRPORT,DUAL,-,L,
LGTT,-,-,DEKELIA,TATOI,,,GREECE,,,,L,
LGZA,ZTH,-,ZAKINTHOS,DIONISIOS SOLOMOS,,,GREECE,,,,L,
LGZZ,-,-,,,,,GREECE,,,,L,
LIEA,AHO,-,ALGHERO,ALGHERO - RIVIERA DEL CORALLO AIRPORT,ALGHERO-FERTILIA AIRPORT,-,ITALY,,,-,L,
LIME,BGY,-,MILAN,MILAN BERGAMO AIRPORT,II CARAVAGGIO INTERNATIONAL AIRPORT,ORIO AL SERIO INTERNATIONAL AIRPORT,ITALY,LAND AIRPORT,CIVIL,-,L,N45-40.1/E009-42.0 
LIMG,ALL,-,ALBENGA,RIVIERA AIRPORT,-,ALBENGA AIRPORT,ITALY,,,-,L,
LIML,LIN,-,MILAN,MILAN LINATE AIRPORT,AEROPORTO DI MILANO-LINATE,,ITALY,LAND AIRPORT,CIVIL,-,L,N45-27.0/E009-16.7 
LIPA,AVB,-,FRIULI-VENEZIA GIULIA REGION,AVIANO AIR BASE,BASE AEREA DI AVIANO,-,ITALY,,,-,L,
LLBG,TLV,-,TEL AVIV,BEN GURION INTERNATIONAL AIRPORT,TEL AVIV AIRPORT,LOD AIRPORT,ISRAEL,LAND AIRPORT,DUAL,"CASUALLY REFERRED TO AS ""NATBAG"", A HEBREW ACRONYM",L,N32-00.6/E034-53.1 
LOAA,-,-,OTTENSCHLAG,OTTENSCHLAG AIRPORT,-,-,AUSTRIA,,,-,L,
LOAB,-,-,DOBERSBERG,DOBERSBERG AIRPORT,-,-,AUSTRIA,,,-,L,
LOAD,-,-,VÖLTENDORF,VÖLTENDORF AIRPORT,-,-,AUSTRIA,,,-,L,
LOAG,-,-,KREMS AN DER DONAU,KREMS-LANGENLOIS AIRPORT,-,-,AUSTRIA,,,-,L,
LOAL,-,-,LEOPOLDSDORF IM MARCHFELDE,LEOPOLDSDORF IM MARCHFELDE AIRPORT,-,-,AUSTRIA,,,-,L,
LOAN,-,-,WIENER NEUSTADT,WIENER NEUSTADT EAST AIRPORT,-,-,AUSTRIA,,,-,L,
LOAR,-,-,RETZ,RETZER LAND HELIPORT,-,-,AUSTRIA,HELIPORT,,-,L,
LOAS,-,-,SPITZERBERG,SPITZERBERG AIRPORT,-,-,AUSTRIA,,,-,L,
LOAT,-,-,TRAUSDORF AN DER WULKA,TRAUSDORF AIRPORT,-,-,AUSTRIA,,,-,L,
LOAU,-,-,STOCKERAU,STOCKERAU AIRPORT,-,-,AUSTRIA,,,-,L,
LOAV,-,-,BAD VÖSLAU,VÖSLAU AIRFIELD,-,-,AUSTRIA,,,-,L,
LOGF,-,-,FÜRSTENFELD,FÜRSTENFELD AIRPORT,-,-,AUSTRIA,,,-,L,
LOGG,-,-,PUNITZ,PUNITZ-GÜSSING AIRPORT,-,-,AUSTRIA,,,-,L,
LOGK,-,-,KAPFENBERG,KAPFENBERG AIRPORT,-,-,AUSTRIA,,,-,L,
LOGL,-,-,TURNAU,LANZEN-TURNAU AIRPORT,-,-,AUSTRIA,,,-,L,
LOGM,-,-,MARIAZELL,MARIAZELL AIRPORT,-,-,AUSTRIA,,,-,L,
LOGO,-,-,NIEDERÖBLARN,NIEDERÖBLARN AIRPORT,-,-,AUSTRIA,,,-,L,
LOGP,-,-,PINKAFELD,PINKAFELD AIRPORT,-,-,AUSTRIA,,,-,L,
LOGT,-,-,TIMMERSDORF,LEOBEN/TIMMERSDORF AIRFIELD,-,-,AUSTRIA,,,-,L,
LOGW,-,-,WEIZ,WEIZ-UNTERFLADNITZ AIRPORT,-,-,AUSTRIA,,,-,L,
LOIH,HOH,-,DORNBIRN,HOHENEMS-DORNBIRN AIRPORT,-,-,AUSTRIA,,,-,L,
LOIJ,-,-,TIROL,SANKT JOHANN AIRPORT,-,-,AUSTRIA,,,-,L,
LOIK,-,-,KUFSTEIN,KUFSTEIN-LANGKAMPFEN AIRPORT,-,-,AUSTRIA,,,-,L,
LOIR,-,-,REUTTE,REUTTE-HÖFEN AIRPORT,-,-,AUSTRIA,,,-,L,
LOIT,-,-,SANKT JOHANN IN TIROL,SANKT JOHANN IN TIROL HELIPORT,-,-,AUSTRIA,HELIPORT,,-,L,
LOIY,-,-,SCHRUNS,HELIPORT SANATORIUM DR. SCHENK,-,-,AUSTRIA,HELIPORT,,-,L,
LOKF,-,-,FELDKIRCHEN IN KÄRNTEN,FELDKIRCHEN-OSSIACHER SEE AIRPORT,-,-,AUSTRIA,,,-,L,
LOKG,-,-,FERLACH,GLAINACH-FERLACH AIRPORT,-,-,AUSTRIA,,,-,L,
LOKH,-,-,FRIESACH,FRIESACH-HIRTH AIRPORT,-,-,AUSTRIA,,,-,L,
LOKL,-,-,LIENZ,LIENZ-NIKOLSDORF AIRPORT,-,-,AUSTRIA,,,-,L,
LOKM,-,-,MAYERHOFEN,MAYERHOFEN AIRPORT,-,-,AUSTRIA,,,-,L,
LOKN,-,-,NÖTSCH IM GAILTAL,NÖTSCH IM GAILTAL AIRPORT,-,-,AUSTRIA,,,-,L,
LOKW,-,-,WOLFSBERG,WOLFSBERG AIRPORT,-,-,AUSTRIA,,,-,L,
LOLC,-,-,SCHARNSTEIN,SCHARNSTEIN AIRPORT,-,-,AUSTRIA,,,-,L,
LOLE,-,-,EFERDING,EFERDING AIRPORT,-,-,AUSTRIA,,,-,L,
LOLF,-,-,FREISTADT,FREISTADT AIRPORT,-,-,AUSTRIA,,,-,L,
LOLG,-,-,SANKT GEORGEN AM YBBSFELDE,SANKT GEORGEN AIRPORT,-,-,AUSTRIA,,,-,L,
LOLH,-,-,HOFKIRCHEN IM TRAUNKREIS,HOFKIRCHEN AIRPORT,-,-,AUSTRIA,,,-,L,
LOLK,-,-,RIED IM INNKREIS,RIED-KIRCHHEIM AIRPORT,-,-,AUSTRIA,,,-,L,
LOLM,-,-,MICHELDORF,MICHELDORF AIRPORT,-,-,AUSTRIA,,,-,L,
LOLO,-,-,LINZ,LINZ-EAST AIRPORT,-,-,AUSTRIA,,,-,L,
LOLS,-,-,SCHÄRDING,SCHÄRDING-SUBEN AIRPORT,-,-,AUSTRIA,,,-,L,
LOLT,-,-,SEITENSTETTEN,SEITENSTETTEN AIRPORT,-,-,AUSTRIA,,,-,L,
LOLU,-,-,GMUNDEN,GMUNDEN LAARKIRCHEN AIRPORT,-,-,AUSTRIA,,,-,L,
LOLW,-,-,WELS,WELS AIRPORT,-,-,AUSTRIA,,,-,L,
LOSM,-,-,MAUTERNDORF,MAUTERNDORF AIRPORT,-,-,AUSTRIA,,,-,L,
LOWG,GRZ,-,GRAZ,GRAZ AIRPORT,-,-,AUSTRIA,,,-,L,
LOWI,INN,-,INNSBRUCK,INNSBRUCK AIRPORT,-,-,AUSTRIA,,,-,L,
LOWK,KLU,-,KLAGENFURT,KLAGENFURT AIRPORT,FLUGHAFEN KLAGENFURT,-,AUSTRIA,LAND AIRPORT,PUBLIC,-,L,
LOWL,LNZ,-,HÖRSCHING,LINZ AIRPORT,-,-,AUSTRIA,,,-,L,
LOWS,SZG,-,SALZBURG,SALZBURG AIRPORT W. A. MOZART,SALZBURG AIRPORT,-,AUSTRIA,LAND AIRPORT,PUBLIC,-,L,
LOWW,VIE,-,VIENNA (WIEN),VIENNA INTERNATIONAL AIRPORT (WIEN-SCHWECHAT AIRPORT),-,-,AUSTRIA,,,-,L,
LOWZ,-,-,ZELL AM SEE,ZELL AM SEE AIRPORT,-,-,AUSTRIA,,,-,L,
LOXA,-,-,AIGEN IM ENNSTAL,MILITARY AIRPORT AIGEN IM ENNSTAL,-,-,AUSTRIA,,,-,L,
LOXI,-,-,VOMP,MILITARY HELIBASE VOMP,-,-,AUSTRIA,HELIPORT,,-,L,
LOXN,-,-,WIEN,WIENER NEUSTADT WEST AIRPORT,-,-,AUSTRIA,,,-,L,
LOXS,-,-,SCHWAZ,SCHWAZ HELIPORT,-,-,AUSTRIA,HELIPORT,,-,L,
LOXT,-,-,TULLN AN DER DONAU,BRUMOWSKI AIR BASE,-,-,AUSTRIA,,,-,L,
LOXZ,-,-,ZELTWEG,ZELTWEG AIR BASE,-,-,AUSTRIA,,,-,L,
LPAR,AVR,-,ALVERCA,ALVERCA AIR BASE,-,-,PORTUGAL,,,-,L,
LSZH,ZRH,-,ZURICH,ZURICH AIRPORT,FLUGHAFEN ZÜRICH,-,SWITZERLAND,LAND AIRPORT,CIVIL,-,L,N47-27.5/E008-32.9 
LSZR,ACH,-,ALTENRHEIN,ST. GALLEN-ALTENRHEIN AIRPORT,-,-,SWITZERLAND,,,-,L,
LTAC,ESB,-,ANKARA,ANKARA ESENBOĞA INTERNATIONAL AIRPORT,ANKARA ESENBOĞA HAVALIMANI,-,TURKEY,LAND AIRPORT,CIVIL,-,L,N40-07.7/E032-59.7 
LTAF,ADA,-,ADANA,ADANA SAKIRPASA AIRPORT,-,-,TURKEY,,,-,L,
LTAG,UAB,-,ADANA,INCIRLIK AIR BASE,-,-,TURKEY,,,-,L,
LTAH,AFY,-,AFYON,AFYON AIRPORT,-,-,TURKEY,,MILITARY,-,L,
LTAI,AYT,-,ANTALYA,ANTALYA INTERNATIONAL AIRPORT,ANTALYA HAVALIMANI,-,TURKEY,LAND AIRPORT,CIVIL,-,L,N36-54.0/E030-47.6 
LTAP,MZH,-,MERZIFON,MERZIFON AIRPORT,AMASYA MERZIFON AIRPORT,-,TURKEY,,,-,L,
LTCO,AJI,-,AGRI,AGRI AIRPORT,-,-,TURKEY,,,-,L,
LTCP,ADF,-,ADIYAMAN,ADIYAMAN AIRPORT,-,-,TURKEY,,,-,L,
LTFM,IST,-,ISTANBUL,ISTANBUL AIRPORT,İSTANBUL HAVALIMANI,-,TURKEY,LAND AIRPORT,CIVIL,-,L,N41-16.5/E028-45.1
LXGB,GIB,-,GIBRALTAR,GIBRALTAR INTERNATIONAL AIRPORT,RAF GIBRALTAR,-,GIBRALTAR,,DUAL,-,L,
MHAH,AHS,-,AHUAS,AHUAS AIRPORT,-,-,HONDURAS,,,-,M,
MMAA,ACA,-,ACAPULCO,JUAN N. ALVAREZ INTERNATIONAL AIRPORT,-,-,MEXICO,,,-,M,
MMAG,AZG,-,APATZINGAN,PABLO L. SIDAR AIRPORT,-,,MEXICO,LAND AIRPORT,PUBLIC,-,M,
MMAS,AGU,-,AGUASCALIENTES,JESUS TERAN PEREDO INTERNATIONAL AIRPORT,AGUASCALIENTES INTERNATIONAL AIRPORT,-,MEXICO,,,-,M,
MPAI,AIL,-,AILIGANDI,AILIGANDI AIRPORT,-,-,PANAMA,,,-,M,
NCAI,AIT,-,AITUTAKI ISLAND,AITUTAKI AIRPORT,-,-,COOK ISLANDS,,,-,N,
NFNO,KXF,-,KORO,KORO AIRPORT,-,-,FIJI,ALTIPORT,PUBLIC,-,N,
NGAB,ABF,-,ABAIANG,ABAIANG AIRPORT,-,-,KIRIBATI,,,-,N,
NGTB,AEA,-,ABEMAMA,ABEMAMA AIRPORT,-,-,KIRIBATI,,,-,N,
NGUK,AAK,-,BUARIKI,ARANUKA AIRPORT,-,-,KIRIBATI,,,-,N,
NSAS,OFU,-,OFU,OFU AIRPORT,-,-,AMERICAN SAMOA,,,-,N,
NSFQ,FTI,-,TAʻŪ,FITIUTA AIRPORT,-,-,AMERICAN SAMOA,,,-,N,
NSTU,PPG,-,TUTUILA,PAGO PAGO INTERNATIONAL AIRPORT,-,-,AMERICAN SAMOA,,,-,N,
NTGA,AAA,-,ANAA,ANAA AIRPORT,-,-,FRENCH POLYNESIA,,,-,N,
NTHE,AHE,-,AHE,AHE AIRPORT,-,-,FRENCH POLYNESIA,,,-,N,
NTMP,UAP,-,UA POU,UA POU AIRPORT,-,-,FRENCH POLYNESIA,ALTIPORT,PUBLIC,-,N,
NZLX,ALR,-,ALEXANDRA,ALEXANDRA AERODROME,-,-,NEW ZEALAND,,,-,N,
OEAB,AHB,-,ABHA,ABHA INTERNATIONAL AIRPORT,-,-,SAUDI ARABIA,,,-,O,
OEAO,ULH,-,AL-'ULA,PRINCE ABDUL MAJEED BIN ABDULAZIZ INTERNATIONAL AIRPORT,-,-,SAUDI ARABIA,,,-,O,
OEBA,ABT,-,AL-BAHA,AL-BAHA DOMESTIC AIRPORT,-,-,SAUDI ARABIA,,,-,O,
OEPS,AKH,-,AL KHARJ,PRINCE SULTAN AIRBASE,-,-,SAUDI ARABIA,,,-,O,
OIAA,ABD,-,ABADAN,ABADAN INTERNATIONAL AIRPORT,-,-,IRAN,,,-,O,
OIAG,AKW,-,AGHAJARI,AGHAJARI AIRPORT,-,-,IRAN,,,-,O,
OIAW,AWZ,-,AHWAZ,AHWAZ INTERNATIONAL AIRPORT,-,-,IRAN,,,-,O,
OIBA,AEU,-,ABU MUSA ISLAND,ABU MUSA AIRPORT,-,-,IRAN,,,-,O,
OITL,ADU,-,ARDABIL,ARDABIL AIRPORT,-,,IRAN,LAND AIRPORT,PUBLIC,-,O,
OKAJ,XIJ,-,AHMADI,AHMED AL JABER AIR BASE,-,-,KUWAIT,,MILITARY,-,O,
OMAA,AUH,-,ABU DHABI,ABU DHABI INTERNATIONAL AIRPORT,-,-,UNITED ARAB EMIRATES,,,-,O,
OMAD,AZI,-,ABU DHABI,AL BATEEN EXECUTIVE AIRPORT,-,-,UNITED ARAB EMIRATES,,,-,O,
OMAL,AAN,-,AL AIN,AL AIN INTERNATIONAL AIRPORT,-,-,UNITED ARAB EMIRATES,,,-,O,
OMAM,DHF,-,ABU DHABI,AL DHAFRA AIR BASE,-,-,UNITED ARAB EMIRATES,,,-,O,
OOAD,AOM,-,ADAM,ADAM AIRPORT,-,-,OMAN,,,-,O,
ORAA,IQA,-,AL ANBAR,AL ASAD AIRBASE,-,QADISIYAH AIRBASE,IRAN,,,-,O,
ORAT,TQD,-,AL FALLUJAH,AL-TAQADDUM AIRBASE,CAMP TAQADDUM,TAMMUZ AIRBASE,IRAN,,,-,O,
ORNI,NJF,-,AL NAJAF,AL NAJAF INTERNATIONAL AIRPORT,-,-,IRAN,,,-,O,
OSAP,ALP,-,ALEPPO,ALEPPO INTERNATIONAL AIRPORT,-,-,SYRIA,,,-,O,
OTBH,XJD,-,DOHA,AL UDEID AIR BASE,-,-,QATAR,,MILITARY,-,O,
OYAA,ADE,-,ADEN,ADEN INTERNATIONAL AIRPORT,-,-,YEMEN,,DUAL,-,O,
OYAB,EAB,-,ABBS,ABBS AIRPORT,-,-,YEMEN,,,-,O,
OYBI,BYD,-,AL BAYDA',AL BAYDA' AIRPORT,-,-,YEMEN,,,-,O,
OYBQ,BUK,-,ALBUQ,ALBUQ AIRPORT,-,-,YEMEN,,,-,O,
OYGD,AAY,-,AL GHAYDAH,AL GHAYDAH AIRPORT,-,-,YEMEN,,,-,O,
PABE,BET,-,BETHEL,BETHEL AIRPORT,-,-,UNITED STATES OF AMERICA,,,-,P,
PABR,BRW,-,UTQIAĠVIK,WILEY POST–WILL ROGERS MEMORIAL AIRPORT,-,-,UNITED STATES OF AMERICA,,,-,P,
PACV,CDV,CDV,CORDOVA,MERLE K. (MUDHOLE) SMITH AIRPORT,-,-,UNITED STATES OF AMERICA,LAND AIRPORT,PUBLIC,FAA LID,P,
PADK,ADK,-,ADAK ISLAND,ADAK ISLAND,-,-,UNITED STATES OF AMERICA,,,-,P,
PADL,DLG,-,DILLINGHAM,DILLINGHAM AIRPORT,-,-,UNITED STATES OF AMERICA,,,-,P,
PADQ,ADQ,-,KODIAK,KODIAK AIRPORT ,BENNY BENSON STATE AIRPORT,-,UNITED STATES OF AMERICA,,,-,P,
PADU,DUT,-,UNALASKA,UNALASKA AIRPORT,TOM MADSEN / DUTCH HARBOR AIRPORT,-,UNITED STATES OF AMERICA,,,-,P,
PAED,EDF,EDF,ANCHORAGE,ELMENDORF AIR FORCE BASE,-,ELMENDORF FIELD,UNITED STATES OF AMERICA,LAND AIRPORT,MILITARY,-,P,
PAEN,ENA,-,KENAI,KENAI MUNICIPAL AIRPORT,-,-,UNITED STATES OF AMERICA,,,-,P,
PAFA,FAI,-,FAIRBANKS,FAIRBANKS INTERNATIONAL AIRPORT,-,-,UNITED STATES OF AMERICA,,,-,P,
PAFM,ABL,-,AMBLER,AMBLER AIRPORT,-,-,UNITED STATES OF AMERICA,,,-,P,
PAGS,GST,-,GUSTAVUS,GUSTAVUS AIRPORT,-,-,UNITED STATES OF AMERICA,,,-,P,
PAHO,HOM,-,HOMER,HOMER AIRPORT,-,-,UNITED STATES OF AMERICA,,,-,P,
PAJN,JNU,-,JUNEAU,JUNEAU INTERNATIONAL AIRPORT,-,-,UNITED STATES OF AMERICA,,,-,P,
PAKH,AKK,-,AKHIOK,AKHIOK AIRPORT,-,-,UNITED STATES OF AMERICA,,,-,P,
PAKN,AKN,-,KING SALMON,KING SALMON AIRPORT,-,-,UNITED STATES OF AMERICA,,,-,P,
PAKT,KTN,-,KETCHIKAN,KETCHIKAN INTERNATIONAL AIRPORT,-,-,UNITED STATES OF AMERICA,,,-,P,
PAKW,KLW,-,KLAWOCK,KLAWOCK AIRPORT ,-,-,UNITED STATES OF AMERICA,,,INCLUDING KLAWOCK SEAPLANE BASE,P,
PALH,-,-,ANCHORAGE,LAKE HOOD SEAPLANE BASE,-,-,UNITED STATES OF AMERICA,,,-,P,
PAMR,MRI,-,ANCHORAGE,MERRILL FIELD,-,-,UNITED STATES OF AMERICA,,,-,P,
PANC,ANC,-,ANCHORAGE,TED STEVENS ANCHORAGE INTERNATIONAL AIRPORT,-,-,UNITED STATES OF AMERICA,,,-,P,
PANI,ANI,-,ANIAK,ANIAK AIRPORT,-,-,UNITED STATES OF AMERICA,,,-,P,
PAOM,OME,-,NOME,NOME AIRPORT,-,-,UNITED STATES OF AMERICA,,,-,P,
PAOT,OTZ,-,KOTZEBUE,RALPH WIEN MEMORIAL AIRPORT,-,-,UNITED STATES OF AMERICA,,,-,P,
PAPG,PSG,-,PETERSBURG,PETERSBURG JAMES A. JOHNSON AIRPORT,-,-,UNITED STATES OF AMERICA,,,-,P,
PASC,SCC,-,DEADHORSE,DEADHORSE AIRPORT,-,-,UNITED STATES OF AMERICA,,,-,P,
PASI,SIT,-,SITKA,SITKA ROCKY GUTIERREZ AIRPORT,-,-,UNITED STATES OF AMERICA,,,-,P,
PASM,KSM,-,ST. MARY'S,ST. MARY'S AIRPORT,-,-,UNITED STATES OF AMERICA,,,-,P,
PAUK,AUK,-,ALAKANUK,ALAKANUK AIRPORT,-,-,UNITED STATES OF AMERICA,,,-,P,
PAUN,UNK,-,UNALAKLEET,UNALAKLEET AIRPORT,-,-,UNITED STATES OF AMERICA,,,-,P,
PAUT,KQA,-,AKUTAN,AKUTAN AIRPORT,-,-,UNITED STATES OF AMERICA,,,-,P,
PAVD,VDZ,-,VALDEZ,VALDEZ AIRPORT,PIONEER FIELD,-,UNITED STATES OF AMERICA,,,-,P,
PAWG,WRG,-,WRANGELL,WRANGELL AIRPORT,-,-,UNITED STATES OF AMERICA,,,INCLUDING WRANGELL SEAPLANE BASE,P,
PAYA,YAK,-,YAKUTAT,YAKUTAT AIRPORT,-,-,UNITED STATES OF AMERICA,,,-,P,
PFAK,AKI,-,AKIAK,AKIAK AIRPORT,-,-,UNITED STATES OF AMERICA,,,-,P,
PFAL,AET,-,ALLAKAKET,ALLAKAKET AIRPORT,-,-,UNITED STATES OF AMERICA,,,-,P,
PGRO,ROP,-,ROTA ISLAND,ROTA INTERNATIONAL AIRPORT,-,-,NORTHERN MARIANA ISLANDS,,,-,P,
PGSN,SPN,GSN,SAIPAN ISLAND,SAIPAN INTERNATIONAL AIRPORT,FRANCISCO C. ADA/SAIPAN INTERNATIONAL AIRPORT,ISLEY FIELD,NORTHERN MARIANA ISLANDS,LAND AIRPORT,PUBLIC,FAA LID,P,
PGUA,UAM,-,YIGO,ANDERSEN AIR FORCE BASE,-,-,GUAM,,,-,P,
PGUM,GUM,-,AGANA,ANTONIO B. WON PAT INTERNATIONAL AIRPORT,-,-,GUAM,,,-,P,
PGWT,TIQ,-,TINIAN ISLAND,TINIAN INTERNATIONAL AIRPORT,-,-,NORTHERN MARIANA ISLANDS,,,-,P,
PHKO,KOA,-,KAILUA-KONA,ELLISON ONIZUKA KONA INTERNATIONAL AIRPORT,-,-,UNITED STATES OF AMERICA,,,-,P,
PHLI,LIH,-,"LIHUE, KAUAI",LIHUE AIRPORT,-,-,UNITED STATES OF AMERICA,,,-,P,
PHMK,MKK,-,"KAUNAKAKAI, MOLOKAI",MOLOKAI AIRPORT ,HOOLEHUA AIRPORT,-,UNITED STATES OF AMERICA,,,-,P,
PHNL,HNL,-,"HONOLULU, OAHU",DANIEL K. INOUYE INTERNATIONAL AIRPORT,-,-,UNITED STATES OF AMERICA,,,-,P,
PHNY,LNY,-,"LANAI CITY, LANAI",LANAI AIRPORT,-,-,UNITED STATES OF AMERICA,,,-,P,
PHOG,OGG,-,"KAHULUI, MAUI",KAHULUI AIRPORT,-,-,UNITED STATES OF AMERICA,,,-,P,
PHTO,ITO,-,"HILO, HAWAII",HILO INTERNATIONAL AIRPORT,-,-,UNITED STATES OF AMERICA,,,-,P,
PLPA,-,-,PALMYRA ATOLL,COOPER AIRPORT,-,-,UNITED STATES MINOR OUTLYING ISLANDS,,,-,P,
PMDY,MDY,-,MIDWAY ATOLL,HENDERSON FIELD,-,NAVAL AIR FACILITY MIDWAY,UNITED STATES MINOR OUTLYING ISLANDS,LAND AIRPORT,PUBLIC,-,P,
PWAK,AWK,-,WAKE ISLAND,WAKE ISLAND AIRFIELD,-,-,UNITED STATES MINOR OUTLYING ISLANDS,,,-,P,
RJDA,AXJ,-,AMAKUSA,AMAKUSA AIRFIELD,AMAKUSA AIRPORT,-,JAPAN,,,-,R,
RJKA,ASJ,-,AMAMI,AMAMI AIRPORT,-,-,JAPAN,,,-,R,
RJSK,AXT,-,AKITA,AKITA,-,-,JAPAN,,,-,R,
RORA,AGJ,-,AGUNI,AGUNI AIRPORT,-,-,JAPAN,,,-,R,
SAVR,ARR,-,ALTO RIO SENGUER,ALTO RIO SENGUER AIRPORT,-,-,ARGENTINA,,,-,S,
SBAT,AFL,-,ALTA FLORESTA,PILOTO OSWALDO MARQUES DIAS AIRPORT,ALTA FLORESTA AIRPORT,-,BRAZIL,,,-,S,
SBHT,ATM,-,ALTAMIRA,ALTAMIRA AIRPORT,-,-,BRAZIL,,,-,S,
SCAP,WAP,-,ALTO PALENA,ALTO PALENA AIRPORT,-,-,CHILE,,,-,S,
SDWQ,ALT,-,ALENQUER,ALENQUER AIRPORT,-,-,BRAZIL,,,-,S,
SEAM,ATF,-,AMBATO,CHACHOAN AIRPORT,-,-,ECUADOR,,,-,S,
SESV,BHA,-,BAHIA DE CARAQUEZ,LOS PERALES,-,-,ECUADOR,LAND AIRPORT,PUBLIC,-,S,
SKAD,ACD,-,ACANDI,ALCIDES FERNANDEZ AIRPORT,-,-,COLOMBIA,,,-,S,
SKAG,HAY,-,AGUACHICA,HACARITAMA AIRPORT,-,-,COLOMBIA,,,-,S,
SKAM,AFI,-,AMALFI,AMALFI AIRPORT,-,-,COLOMBIA,,,-,S,
SMBN,ABN,-,ALBINA,ALBINA AIRSTRIP,-,-,SURINAME,,,-,S,
SMCA,AAJ,-,AWARADAM,CAYANA AIRSTRIP,KAJANA AIRSTRIP,-,SURINAME,,,-,S,
SNAI,APY,-,ALTO PARNAIBA,ALTO PARNAIBA AIRPORT,-,-,BRAZIL,,,-,S,
SNAR,AMJ,-,ALMENARA,CIRILO QUEIROZ,-,-,BRAZIL,,,-,S,
SNYA,GGF,-,ALMEIRIM,ALMEIRIM AIRPORT,-,-,BRAZIL,,,-,S,
SPAR,ALD,-,ALERTA,ALERTA AIRPORT,-,-,"PERU, REPUBLIC OF",,,-,S,
SSLT,ALQ,-,ALEGRETE,GAUDENCIO MACHADO RAMOS AIRPORT,ALEGRETE NOVO AIRPORT,-,BRAZIL,,,-,S,
SSYA,AAG,-,ARAPOTI,AVELINO VIEIRA AIRPORT,-,-,BRAZIL,,,-,S,
SVAC,AGV,-,ACARIGUA,OSWALDO GUEVARA MUJICA AIRPORT,-,-,VENEZUELA,,,-,S,
SWHP,GGB,-,AGUA BOA,AGUA BOA AIRPORT,OHIOS D'AGUA,-,BRAZIL,,,-,S,
SWRA,AAI,-,ARRAIAS,ARRAIAS AIRPORT,-,-,BRAZIL,,,-,S,
SYAH,AHL,-,AISHALTON,AISHALTON AIRPORT,-,-,GUYANA,,,-,S,
TIST,STT,-,ST. THOMAS,CYRIL E. KING AIRPORT,-,-,UNITED STATES VIRGIN ISLANDS,,,-,T,
TISX,STX,-,ST. CROIX,HENRY E. ROHLSEN AIRPORT,-,-,UNITED STATES VIRGIN ISLANDS,,,-,T,
TJAB,ARE,-,ARECIBO,ANTONIO (NERY) JUARBE POL AIRPORT,-,-,PUERTO RICO,,,-,T,
TJBQ,BQN,-,AGUADILLA,RAFAEL HERNÁNDEZ INTERNATIONAL AIRPORT,-,-,PUERTO RICO,,,-,T,
TJCP,CPX,-,CULEBRA,BENJAMÍN RIVERA NORIEGA AIRPORT,-,-,PUERTO RICO,,,-,T,
TJFA,FAJ,-,FAJARDO,DIEGO JIMÉNEZ TORRES AIRPORT,-,-,PUERTO RICO,,,-,T,
TJIG,SIG,-,SAN JUAN / MIRAMAR,FERNANDO LUIS RIBAS DOMINICCI AIRPORT,ISLA GRANDE AIRPORT,-,PUERTO RICO,,,-,T,
TJMZ,MAZ,-,MAYAGÜEZ,EUGENIO MARÍA DE HOSTOS AIRPORT,-,-,PUERTO RICO,,,-,T,
TJPS,PSE,-,PONCE,MERCEDITA INTERNATIONAL AIRPORT,-,-,PUERTO RICO,,,-,T,
TJRV,NRR,-,CEIBA,JOSÉ APONTE DE LA TORRE AIRPORT,-,-,PUERTO RICO,,,-,T,
TJSJ,SJU,-,SAN JUAN / CAROLINA,LUIS MUÑOZ MARÍN INTERNATIONAL AIRPORT,-,-,PUERTO RICO,,,-,T,
TJVQ,VQS,-,VIEQUES,ANTONIO RIVERA RODRÍGUEZ AIRPORT,-,-,PUERTO RICO,,,-,T,
TNCB,-,-,BONAIRE,FLAMINGO INTERNATIONAL AIRPORT,BONAIRE INTERNATIONAL AIRPORT,-,CARIBBEAN NETHERLANDS,,,-,T,
TNCE,-,-,SINT EUSTATIUS,F.D. ROOSEVELT AIRPORT,-,-,CARIBBEAN NETHERLANDS,,,-,T,
TNCS,-,-,SABA,JUANCHO E. YRAUSQUIN AIRPORT,-,-,CARIBBEAN NETHERLANDS,,,-,T,
UAAA,ALA,-,ALMATY,ALMATY INTERNATIONAL AIRPORT,-,-,KAZAKHSTAN,,,-,U,
UAAR,BXJ,-,ALMATY,AIRPORT BORALDAI,-,AIRPORT BURUNDAI,KAZAKHSTAN,,,-,U,
UATE,SCO,-,AKTAU,AKTAU INTERNATIONAL AIRPORT,-,SHEVENKO-CENTRAL AIRPORT,KAZAKHSTAN,,,-,U,
UATT,AKX,-,AKTOBE,AKTOBE INTERNATIONAL AIRPORT,-,-,KAZAKHSTAN,,,-,U,
UB0G,-,-,BALAKƏN (BALAKAN),BALAKAN AIRPORT,-,-,AZERBAIJAN,,,-,U,
UBBA,-,-,AĞSTAFA (AGSTAFA),AKSTAFA AIRPORT,-,-,AZERBAIJAN,,,-,U,
UBBB,GYD,-,BAKU,HEYDAR ALIYEV INTERNATIONAL AIRPORT,-,-,AZERBAIJAN,,,-,U,
UBBC,-,-,CHILOV ISLAND,ÇILOV HELIPORT,-,-,AZERBAIJAN,HELIPORT,,-,U,
UBBF,-,-,FIZULI,FIZULI AIRPORT,-,-,AZERBAIJAN,,,-,U,
UBBG,KVD,-,GANJA,GANJA INTERNATIONAL AIRPORT,-,-,AZERBAIJAN,,,-,U,
UBBH,-,-,KHACHMAZ,KHACHMAZ AIRPORT,-,-,AZERBAIJAN,,,-,U,
UBBI,-,-,SUMQAYIT,NASOSNAYA AIR BASE,-,-,AZERBAIJAN,,,-,U,
UBBL,LLK,-,LANKARAN,LANKARAN INTERNATIONAL AIRPORT,-,-,AZERBAIJAN,,,-,U,
UBBM,-,-,HAJIQABUL,HAJIQABUL AIRPORT,-,-,AZERBAIJAN,,,-,U,
UBBN,NAJ,-,NAKHCHIVAN,NAKHCHIVAN INTERNATIONAL AIRPORT,NAXÇIVAN BEYNƏLXALQ HAVA LIMANI,-,AZERBAIJAN,LAND AIRPORT,DUAL,-,U,
UBBP,-,-,PIRALLAHI ISLAND,PIRALLAHI HELIPORT,-,-,AZERBAIJAN,HELIPORT,,-,U,
UBBQ,GBB,-,QABALA (GABALA / QƏBƏLƏ),QABALA INTERNATIONAL AIRPORT,-,-,AZERBAIJAN,,,-,U,
UBBS,-,-,KHANKENDI (STEPANAKERT),KHOJALI AIRPORT,-,-,AZERBAIJAN,,,-,U,
UBBY,ZTU,-,ZAQATALA,ZAQATALA INTERNATIONAL AIRPORT,-,-,AZERBAIJAN,,,-,U,
UBEA,-,-,AĞDAM (AGDAM),AGDAM AIRPORT,-,-,AZERBAIJAN,,,-,U,
UBEE,YLV,-,YEVLAKH,YEVLAKH AIRPORT,-,-,AZERBAIJAN,,,-,U,
UBEI,-,-,SHAKI,SHAKI AIRPORT,-,-,AZERBAIJAN,,,-,U,
UBEN,-,-,NAFTALAN,NAFTALAN AIRPORT,-,-,AZERBAIJAN,,,-,U,
UBEY,-,-,AGJABEDI,AGJABEDI AIRPORT,-,-,AZERBAIJAN,,,-,U,
UBLL,-,-,LÖKBATAN,LOKBATAN AIRPORT,-,-,AZERBAIJAN,,,-,U,
UBTT,ZXT,-,BAKU,ZABRAT AIRPORT,-,-,AZERBAIJAN,,,-,U,
UDSG,-,-,GYUMRI,GYUMRI SHIRAK AIRPORT,-,-,ARMENIA,,,-,U,
UDYE,-,-,EREBUNI,YEREVAN/EREBUNI AIRPORT,-,-,ARMENIA,,,-,U,
UDYZ,-,-,YEREVAN,ZVARNOTS INTERNATIONAL AIRPORT,-,-,ARMENIA,,,-,U,
UEEA,ADH,-,ALDAN,ALDAN AIRPORT,-,-,RUSSIA,,,-,U,
UMBB,BQT,-,BREST,BREST AIRPORT,-,-,BELARUS,,,-,U,
UMGG,GME,-,GOMEL (HOMIEL),GOMEL AIRPORT,-,-,BELARUS,,,-,U,
UMII,VTB,-,VITEBSK,VITEBSK VOSTOCHNY AIRPORT,-,-,BELARUS,,,-,U,
UMLI,-,-,MACHULISHCHY,MACHULISHCHY AIR BASE,-,-,BELARUS,,,-,U,
UMMG,GNA,-,GRODNO (HRODNA),GRODNO AIRPORT,HRODNA AIRPORT,-,BELARUS,LAND AIRPORT,PUBLIC,-,U,
UMMS,MSQ,-,MINSK,MINSK NATIONAL AIRPORT,-,-,BELARUS,,,-,U,
UMNL,-,-,LUNINETS,LUNINETS AIR BASE,-,-,BELARUS,,,-,U,
UMOO,MVQ,-,MOGILEV (MAHILYOW),MOGILEV AIRPORT,-,-,BELARUS,,,-,U,
UNAA,ABA,-,ABAKAN,ABAKAN INTERNATIONAL AIRPORT,-,-,RUSSIA,,,-,U,
UNKS,ACS,-,ACHINSK,ACHINSK AIRPORT,-,-,RUSSIA,,,-,U,
VAAH,AMD,-,AHMEDABAD,SARDAR VALLABHBHAI PATEL INTERNATIONAL AIRPORT,-,-,INDIA,,,-,V,
VAAK,AKD,-,AKOLA,AKOLA AIRPORT,DR. PANJABRAO DESHMUKH DOMESTIC AIRPORT,-,INDIA,,,-,V,
VAAU,IXU,-,AURANGABAD,AURANGABAD AIRPORT,-,,INDIA,LAND AIRPORT,PUBLIC,-,V,
VEAB,IXD,-,ALLAHABAD,ALLAHABAD AIRPORT,-,-,INDIA,,,-,V,
VEAN,IXV,-,ALONG,ALONG AIRPORT,-,-,INDIA,,,-,V,
VEAT,IXA,-,AGARTALA,MAHARAJA BIR BIKRAM AIRPORT,-,-,INDIA,,,-,V,
VELP,AJL,-,AIZAWL,LENGPUI AIRPORT,-,-,INDIA,,,-,V,
VIAG,AGR,-,AGRA,AGRA AIRPORT,-,-,INDIA,,DUAL,-,V,
VIAX,AIP,-,ADAMPUR,ADAMPUR AIRPORT,-,-,INDIA,,,-,V,
VNLK,LUA,-,LUKLA,TENZING-HILLARY AIRPORT,LUKLA AIRPORT,-,NEPAL,ALTIPORT,PUBLIC,,V,
VOAT,AGX,-,AGATTI ISLAND,AGATTI AIRPORT,-,-,INDIA,,,-,V,
VOGA,GOX,-,GOA,MANOHAR INTERNATIONAL AIRPORT,NEW GOA INTERNATIONAL AIRPORT,-,INDIA,,,-,V,
VOGO,-,-,GOA,INS HANSA,-,-,INDIA,,DUAL,-,V,
VOGO,GOI,-,GOA,DABOLIM AIRPORT,AEROPORTO GENERAL BÉNARD GUEDES,-,INDIA,,DUAL,-,V,
VTBS,BKK,-,BANGKOK,SUVARNABHUMI AIRPORT,THA-AKATSAYAN SUWANNAPHUM,,THAILAND,LAND AIRPORT,PUBLIC,-,V,
WAPA,AHI,-,AMAHAI,AMAHAI AIRPORT,-,-,INDONESIA,,,-,W,
WAPP,AMQ,-,AMBON,PATTIMURA INTERNATIONAL AIRPORT,BANDAR UDARA INTERNASIONAL PTTIMURA,-,INDONESIA,,,-,W,
WATM,ARD,-,ALOR ISLAND,ALOR ISLAND AIRPORT,MALI AIRPORT,-,INDONESIA,,,-,W,
WATP,AXO,-,PANTAR ISLAND,ALOR / PANTAR AIRPORT,-,-,INDONESIA,,,-,W,
WBML,-,-,SERIA,MEDICINA LINES,BRITISH ARMY JUNGLE WARFARE TRAINING SCHOOL,-,BRUNEI DARUSSALAM,HELIPORT,MILITARY,-,W,
WMKA,AOR,-,ALOR SETAR,SULTAN ABDUL HALIM AIRPORT,-,-,MALAYSIA,,,-,W,
YABA,ALH,-,ALBANY,ALBANY REGIONAL AIRPORT,-,-,AUSTRALIA,,,-,Y,
YABI,ABG,-,ABINGDON DOWNS,ABINGDON AIRPORT,-,-,AUSTRALIA,,,-,Y,
YADS,AWN,-,ALTON DOWNS,ALTON DOWNS AIRPORT,-,-,AUSTRALIA,,,-,Y,
YALD,AYD,-,ALROY DOWNS,ALROY DOWNS AIRPORT,-,-,AUSTRALIA,,,-,Y,
YALX,AXL,-,ALEXANDRIA STATION,ALEXANDRIA HOMESTEAD AIRPORT,-,-,AUSTRALIA,,,-,Y,
YAMT,AMT,-,AMATA,AMATA AIRPORT,-,-,AUSTRALIA,,,-,Y,
YAPH,ABH,-,ALPHA,ALPHA AIRPORT,-,-,AUSTRALIA,,,-,Y,
YARY,AAB,-,ARRABURY,ARRABURY AIRPORT,-,-,AUSTRALIA,,,-,Y,
YBAS,ASP,-,ALICE SPRINGS,ALICE SPRINGS AIRPORT,-,-,AUSTRALIA,,,-,Y,
YMAY,ABX,-,ALBURY,ALBURY AIRPORT,-,-,AUSTRALIA,,,-,Y,
YPAD,ADL,-,ADELAIDE,ADELAIDE INTERNATIONAL AIRPORT,ADELAIDE AIRPORT,-,AUSTRALIA,,,-,Y,
YSHR,WSY,-,AIRLIE BEACH,WHITSUNDAY AIRPORT,-,-,AUSTRALIA,,,-,Y,
YWYA,-,-,WHALE ISLAND,HMS EXCELLENT,FLEET OPERATIONAL STANDARDS AND TRAINING,-,UNITED KINGDOM,HELIPORT,MILITARY,(FOST),Y,
ZBAL,AXF,-,BAYANHOT,ALXA LEFT BANNER BAYANHOT AIRPORT,-,-,CHINA,,,-,Z,
ZBAR,RHT,-,BADANJILIN,ALXA RIGHT BANNER BADANJILIN AIRPORT,-,-,CHINA,,,-,Z,
ZBES,YIE,-,A'ERSHAN,ARXAN YI'ERSHI AIRPORT,-,-,MONGOLIA,,,-,Z,
ZMAT,LTI,-,ALTAI,ALTAI AIRPORT,-,-,MONGOLIA,,,-,Z,
ZUHY,AHJ,-,HONGYUAN,HONGYUAN AIRPORT,-,-,CHINA,,,-,Z,
ZWAK,AKU,-,AKSU,AKSU ONSU AIRPORT,-,-,CHINA,,,-,Z,
ZWAT,AAT,-,ALTAY CITY,ALTAY AIRPORT,-,-,CHINA,,,-,Z,
ZXAB,-,-,ROYAL NAVY VESSEL,HMS ARGYLL,-,-,UNITED KINGDOM,HELIDECK,MILITARY,-,Z,
ZXAE,-,-,ROYAL NAVY VESSEL,HMS BULWARK,-,-,UNITED KINGDOM,HELIDECK,MILITARY,-,Z,
ZXAF,-,-,ROYAL NAVY VESSEL,HMS KENT,-,-,UNITED KINGDOM,HELIDECK,MILITARY,-,Z,
ZXAG,-,-,ROYAL NAVY VESSEL,HMS PORTLAND,-,-,UNITED KINGDOM,HELIDECK,MILITARY,-,Z,
ZXAH,-,-,ROYAL NAVY VESSEL,HMS ST ALBANS,-,-,UNITED KINGDOM,HELIDECK,MILITARY,-,Z,
ZXBB,-,-,ROYAL NAVY VESSEL,HMS IRON DUKE,-,-,UNITED KINGDOM,HELIDECK,MILITARY,-,Z,
ZXBC,-,-,ROYAL NAVY VESSEL,HMS LANCASTER,-,-,UNITED KINGDOM,HELIDECK,MILITARY,-,Z,
ZXBE,-,-,ROYAL NAVY VESSEL,HMS ALBION,-,-,UNITED KINGDOM,HELIDECK,MILITARY,-,Z,
ZXBH,-,-,ROYAL NAVY VESSEL,HMS MONMOUTH,-,-,UNITED KINGDOM,HELIDECK,MILITARY,-,Z,
ZXBI,-,-,ROYAL NAVY VESSEL,HMS MONTROSE,-,-,UNITED KINGDOM,HELIDECK,MILITARY,-,Z,
ZXBL,-,-,ROYAL NAVY VESSEL,HMS NORTHUMBERLAND,-,-,UNITED KINGDOM,HELIDECK,MILITARY,-,Z,
ZXBN,-,-,ROYAL NAVY VESSEL,HMS RICHMOND,-,-,UNITED KINGDOM,HELIDECK,MILITARY,-,Z,
ZXBP,-,-,ROYAL NAVY VESSEL,HMS SOMERSET,-,-,UNITED KINGDOM,HELIDECK,MILITARY,-,Z,
ZXBR,-,-,ROYAL NAVY VESSEL,HMS SUTHERLAND,-,-,UNITED KINGDOM,HELIDECK,MILITARY,-,Z,
ZXBS,-,-,ROYAL NAVY VESSEL,HMS WESTMINSTER,-,-,UNITED KINGDOM,HELIDECK,MILITARY,-,Z,
ZXDA,-,-,ROYAL FLEET AUXILIARY VESSEL,RFA ARGUS,-,-,UNITED KINGDOM,HELIDECK,MILITARY,-,Z,
ZXDB,-,-,ROYAL FLEET AUXILIARY VESSEL,RFA FORT AUSTIN,-,-,UNITED KINGDOM,HELIDECK,MILITARY,-,Z,
ZXDD,-,-,ROYAL FLEET AUXILIARY VESSEL,RFA FORT ROSALIE,-,-,UNITED KINGDOM,HELIDECK,MILITARY,-,Z,
ZXDE,-,-,ROYAL FLEET AUXILIARY VESSEL,RFA FORT VICTORIA,-,-,UNITED KINGDOM,HELIDECK,MILITARY,-,Z,
ZXDP,-,-,ROYAL FLEET AUXILIARY VESSEL,RFA CARDIGAN BAY,-,-,UNITED KINGDOM,HELIDECK,MILITARY,-,Z,
ZXDR,-,-,ROYAL FLEET AUXILIARY VESSEL,RFA LYME BAY,-,-,UNITED KINGDOM,HELIDECK,MILITARY,-,Z,
ZXDS,-,-,ROYAL NAVY VESSEL,HMS MOUNT BAY,-,-,UNITED KINGDOM,HELIDECK,MILITARY,-,Z,
ZXEA,-,-,ROYAL NAVY VESSEL,HMS DARING,-,-,UNITED KINGDOM,HELIDECK,MILITARY,-,Z,
ZXEB,-,-,ROYAL NAVY VESSEL,HMS DAUNTLESS,-,-,UNITED KINGDOM,HELIDECK,MILITARY,-,Z,
ZXEC,-,-,ROYAL NAVY VESSEL,HMS DEFENDER,-,-,UNITED KINGDOM,HELIDECK,MILITARY,-,Z,
ZXED,-,-,ROYAL NAVY VESSEL,HMS DIAMOND,-,-,UNITED KINGDOM,HELIDECK,MILITARY,-,Z,
ZXEE,-,-,ROYAL NAVY VESSEL,HMS DRAGON,-,-,UNITED KINGDOM,HELIDECK,MILITARY,-,Z,
ZXEF,-,-,ROYAL NAVY VESSEL,HMS DUNCAN,-,-,UNITED KINGDOM,HELIDECK,MILITARY,-,Z,
ZXPD,-,-,ROYAL NAVY VESSEL,HMS CLYDE,-,-,UNITED KINGDOM,HELIDECK,MILITARY,-,Z,
ZXPR,-,-,ROYAL NAVY VESSEL,HMS PROTECTOR,-,-,UNITED KINGDOM,HELIDECK,MILITARY,-,Z,
ZXPW,-,-,ROYAL NAVY VESSEL,HMS PRINCE OF WALES,-,-,UNITED KINGDOM,HELIDECK,MILITARY,-,Z,
ZXQE,-,-,ROYAL NAVY VESSEL,HMS QUEEN ELIZABETH,-,-,UNITED KINGDOM,HELIDECK,MILITARY,-,Z,
ZXTA,-,-,ROYAL FLEET AUXILIARY VESSEL,RFA TIDEFORCE,-,-,UNITED KINGDOM,HELIDECK,MILITARY,-,Z,
ZXTB,-,-,ROYAL FLEET AUXILIARY VESSEL,RFA TIDERACE,-,-,UNITED KINGDOM,HELIDECK,MILITARY,-,Z,
ZXTC,-,-,ROYAL FLEET AUXILIARY VESSEL,RFA TIDESPRING,-,-,UNITED KINGDOM,HELIDECK,MILITARY,-,Z,
ZXTD,-,-,ROYAL FLEET AUXILIARY VESSEL,RFA TIDESURGE,-,-,UNITED KINGDOM,HELIDECK,MILITARY,-,Z,
ZXWK,-,-,ROYAL FLEET AUXILIARY VESSEL,RFA WAVE KNIGHT,-,-,UNITED KINGDOM,HELIDECK,MILITARY,-,Z,
ZXWR,-,-,ROYAL FLEET AUXILIARY VESSEL,RFA WAVE RULER,-,-,UNITED KINGDOM,HELIDECK,MILITARY,-,Z,
ZZZZ,-,-,-,-,-,-,ICAO,ADMINISTRATIVE,ICAO,GENERIC CODE FOR WHEN A LOCATION DOES NOT HAVE A CODE OR THE CODE IS UNKNOWN.,Z,
LIRF,FCO,,ROME,ROME FIUMICINO INTERNATIONAL AIROPRT,ROME FIUMICINO LEONARDO DA VINCI INTERNATIONAL AIRPORT,-,ITALY,LAND AIRPORT,CIVIL,-,L,N41-48.0/E012-14.3 
LIMC,MXP,-,MILAN,MILAN MALPENSA AIRPORT,"AEROPUERTO INTERNAZIONALE DI MILANO-MALPENSA ""SILVIO BERLUSCONI""",ANR AEROPORTO N.6,ITALY,LAND AIRPORT,CIVIL,-,L,N45-37.8/E008-43.4 
LROP,OTP,-,BUCHAREST,BUCHAREST HENRI COANDĂ INTERNATIONAL AIRPORT,BUCHAREST AIRPORT,BUCHAREST OTOPENI INTERNATIONAL AIRPORT,ROMAINA,LAND AIRPORT,DUAL,-,L,N44-34.3/E026-05.1 
HEGN,HRG,-,HURGHADA,HURGHADA INTERNATIONAL AIRPORT,-,-,EGYPT,LAND AIRPORT,CIVIL,-,H,N27-10.7/E033-48.1 
LSGG,GVA,-,GENEVA,GENECA AIRPORT,COINTRIN AIRPORT,-,SWITZERLAND,LAND AIRPORT,CIVIL,-,L,N46-14.3/E006-06.6
OEJN,JED,-,JEDDAH,KING ABDULAZIZ INTERNATIONAL AIRPORT,JEDDAH INTERNATIONAL AIRPORT,-,SAUDI ARABIA,LAND AIRPORT,DUAL,SHARES RUNWAYS WITH KING ABDULLAH AIR BASE,O,N21-40.9/E039-09.4 
OEJN,JED,-,JEDDAH,KING ABDULLAH AIR BASE,JEDDAH INTERNATIONAL AIRPORT,-,SAUDI ARABIA,LAND AIRPORT,DUAL,SHARES RUNWAYS WITH KING ABDULAZIZ INTERNATIONAL AIRPORT,O,N21-40.9/E039-09.4 
ESSA,ARN,-,STOCKHOLM,STOCKHOLM ARLANDA AIRPORT,-,-,SWEDEN,LAND AIRPORT,CIVIL,-,E,N59-39.1/E017-55.1 
LKPR,PRG,-,PRAGUE,VÁCLAV HAVEL AIRPORT PRAGUE,PRAHA/RUZYNĚ AIRPORT,PRAGUE RUZYNĚ INTERNATIONAL AIRPORT,CZECHIA,LAND AIRPORT,CIVIL,-,L,N50-06.1/E014-15.6 
LIRA,CIA,-,ROME,ROME CIAMPINO G.B. PASTINE AIRPORT,ROME CIAMPINO AIRPORT,CIAMPINO AIRPORT,ITALY,LAND AIRPORT,DUAL,-,L,N41-48.0/E012-35.8 
HESH,SSH,-,SHARM EL SHEIKH,SHARM EL SHEIKH INTERNATIONAL AIRPORT,-,-,EGYPT,LAND AIRPORT,CIVIL,-,H,N27-58.7/E034-23.6
