TRICODE,IATA CODE,CALLSIGN,COMMON NAME,COMPANY/CORPORATE NAME,COUNTRY
QID,-,QUID,100TH AIR REFUELING WING,"U.S. AIR FORCE 100TH AIR REFUELING WING, RAF MILDENHALL",UNITED STATES OF AMERICA
BTB,-,-,158TH FIGHTER WING,UNITED STATES AIR NATIONAL GUARDS 158 FIGHTER WING,UNITED STATES OF AMERICA
TNG,-,-,164TH AIRLIFT GROUP,"TENNESSEE AIR NATIONAL GUARD, 164TH AIRLIFT GROUP",UNITED STATES OF AMERICA
HCR,-,HIGH SCORE,1903 AVIATION,1903 AVIATION AB,SWEDEN
RNX,-,NEXTIME,1TIME,1 TIME AIRLINE (PTY) LTD,SOUTH AFRICA
CSB,2I,CARGO SOUTH,21 AIR,"21-AIR, LLC",UNITED STATES OF AMERICA
TFU,-,-,213 FLIGHT UNIT,213 FLIGHT UNIT,RUSSIAN FEDERATION
CHD,-,CHKALOVSK-AVIA,223RD AVIATION UNIT,"223RD AVIATION UNIT, RUAF",RUSSIAN FEDERATION
TTF,-,CARGO UNIT,224TH AVIATION UNIT,"224TH AVIATION UNIT, RUAF",RUSSIAN FEDERATION
TWF,-,CLOUD RUNNER,24/7 JET,247 JET LTD,UNITED KINGDOM
EMC,-,NIGHTINGALE,247 AVIATION,247 AVIATION LIMITED,UNITED KINGDOM
ONY,4Q,ONLY JET,25ONLY,25ONLY AVIATION GMBH,GERMANY
GFR,-,GUNFIGHTER,29(R) SQUADRON,"29(R) SQUADRON, RAF",UNITED KINGDOM
BRO,-,BROADSWORD,2EXCEL,2 EXCEL AVIATION LTD,UNITED KINGDOM
HKY,-,HERKY,314TH AIRLIFT WING,US AIR FORCE 314AW,UNITED STATES OF AMERICA
NOH,-,NORTHOLT,32 (THE ROYAL) SQUADRON,"32 (THE ROYAL) SQUADRON, RAF",UNITED KINGDOM
EVY,-,-,34 SQUADRON,"34 SQUADRON, ROYAL AUSTRALIAN AIR FORCE",AUSTRALIA
SEC,-,SECUREX,3D AVIATION,"3D AVIATION, INC. (HELENA, MT)",UNITED STATES OF AMERICA
DAK,-,DUCK AIRWAYS,4 AIRWAYS,4 AIRWAYS,MALTA
-,Q5,-,40-MILE AIR,"40-MILE AIR, LTD",UNITED STATES OF AMERICA
PIU,-,PRIMA,43 AIR SCHOOL,43 AIR SCHOOL,SOUTH AFRICA
AKG,-,GRIFTER,84 SQUADRON,84 SQN RAF AKROTIRI,UNITED KINGDOM
SAM,-,SAM,89TH AIRLIFT WING,USAF S 89TH AIRLIFT WING- ANDREWS AIR FORCE BASE,UNITED STATES OF AMERICA
JYH,AQ,TRANS JADE,9 AIR,"NINE AIR CO., LTD.",CHINA
ABZ,-,ISLAND LIFEFLIGHT,AAS LIFEFLIGHT,AIR AMBULANCE SERVICES LIMITED,BAHAMAS
XXV,-,-,AASANA,ADMINISTRACION DE AEROPUERTOS Y SERVICIOS AUXILIARES A LA NAVEGACION AEREA (AASANA),BOLIVIA
CIK,Y6,-,AB AVIATION,AB AVIATION,COMOROS
FTD,-,FORTITUDE,AB JETS,"ANDREW BETTIS AVIATION, LLC DBA AB JETS",UNITED STATES OF AMERICA
BBE,-,BABEL AIR,ABABEEL AVIATION,ABABEEL AVIATION CO. LTD,SUDAN
ABJ,-,ABAETE,ABAETÃ‰ LINHAS AÃ‰REAS,ATA - AEROTAXI ABAETE LTDS,BRAZIL
ABJ,-,ABAETE,ABAETÉ LINHAS AÉREAS,ATA - AEROTAXI ABAETE LTDS,BRAZIL
NKP,-,ABAKAN AIR,ABAKAN AIR,ABAKAN AIR,RUSSIAN FEDERATION
ABE,-,ABAN,ABAN AIR,ABAN AIR,IRAN
MRP,-,ABAS,ABAS,ABAS,CZECHIA
AHU,-,ABC HUNGARY,ABC AIR,ABC AIR HUNGARY LTD,HUNGARY
AAB,-,ABELAG,ABELAG,ABELAG AVIATION SA,BELGIUM
BDV,-,ABERDAV,ABERDAIR AVIATION,ABERDAIR AVIATION LIMITED,KENYA
ROH,-,+,ABERDAIR AVIATION,ABERDAIR AVIATION GH LTD,GHANA
ABP,-,BAIR,ABS JETS,ABS JETS,CZECHIA
TTN,-,TITANIUM,ABSOLUTE AVIATION,ABSOLUTE FLIGHT SERVICES (PTY) LTD,SOUTH AFRICA
BAR,-,BARAKAH,ABU DHABI AVIATION,ABU DHABI AVIATION,UNITED ARAB EMIRATES
ABX,GB,ABEX,ABX AIR,"ABX AIR, INC. (WILMINGTON, OH)",UNITED STATES OF AMERICA
ACD,-,ACADEMY,ACADEMY OF AVIATION,"ACADEMY AIRLINES (GRIFFIN, GA)",UNITED STATES OF AMERICA
SON,-,SONAS,ACASS,ACASS IRELAND LTD.,IRELAND
-,9B,-,ACCESRAIL,ACCESRAIL AND PARTNER RAILWAYS,CANADA
ATZ,-,ACE TAXI,ACE AIR,ACE AIR,REPUBLIC OF KOREA
ARO,-,ACERO,ACEROTAXI,"ACERO TAXI, S.A. DE C.V.",MEXICO
BVR,-,BAVARIAN,ACM AIR CHARTER,"ACM AIR CHARTER GMBH, RHEINMUENSTER",GERMANY
BJT,-,BAY JET,ACM AVIATION,"ACM AVIATION, INC. (SAN JOSE, CA)",UNITED STATES OF AMERICA
JPB,-,PALMBEACH JET,ACP JET CHARTER,"ACP JET CHARTER, INC.",UNITED STATES OF AMERICA
CRV,-,ACROPOLIS,ACROPOLIS AVIATION,ACROPOLIS AVIATION LTD,UNITED KINGDOM
WDW,-,WOODWARD,"ACT TWO, INC.","ACT TWO, INC.",UNITED STATES OF AMERICA
AXQ,-,ACTION AIR,ACTION AIRLINES,ACTION AIRLINES (ACTION AIR CHARTER),UNITED STATES OF AMERICA
ADC,-,AD ASTRA,AD ASTRA EXECUTIVE CHARTER,AD ASTRA EXECUTIVE CHARTER SP.Z.O.O.,POLAND
VUE,-,FLIGHTVUE,AD AVIATION,AD AVIATION LIMITED,UNITED KINGDOM
ADF,-,-,ADEFA,"ADEFA, S.A.",SPAIN
TEC,-,TECHJET,ADI SHUTTLE GROUP,"ADI SHUTTLE GROUP, LLC (MATHER, CA)",UNITED STATES OF AMERICA
SWH,-,SHOCKWAVE,ADLER AVIATION,ADLER AVIATION LTD,CANADA
RPR,-,AEROPROFESIONAL,ADMINISTRACION PROFESIONAL DE AERONAVES,"ADMINISTRACION PROFESIONAL DE AERONAVES, S.A. DE C.V.",MEXICO
SGO,-,SPEEDGOAT,ADMIRAL BEVERAGE,ADMIRAL BEVERAGE CORPORATION,UNITED STATES OF AMERICA
ADR,-,ADRIA,ADRIA AIRWAYS,ADRIA AIRWAYS,SLOVENIA
DRO,-,ADRO SERVICIOS,ADRO JET CHARTER,"ADRO SERVICIOS AEREOS, S.A. DE C.V.",MEXICO
AAX,-,ADVANCE AVIATION,ADVANCE AVIATION,"ADVANCE AVIATION CO., LTD",THAILAND
AJV,-,LEE JET,ADVANCE AVIATION JET,"ADVANCE AVIATION JET CO., LTD",THAILAND
XTJ,-,-,ADVANCE AVIATION SERVICES,"ADVANCE AVIATION SERVICES, INC. (MIAMI SPRINGS, FL)",UNITED STATES OF AMERICA
ADD,-,-,ADVANCED AIR,"ADVANCED AIR CO., LTD",JAPAN
WSN,AN,WINGSPAN,ADVANCED AIR,"ADVANCED AIR, LLC",UNITED STATES OF AMERICA
ADV,-,ADVANCED,ADVANCED FLIGHT TRAINING,ADVANCED FLIGHT TRAINING LTD,UNITED KINGDOM
DVN,-,ADVENTIA,ADVENTIA,ADVENTIA,SPAIN
BKM,-,CARDINAL,ADVISORS AVIATION,"ADVISORS AVIATION (ST. LOUIS, MO)",UNITED STATES OF AMERICA
EBS,-,-,AEG AVIATION SERVICES,"AEG AVIATION SERVICES (STATELINE, NV)",UNITED STATES OF AMERICA
AEE,A3,AEGEAN,AEGEAN AIRLINES,AEGEAN AIRLINES S.A.,GREECE
AEW,-,SEAGULL,AEGEAN EXECUTIVE,AEGEAN EXECUTIVE S.A.,GREECE
AEL,-,RHOMBUS,AEGLE AVIATION,AEGLE AVIATION (ARUBA) N.V.,NETHERLANDS
AAZ,-,AEOLUS,AEOLUS AIR,AEOLUS AIR LIMITED,GAMBIA
EIN,EI,SHAMROCK,AER LINGUS,AER LINGUS TEORANTA,IRELAND
EUK,EG,GREEN FLIGHT,AER LINGUS UK,AER LINGUS (UK) LIMITED,UNITED KINGDOM
EBV,-,-,AERBRAVA,"AERBRAVA, S.C.P.",SPAIN
ACL,-,ADMIRE,AERCARIBE,"AERCARIBE, S.A.",COLOMBIA
AEF,-,-,AEREA,AEREA,SPAIN
ADG,-,AEREA TRAINING,AEREA FLYING TRAINING ORGANIZATION,"AEREA FLYING TRAINING ORGANIZATION, S.A.",SPAIN
CBV,-,CABOAEREO,AEREO CABO,"AEREO CABO, S.A. DE C.V.",MEXICO
DRD,-,AEREO DORADO,AEREO DORADO,"AEREO DORADO, S.A. DE C.V.",MEXICO
GEE,-,GEMEX,AEREO GE,"AEREO GE, S.A. DE C.V.",MEXICO
MMG,-,RUTA MAYA,AEREO RUTA MAYA,AEREO RUTA MAYA,GUATEMALA
PZA,-,AEREO PARAZA,AEREO TAXI PARAZA,"AEREO TAXI PARAZA, S.A. DE C.V.",MEXICO
ACM,-,-,AEREO VIAS CENTROAMERICANAS SOCIEDAD ANONIMA DE CAPITAL VARIABLE,AVIAC S.A. DE C.V. (AEREO VIAS CENTROAMERICANAS SOCIEDAD ANONIMA DE CAPITAL VARIABLE),HONDURAS
TXI,-,AEREOTAXIS,AEREOTAXIS,"AEREOTAXIS, S.A. DE C.V.",MEXICO
TLA,-,AEROCLA,AEREOTCLA,"AEREOTCLA, S.A. DE C.V.",MEXICO
AGP,-,AIR TARA,AERFI GROUP,AERFI GROUP PLC,IRELAND
TKR,-,TANKER,AERIAL FIREFIGHTING,-,UNITED STATES OF AMERICA
SUY,-,SURVEY,AERIAL SURVEYS,AERIAL SURVEYS (1980) LTD,NEW ZEALAND
RIS,-,AERIS,AERIS GESTION,AERIS GESTION S.L.,SPAIN
JCY,-,JET CITY,AERIUS MANAGEMENT,AERIUS MANAGEMENT LLC,UNITED STATES OF AMERICA
AEO,-,AERO,AERO,AERO GUERNSEY LTD,GUERNSEY
BLK,-,AERO BLACK,AERO AIR,USAC AIRWAYS 695 LLC,UNITED STATES OF AMERICA
WIL,-,WILLAMETTE,AERO AIR,"AERO AIR, LLC (HILLSBORO, OR)",UNITED STATES OF AMERICA
ILK,-,ILEK,AERO AIRLINE,AERO AIRLINE PLC,KAZAKHSTAN
ABM,-,ALBATROS ESPANA,AERO ALBATROS,AERO ALBATROS,SPAIN
ALB,-,ALBATROS,AERO ALBATROS,AERO ALBATROS,MEXICO
AKF,-,-,AERO ASAHI CORPORATION,AERO ASAHI CORPORATION,JAPAN
RSO,-,AERO ASIA,AERO ASIA,AERO ASIA,PAKISTAN
BLZ,-,AEROLOZ,AERO BARLOZ,"AERO BARLOZ, S.A. DE C.V.",MEXICO
BGG,-,AERO BG,AERO BG,"AERO BG, S.A. DE C.V.",MEXICO
BZS,-,BINIZA,AERO BINIZA,"AERO BINIZA, S.A. DE C.V.",MEXICO
CFV,A7,CALAFIA,AERO CALAFIA,"AERO CALAFIA, S.A. DE C.V.",MEXICO
GLT,-,GASLIGHT,AERO CHARTER,"AERO CHARTER, INC. (CHESTERFIELD, MO)",UNITED STATES OF AMERICA
CTA,-,CHAR-TRAN,AERO CHARTER AND TRANSPORT,"AERO CHARTER AND TRANSPORT (ALBUQUERQUE, NM)",UNITED STATES OF AMERICA
KFK,-,KRIFKA AIR,AERO CHARTER KRIFKA,AERO CHARTER KRIFKA GES MBH,AUSTRIA
RRB,-,-,AERO CLUB DE CASTELLON,AERO CLUB DE CASTELLON,SPAIN
CLP,-,CLUB PORTUGAL,AERO CLUB DE PORTUGAL,AERO CLUB DE PORTUGAL,PORTUGAL
CGV,-,CLUBE ALGARVE,AERO CLUBE DO ALGARVE,AERO CLUBE DO ALGARVE,PORTUGAL
NIG,-,AEROLINE,AERO CONTRACTORS COMPANY OF NIGERIA,AERO CONTRACTORS COMPANY OF NIGERIA LTD.,NIGERIA
PTE,-,AERO-COP,AERO COPTER,"AERO COPTER, S.A. DE C.V.",MEXICO
ARP,-,IVORYCORP,AERO CORPORATE,AERO CORPORATE,COTE D'IVOIRE
DVI,-,AERO DAVINCI,AERO DAVINCI INTERNATIONAL,"AERO DAVINCI INTERNATIONAL, S.A. DE C.V.",MEXICO
ADL,-,COTSWOLD,AERO DYNAMICS,AERO DYNAMICS,UNITED KINGDOM
VEJ,-,VENEJECUTIV,AERO EJECUTIVOS,"AERO EJECUTIVOS, C.A.",VENEZUELA
EPU,-,ELITACAPULCO,AERO ELITE ACAPULCO,"AERO ELITE ACAPULCO, S.A. DE C.V.",MEXICO
AON,-,AERO ENTREPRISE,AERO ENTREPRISE,AERO ENTREPRISE,FRANCE
GEX,-,AERO GEORGIA,AERO EXPEDITION,AERO EXPEDITION LLC,GEORGIA
XPN,-,+,AERO EXPRESS,AERO EXPRESS,NIGER
WAB,-,WABASH,AERO INDUSTRIES,"AERO INDUSTRIES, INC. (RICHMOND, VA)",UNITED STATES OF AMERICA
TEJ,-,+,AERO JET,AERO JET,ANGOLA
AJE,-,JET EXPRES,AERO JET EXPRESS,"AERO JET EXPRESS, S.A. DE C.V.",MEXICO
RVQ,-,REVA AIR,AERO JET INTERNATIONAL,"AERO JET INTERNATIONAL (FORT LAUDERDALE, FL)",UNITED STATES OF AMERICA
JLA,-,AERO JOE,AERO JL,AERO JL,MEXICO
MHC,-,AERO JOMACHA,AERO JOMACHA,"AERO JOMACHA, S.A. DE C.V.",MEXICO
EOK,-,AEROHANGUK,AERO K AIRLINES,AERO K AIRLINES,REPUBLIC OF KOREA
ERL,-,AEROLAB,AERO LAB,"AERO LAB, S.A. DE C.V.",MEXICO
LDR,-,AEROLIDER,AERO LIDER,"AERO LIDER, S.A. DE C.V.",MEXICO
ARK,-,LINK SERVICE,AERO LINK AIR SERVICES,AERO LINK AIR SERVICES S.L.,SPAIN
AEM,-,AEROMADRID,AERO MADRID,AERO MADRID,SPAIN
MOC,-,AEROMARAT,AERO MARAT,AERO MARAT SA DE CV,MEXICO
MFL,-,MCFLY,AERO MCFLY,"AERO MCFLY, S.A. DE C.V.",MEXICO
MNG,-,AERO MONGOLIA,AERO MONGOLIA,AERO MONGOLIA,MONGOLIA
ANK,KA,AERO NOMAD,AERO NOMAD,AERO NOMAD AIRLINES LLC,KYRGYZSTAN
OWN,-,AERO OWEN,AERO OWEN,"AERO OWEN, S.A. DE C.V",MEXICO
PNL,-,AEROPERSONAL,AERO PERSONAL,"AERO PERSONAL, S.A. DE C.V.",MEXICO
MIE,-,AEROPREMIER,AERO PREMIER DE MEXICO,"AERO PREMIER DE MEXICO, S.A. DE C.V.",MEXICO
QUI,-,QUIMMCO,AERO QUIMMCO,"AERO QUIMMCO, S.A DE C.V.",MEXICO
RCO,-,AEROCOAHUILA,AERO RENTA DE COAHUILA,"AERO RENTA DE COAHUILA, S.A. DE C.V.",MEXICO
ROO,-,AERO ROA,AERO ROA,"AERO ROA, S.A.DE C.V.",MEXICO
RRC,-,AEROROCA,AERO ROCA,"AERO ROCA, S.A. DE C.V.",MEXICO
SOM,-,AERO-SAL,AERO SALMON,"AERO SALMON, S.A. DE C.V.",MEXICO
SMI,-,SAMI,AERO SAMI,"AERO SAMI, S.A. DE C.V.",MEXICO
GHM,-,-,AERO SERVICE BOLIVIA,AERO SERVICE BOLIVIA,BOLIVIA
BAS,-,AEROSERV,AERO SERVICES,AERO SERVICES,BARBADOS
SRV,-,SERVICORP,AERO SERVICIO CORPORATIVO,"AERO SERVICIO CORPORATIVO, S.A. DE C.V.",MEXICO
GUE,-,AERO GUERRERO,AERO SERVICIO GUERRERO,"AERO SERVICIO GUERRERO, S.A. DE C.V.",MEXICO
PTD,-,PITY,AERO SERVICIO PITY,"AERO SERVICIO PITY, S.A. DE C.V.",MEXICO
TED,-,AEROAZTECA,AERO SERVICIOS AZTECA,"AERO SERVICIOS AZTECA, S.A. DE C.V.",MEXICO
EMS,-,SERVIEMPRESARIAL,AERO SERVICIOS EMPRESARIALES,"AERO SERVICIOS EMPRESARIALES, S.A. DE C.V.",MEXICO
SVE,-,AEROESPECIAL,AERO SERVICIOS ESPECIALIZADOS,"AERO SERVICIOS ESPECIALIZADOS, S.A. DE C.V.",MEXICO
PNU,-,AERO PLATINUM,AERO SERVICIOS PLATINUM,"AERO SERVICIOS PLATINUM, S.A. DE C.V.",MEXICO
ERI,-,ASERGIO,AERO SERVICIOS REGIOMONTANOS,"AERO SERVICIOS REGIOMONTANOS, S.A. DE C.V.",MEXICO
SIZ,-,AEROSILZA,AERO SILZA,"AERO SILZA, S.A. DE C.V.",MEXICO
ASK,-,MULTISKY,AERO SKY,AERO SKY S.L.,SPAIN
ASR,-,SOTRAVIA,AERO SOTRAVIA,AERO SOTRAVIA,FRANCE
IKM,-,EASY SHUTTLE,AERO SURVEY,AERO SURVEY LTD,GHANA
KAT,-,AEROTAK,AERO TAK,AERO TAK LIMITED,NIGERIA
TPO,-,TAXI-POTOSI,AERO TAXI DEL POTOSI,"AERO TAXI DEL POTOSI, S.A.",MEXICO
FES,-,AERO ALFE,AERO TAXIS Y SERVICIOS ALFE,"AERO TAXIS Y SERVICIOS ALFE, S.A. DE C.V.",MEXICO
TLU,-,AEROTOLUCA,AERO TOLUCA INTERNACIONAL,"AERO TOLUCA INTERNACIONAL, S.A. DE C.V.",MEXICO
TZA,-,AERO TOMZA,AERO TOMZA,"AERO TOMZA, S.A. DE C.V.",MEXICO
RTE,-,LA MONTANA,AERO TRANSPORTE LA MONTANA,"AERO TRANSPORTE LA MONTANA, C. A.",VENEZUELA
EPL,-,EMPRESARIALES,AERO TRANSPORTES EMPRESARIALES,AERO TRANSPORTES EMPRESARIALES,MEXICO
TPB,-,AERO TROPICAL,AERO TROPICAL,"AERO TROPICAL, LDA",ANGOLA
TLE,-,AEROUTIL,AERO UTIL,"AERO UTIL, S.A. DE C.V.",MEXICO
ARI,-,AEROVICS,AERO VICS,"AERO VICS, S.A. DE C.V.",MEXICO
VLS,-,VIREL,AERO VIREL,"AERO VIREL, S.A. DE C.V.",MEXICO
AOV,-,AEROVISION,AERO VISION,AERO VISION,FRANCE
AOD,-,AERO CZECH,AERO VODOCHODY,AERO VODOCHODY,CZECHIA
TKK,-,TARKA,AERO WAYS,"AERO WAYS, INC. (NEW CASTLE, DE)",UNITED STATES OF AMERICA
MYS,-,AERO YAQUI,AERO YAQUI MAYO,"AERO YAQUI MAYO, S. A. DE C.V.",MEXICO
AJH,-,ALJARAFE,AEROALJARAFE,AEROALJARAFE S.L.,SPAIN
ARD,-,CORDILLERAS,AEROANDINAS,"AEROANDINAS, C.A.",VENEZUELA
AQA,-,ATCO,AEROATLAS,AEROATLAS S.A.,COLOMBIA
KKA,-,AVILA,AEROAVILA TRANSPORTES AEREOS,AEROAVILA TRANSPORTES AEROEOS,VENEZUELA
GAB,-,CALI,AEROBELL AIRLINES,AEROBELL AIRLINES,COSTA RICA
ABA,-,AEROBETA,AERO-BETA,"AERO-BETA GMBH & CO., STUTTGART",GERMANY
DFA,-,ABLE,AEROBILITY,AEROBILITY,UNITED KINGDOM
IVA,-,AEROBOLIVAR,AEROBOLIVAR,"AEROBOLIVAR, C.A.",VENEZUELA
BOC,-,AEROBONA,AEROBONA,"AEROBONA, S.A. DE C.V.",MEXICO
BGE,-,AEROBRIDGE,AEROBRIDGE,AEROBRIDGE,UNITED STATES OF AMERICA
CDA,-,AEROCARDAL,AEROCARDAL,AEROCARDAL,CHILE
SYD,-,SKYDOCTOR,AEROCARE,FLYING AMBULANCE (PTY) LTD T/A AEROCARE,SOUTH AFRICA
CVZ,-,CARIBE,AEROCARIBE AIRLINES,AEROCARIBE AIRLINES,VENEZUELA
AOB,-,CARIBE CORO,AEROCARIBE CORO,"AEROCARIBE CORO, C.A.",VENEZUELA
ACR,-,AEROCENTER,AEROCENTER,"AEROCENTER, ESCUELA DE FORMACION DE PILOTOS PRIVADOS DE AVION",SPAIN
ERC,-,+,AEROCHARTER,AEROCHARTER,GUATEMALA
BSO,-,-,AEROCLUB BARCELONA-SABADELL,AEROCLUB BARCELONA-SABADELL,SPAIN
NVA,-,-,AEROCLUB DE ALBACETE,AEROCLUB DE ALBACETE,SPAIN
LUE,-,-,AEROCLUB DE ALICANTE,AEROCLUB DE ALICANTE,SPAIN
MLL,-,MALLORCA,AEROCLUB DE MALLORCA,AEROCLUB DE MALLORCA,SPAIN
AVX,-,-,AEROCLUB DE VITORIA,AEROCLUB DE VITORIA,SPAIN
MOD,-,MONDEGO,AEROCLUBE DE COIMBRA,AEROCLUBE DE COIMBRA,PORTUGAL
AEK,-,AEROCON,AEROCON,AEROCON LTDA.,BOLIVIA
CTD,-,AEROCORPORATIVOS,AEROCORPORATIVOS,"AEROCORPORATIVOS, S.A. DE C.V.",MEXICO
RRO,-,-,AEROCREDO,"AEROCREDO, CLOSED CORPORATION",RUSSIAN FEDERATION
CUO,-,CUAHONTE,AEROCUAHONTE,"AEROCUAHONTE, S.A. DE C.V.",MEXICO
ROD,-,AERODAN,AERODAN,"AERODAN, S.A. DE C.V.",MEXICO
DTO,-,AERODESIERTO,AERODESIERTO,AERODESIERTO S.A.,CHILE
ADN,-,AERODIENST,AERODIENST,"AERODIENST GMBH & CO. KG, NUERNBERG",GERMANY
DMC,-,DINAMICAMONT,AERODINAMICA DE MONTERREY,"AERODINAMICA DE MONTERREY, S.A. DE C.V.",MEXICO
ADP,-,AERODIPLOMATIC,AERODIPLOMATIC,"AERODIPLOMATIC, S.A. DE C.V.",MEXICO
DIS,-,AERODIS,AERODIS AVIACION,AERODIS AVIACION S.L.,SPAIN
ZTZ,-,TOWER,AERODROME CONTROL TOWER,AERODROME CONTROL TOWER,ICAO
ZYZ,-,-,AERODROME SECURITY SERVICES,AERODROME SECURITY SERVICES,ICAO
DYN,-,AERODYNAMICS,AERODYNAMICS,"AERODYNAMICS, INC. (WATERFORD, MI)",UNITED STATES OF AMERICA
DNC,-,FLYING OLIVE,AERODYNAMICS MALAGA,"AERODYNAMICS MALAGA, S.L.",SPAIN
ERO,-,AEROECOM,AEROECOM,"AEROECOM, C.A.",VENEZUELA
AJS,-,AEROEJECUTIVOS,AEROEJECUTIVOS,"AEROEJECUTIVOS, AEROSERVICIOS EJECUTIVOS",COLOMBIA
VIV,-,AEROENLACES,AEROENLACES NACIONALES,"AEROENLACES NACIONALES, S.A. DE C.V.",MEXICO
ROE,-,ESTE-BOLIVIA,AEROESTE,AEROESTE SRL,BOLIVIA
CFF,-,AEROFAN,AEROFAN,AEROFAN,SPAIN
FAQ,-,+,AEROFAQ,AEROFAQ,ECUADOR
FEO,-,FERINCO,AEROFERINCO,"AEROFERINCO, S.A. DE C.V.",MEXICO
TVD,-,AEROFLIGHT,AEROFLIGHT ACADEMY OF AVIATION,"AEROFLIGHT ACADEMY OF AVIATION, INC. (SEATTLE, WA)",UNITED STATES OF AMERICA
AFL,SU,AEROFLOT,AEROFLOT,AEROFLOT - RUSSIAN AIRLINES,RUSSIAN FEDERATION
FNO,-,RIAZOR,AEROFLOTA DEL NOROESTE,AEROFLOTA DEL NOROESTE S.L.,SPAIN
RFY,-,AEROFIL,AEROFLY,AEROFLY S.A. DE C.V.,MEXICO
AWF,-,-,AEROFORWARD,"AEROFORWARD, LLC (LAS VEGAS, NV)",UNITED STATES OF AMERICA
FCO,-,AEROFRISCO,AEROFRISCO,AEROFRISCO,MEXICO
GAU,-,AEROGAUCHO,AEROGAUCHO,AEROGAUCHO S.A.,URUGUAY
RWY,-,TYNWALD,AEROGROUP,AEROGROUP,UNITED KINGDOM
ASI,-,AEROSUN,AEROGUARD FLIGHT TRAINING CENTER,"AEROGUARD FLIGHT TRAINING CENTER (PHOENIX, AZ)",UNITED STATES OF AMERICA
HEI,-,AEROHEIN,AEROHEIN,RICARDO HEIN B. (AEROHEIN LTDA.),CHILE
AIW,-,AIRWOLF,AEROHELI INTERNATIONAL,AEROHELI INTERNATIONAL GMBH & CO KG,GERMANY
ARH,-,AEROHELCA,AEROHELICOPTEROS,"AEROHELICOPTEROS, C.A.",VENEZUELA
AEX,-,AEROX,AEROHELIX,AEROHELIX S. DE R.L. DE C.V.,MEXICO
AEZ,XZ,AEROITALIA,AEROITALIA,AEROITALIA SRL,ITALY
BJU,-,JET EXPRESS,AEROJET AIRLINES,AEROJET AIRLINES,UKRAINE
AEJ,-,AEROJET,AEROJET EXECUTIVE,AEROJET EXECUTIVE,VENEZUELA
EZI,-,JETZA,AEROJET TOMZA,AEROJET TOMZA S.A. DE C.V.,MEXICO
JOB,-,JOBENI,AEROJOBENI,"AEROJOBENI, S.A. DE C.V.",MEXICO
KLZ,-,AEROKALUZ,AEROKALUZ,"AEROKALUZ, S.A. DE C.V.",MEXICO
NKZ,-,NOVOKUZNETSK,AEROKUZBASS,AEROKUZBASS LTD,RUSSIAN FEDERATION
LGN,-,AEROLAGUNA,AEROLAGUNA,"AEROLAGUNA, S.A. DE C.V.",MEXICO
LMA,-,AEROLIMA,AEROLIMA,"AEROLIMA, S.A. DE C.V.",MEXICO
LIN,-,AEROLIMOUSINE,AEROLIMOUSINE,AEROLIMOUSINE LTD,RUSSIAN FEDERATION
ANQ,-,ANTIOQUIA,AEROLINEA DE ANTIOQUIA,AEROLINEA DE ANTIOQUIA S.A. (ADA),COLOMBIA
CPR,-,CARIBE-PERU,AEROLINEA DEL CARIBE,AEROLINEA DEL CARIBE-PERU S.A.C.,PERU
PCP,-,PRINCIPAL,AEROLINEA PRINCIPAL,AEROLINEA PRINCIPAL CHILE S.A.,CHILE
ARG,AR,ARGENTINA,AEROLINEAS ARGENTINAS,AEROLINEAS ARGENTINAS,ARGENTINA
BZA,-,BONAN AIR,AEROLINEAS BONANZA,AEROLINEAS BONANZA S.A. DE C.V.,MEXICO
CTR,-,CENTAURO,AEROLINEAS CENTAURO,"AEROLINEAS CENTAURO, S.A. DE C.V.",MEXICO
ALT,-,AEROLINEAS CENTRALES,AEROLINEAS CENTRALES,"AEROLINEAS CENTRALES, S.A. DE C.V.",MEXICO
PFI,-,PACIFICO CHIHUAHUA,AEROLINEAS CHIHUAHUA AL PACIFICO,"AEROLINEAS CHIHUAHUA AL PACIFICO, S.A. DE C.V.",MEXICO
ECM,-,AERO COMERCIALES,AEROLINEAS COMERCIALES,"AEROLINEAS COMERCIALES, S.A. DE C.V.",MEXICO
DMJ,-,DAMOJH,AEROLINEAS DAMOJH,"AEROLINEAS DAMOJH, S.A. DE C.V.",MEXICO
MOR,-,AEROMORELIA,AEROLINEAS DE MORELIA,"AEROLINEAS DE MORELIA, S.A. DE C.V.",MEXICO
HUC,-,LINEAS TEHUACAN,AEROLINEAS DE TEHUACAN,"AEROLINEAS DE TEHUACAN, S.A. DE C.V.",MEXICO
RDC,-,LINEAS DELCENTRO,AEROLINEAS DEL CENTRO,"AEROLINEAS DEL CENTRO, S.A. DE C.V.",MEXICO
DLG,-,DELGOLFO,AEROLINEAS DEL GOLFO,"AEROLINEAS DEL GOLFO, S.A. DE C.V.",MEXICO
LET,-,MEXALE,AEROLINEAS EJECUTIVAS,"AEROLINEAS EJECUTIVAS, S.A. DE C.V.",MEXICO
AHL,-,HIDALGO,AEROLINEAS HIDALGO,"AEROLINEAS HIDALGO, S.A. DE C.V.",MEXICO
JGB,-,JETGLOBAL,AEROLINEAS JET GLOBAL,"AEROLINEAS JET GLOBAL, C.A.",VENEZUELA
MCO,-,MARCOS,AEROLINEAS MARCOS,"AEROLINEAS MARCOS, S.A. DE C.V.",MEXICO
APR,-,PRIMORDIALES,AEROLINEAS PRIMORDIALES,"AEROLINEAS PRIMORDIALES, S A DE C.V.",MEXICO
SDO,-,AERO DOMINGO,AEROLINEAS SANTO DOMINGO,"AEROLINEAS SANTO DOMINGO, S.A.",DOMINICAN REPUBLIC
SOD,-,ALSOL,AEROLINEAS SOL,"AEROLINEAS SOL, S.A. DE C.V.",MEXICO
NSO,-,SOSA,AEROLINEAS SOSA,AEROLINEAS SOSA S.A.,HONDURAS
AUY,-,AUSA,AEROLINEAS URUGUAYAS,AEROLINEAS URUGUAYAS S.A.,URUGUAY
XAU,-,PEARL,AEROLINK UGANDA,AEROLINK UGANDA LIMITED,UGANDA
BOX,-,GERMAN CARGO,AEROLOGIC,"AEROLOGIC GMBH, LEIPZIG",GERMANY
LDL,-,-,AEROLOGIC,AEROLOGIC,RUSSIAN FEDERATION
ERM,-,EOMAAN,AEROMAAN,"AEROMAAN, S.A. DE C.V.",MEXICO
AGE,-,AEROMANAGE,AEROMANAGE,AEROMANAGE,LITHUANIA
GZR,-,GEZIRA,AEROMANAGEMENT GROUP,AEROMANAGEMENT GROUP,UNITED STATES OF AMERICA
TAO,VW,TRANS-AEROMAR,AEROMAR,"Transportes Aeromar, S.A. de C.V.",MEXICO
MSM,-,AEROMAS EXPRESS,AEROMAS,AEROMAS,URUGUAY
AXP,-,AEROMAX SPAIN,AEROMAX,"AEROMAX, S.L.",SPAIN
DIC,-,AEROMEDICA,AEROMEDICA,"AEROMEDICA, S.A. DE C.V.",MEXICO
OMG,-,OMEGA,AEROMEGA,AEROMEGA LTD,UNITED KINGDOM
ARS,-,METSERVICE,AEROMET SERVICIOS,AEROMET SERVICIOS LTDA.,CHILE
AMX,AM,AEROMEXICO,AEROMEXICO,"AEROVIAS DE MEXICO, S.A. DE C.V.",MEXICO
SLI,5D,COSTERA,AEROMEXICO CONNECT,"AEROLITORAL, S.A. DE C.V.",MEXICO
NKY,-,AEROMON,AEROMONKY,"AEROMONKY, S.A. DE C.V.",MEXICO
MUN,-,AEROMUNDO,AEROMUNDO EJECUTIVO,"AEROMUNDO EJECUTIVO, S.A. DE C.V.",MEXICO
ECL,-,AERO CASTELLANA,AERONAUTICA CASTELLANA,"AERONAUTICA CASTELLANA, S.L.",SPAIN
NEO,-,-,AERONAUTICA DEL PRINCIPADO,"AERONAUTICA DEL PRINCIPADO, S.L.",SPAIN
IAM,-,ITALIAN AIRFORCE,AERONAUTICA MILITARE ITALIANA,AERONAUTICA MILITARE ITALIANA,ITALY
EVR,-,DIANA,AERONAUTICAL ACADEMY OF EUROPE,"AERONAUTICAL ACADEMY OF EUROPE - ACADEMIA AERONAUTICA DE EVORA, S.A.",PORTUGAL
SUP,-,SUN SPEED,AERONAUTICAL CHARTERS,AERONAUTICAL CHARTERS INC.,UNITED STATES OF AMERICA
YFY,-,-,AERONAUTICAL FIXED STATION,AERONAUTICAL FIXED STATION,ICAO
YOY,-,-,AERONAUTICAL INFORMATION SERVICE UNIT,AERONAUTICAL INFORMATION SERVICE UNIT,ICAO
AET,-,AEROTHAI,AERONAUTICAL RADIO OF THAILAND,AERONAUTICAL RADIO OF THAILAND LTD,THAILAND
YSY,-,RADIO,AERONAUTICAL STATION,AERONAUTICAL STATION,ICAO
WEY,-,WEB ACADEMY,AERONAUTICAL WEB ACADEMY,AWA - AERONAUTICAL WEB ACADEMY,PORTUGAL
AME,-,AIRMIL,AERONAVE MILITAR ESPANOLA,AERONAVE MILITAR ESPANOLA. MINISTERIO DE DEFENSA,SPAIN
ENW,-,AERONOR,AERONAVES DEL NOROESTE,AERONAVES DEL NOROESTE,SPAIN
OLO,DC,VOLODO,AERONAVES DOMINICANAS,AERONAVES DOMINICANAS S.R.L,DOMINICAN REPUBLIC
GSF,-,AERO GESEF,AERONAVES EJECUTIVAS,"AERONAVES EJECUTIVAS GSF, S.A. DE C.V.",MEXICO
VTM,-,AERONAVES TSM,AERONAVES TSM,"AERONAVES TSM, S.A. DE C.V.",MEXICO
ARN,-,AERONEX,AERONEXUS CORPORATE,AERONEXUS CORPORATE PTY LTD,SOUTH AFRICA
GCF,-,AEROCARTO,AERONOR,AERONOR,SPAIN
ONO,-,NORAERO,AERONOR,"AERONOR, S.A. DE C.V.",MEXICO
AAU,-,+,AEROPA,AEROPA S.R.L.,ITALY
RPC,-,AEROPACSA,AEROPACSA,AEROLINEAS DEL PACIFICO - AEROPACSA,ECUADOR
PNM,-,PANAMERICANO,AEROPANAMERICANO,AEROPANAMERICANO C.A.,VENEZUELA
APY,-,-,AEROPAPA,"AEROPAPA, S.L.",SPAIN
APS,-,AEROPARADISE,AEROPARADISE,"AEROPARADISE, S.A. DE C.V.",MEXICO
DFC,-,DARK BLUE,AEROPARTNER,AEROPARTNER A.S.,CZECHIA
APM,-,RED FINN,AEROPOLE,AEROPOLE OY,FINLAND
ALV,-,AEROPOSTAL,AEROPOSTAL ALAS DE VENEZUELA,AEROPOSTAL ALAS DE VENEZUELA,VENEZUELA
MOP,-,PUBLICITARIA,AEROPUBLICITARIA DE ANGOLA,"APA - AEROPUBLICITARIA DE ANGOLA, LDA",ANGOLA
PYC,-,AEROPYCSA,AEROPYCSA,"AEROPYCSA, S.A. DE C.V.",MEXICO
EAP,-,AERO-PYRENEES,AERO-PYRENEES,AERO-PYRENEES,FRANCE
REY,-,AEROREY,AERO-REY,"AERO-REY, S.A. DE C.V.",MEXICO
AFC,-,AERORUTAS,AERORUTAS DEL SUR,AERORUTAS DEL SUR C.A.,VENEZUELA
AOS,-,AEROS,AEROS FLIGHT TRAINING,AEROS LTD (T/A AEROS FLIGHT TRAINING),UNITED KINGDOM
SBH,-,AEROSAAB,AEROSAAB,"AEROSAAB, S.A. DE C.V.",MEXICO
FIC,-,AEROSAFIN,AEROSAFIN,"AEROSAFIN, S.A. DE C.V.",MEXICO
OSN,-,AEROSAN,AEROSAN,"AEROSAN, S.A. DE C.V.",MEXICO
ERK,-,AEROSEC,AEROSEC,AEROSEC,CHILE
SGV,-,SEGOVIA,AEROSEGOVIA,"AEROSEGOVIA, S.A.",NICARAGUA
RSR,-,CONGOSERV,AEROSERVICE,AEROSERVICE,CONGO
PSE,-,SIPSE,AEROSERVICIO SIPSE,"AEROSERVICIO SIPSE, S.A. DE C.V.",MEXICO
CDF,-,SERVICIO AEREO,AEROSERVICIOS AOV,"AEROSERVICIOS AOV, S.A. DE C.V.",MEXICO
VEA,-,AEROAVILA,AEROSERVICIOS AVILA,"AEROSERVICIOS AVILA, C.A.",VENEZUELA
AEC,-,-,AEROSERVICIOS DE ALMERIA 2000,"AEROSERVICIOS DE ALMERIA 2000, S.L.",SPAIN
TAA,-,AERO COSTA,AEROSERVICIOS DE LA COSTA,"AEROSERVICIOS DE LA COSTA, S.A. DE C.V.",MEXICO
NUL,-,SERVICIOS NUEVOLEON,AEROSERVICIOS DE NUEVO LEON,"AEROSERVICIOS DE NUEVO LEON, S.A. DE C.V.",MEXICO
TEG,-,SERVITLAL,AEROSERVICIOS DE TLALTENANGO,"AEROSERVICIOS DE TLALTENANGO, S.A. DE C.V.",MEXICO
DMI,-,AERODINAMICO,AEROSERVICIOS DINAMICOS,"AEROSERVICIOS DINAMICOS, S.A. DE C.V.",MEXICO
EJP,-,EJECORPORATIVOS,AEROSERVICIOS EJECUTIVOS CORPORATIVOS,"AEROSERVICIOS EJECUTIVOS CORPORATIVOS, S.A. DE C.V.",MEXICO
FEE,-,FARES,AEROSERVICIOS FARES,AEROSERVICIOS FARES C.A.,VENEZUELA
RJS,-,ASERJET,AEROSERVICIOS JET,"AEROSERVICIOS JET, S.A. DE C.V.",MEXICO
KTO,-,KRATOS,AEROSERVICIOS KRATOS,AEROSERVICIOS KRATOS SA DE CV,MEXICO
LFA,-,BUCKY,AEROSIM ACADEMY,AEROSIM ACADEMY INC.,UNITED STATES OF AMERICA
AKQ,-,MOONLIGHT,AEROSPACE CONSORTIUM,AEROSPACE CONSORTIUM LTD,KENYA
AES,-,GEMINA,AEROSPACE ENGINEERING SERVICES,AEROSPACE ENGINEERING SERVICES,MALTA
SQU,-,REMUDO,AEROSPATIALLE,AEROSPATIALLE,UNITED STATES OF AMERICA
AFM,-,EPIC AIR,AEROSPEED,AEROSPEED FORMATION ET MAINTENANCE,FRANCE
BSC,KW,BIG SHOT,AEROSTAN,AEROSTAN,KYRGYZSTAN
KRE,-,AEROSUCRE,AEROSUCRE,AEROSUCRE S.A.,COLOMBIA
SYT,-,SKYTRACK,AEROSUD AVIATION,AEROSUD AVIATION,SOUTH AFRICA
ASO,-,AEROSUL,AEROSUL TAXI AEREO,AEROSUL TAXI AEREO LTDA,BRAZIL
ASU,-,ASUR,AEROSUR,COMPANIA AEREA DEL SUR S.A. (AEROSUR S.A.),URUGUAY
RSU,-,AEROSUR,AEROSUR,"AEROSUR, COMPANIA BOLIVIANA DE TRANSPORTE AEREO PRIVADO S.A.",BOLIVIA
ITE,-,AEROTAXI,AEROTAXI,AEROTAXI S.R.O.,CZECHIA
TLN,-,AERO ATLA,AEROTAXI ATLANTICO,"AEROTAXI ATLANTICO, S.A. DE C.V.",MEXICO
ATK,-,AEROTACA,AEROTAXI CASANARE,AEROTAXI CASANARE LTDA.,COLOMBIA
CBO,-,TAXI CABO,AEROTAXI DEL CABO,"AEROTAXI DEL CABO, S.A. DE C.V.",MEXICO
DCA,-,DELCARIBE,AEROTAXI DEL CARIBE,"AEROTAXI DEL CARIBE, S. DE R.L. DE C.V.",MEXICO
DVZ,-,AEROTAXI DVZ,AEROTAXI DVZ,"AEROTAXI DVZ, S.A. DE C.V.",MEXICO
GTP,-,GRUPOTAMPICO,AEROTAXI GRUPO TAMPICO,"AEROTAXI GRUPO TAMPICO, S. A. DE C.V.",MEXICO
VAD,-,VALLES,AEROTAXI LOS VALLES,"AEROTAXI LOS VALLES, S.L.",SPAIN
MXO,-,MEXAERO,AEROTAXI MEXICANO,"AEROTAXI MEXICANO, S.A. DE C.V.",MEXICO
VRI,-,VILLARICA,AEROTAXI VILLA RICA,"AEROTAXI VILLA RICA, S.A. DE C.V.",MEXICO
TXF,-,ALFE,AEROTAXIS ALFE,"AEROTAXIS ALFE, S.A. DE C.V.",MEXICO
BHC,-,BAHIA,AEROTAXIS DE LA BAHIA,"AEROTAXIS DE LA BAHIA, S.A. DE C.V.",MEXICO
RYJ,-,RYJET,AEROTAXIS DEL MEDITERRANEO,AEROTAXIS DEL MEDITERRANEO S.L.,SPAIN
TXD,-,TAXI OESTE,AEROTAXIS DEL NOROESTE,"AEROTAXIS DEL NOROESTE, S.A. DE C.V.",MEXICO
MTB,-,AEROMETROPOLIS,AEROTAXIS METROPOLITANOS,"AEROTAXIS METROPOLITANOS, S.A. DE C.V.",MEXICO
PSO,-,AEROPEGASO,AEROTAXIS PEGASO,"AEROTAXIS PEGASO, S.A. DE C.V.",MEXICO
ERA,-,ROCAN,AEROTAXIS TUCAN,"AEROTAXIS TUCAN, S.A. DE C.V.",MEXICO
AEP,-,AEROTEC,AEROTEC,AEROTEC,SPAIN
TEK,-,ATECH,AERO-TECH SERVICES,AERO-TECH SERVICES,UNITED STATES OF AMERICA
DUG,-,ATSAVEN,AEROTECNICA,AEROTECNICA S.A.,VENEZUELA
AJQ,-,PANAJET,AEROTECNICA JET SERVICES,"AEROTECNICA JET SERVICES, INC.",PANAMA
ATU,-,BERLIN SKY,AEROTOURS,AEROTOURS,GERMANY
RVG,-,AERO VINA,AEROTOURS LA VINA,"AEROTOURS LA VINA, S.A. DE C.V.",MEXICO
CDU,-,-,AEROTRANS,"AEROTRANS, JOINT-STOCK COMPANY",RUSSIAN FEDERATION
ATG,-,MOLDCARGO,AEROTRANSCARGO,AEROTRANSCARGO,MOLDOVA
TCO,-,TRANSCOLOMBIA,AEROTRANSCOLOMBIANA DE CARGA,AEROTRANSCOLOMBIANA DE CARGA LTDA.,COLOMBIA
ANM,-,NORAM,AEROTRANSPORTACION DE NORTEAMERICA,"AEROTRANSPORTACION DE NORTEAMERICA, S.A. DE C.V.",MEXICO
LLE,-,CONVALLES,AEROTRANSPORTE CONVALLES,AEROTRANSPORTE CONVALLES,VENEZUELA
TNO,-,AEROUNION,AEROTRANSPORTE DE CARGA UNION,"AEROTRANSPORTE DE CARGA UNION, S.A. DE C.V.",MEXICO
PET,-,AEROPETRO,AEROTRANSPORTE PETROLERO,AEROTRANSPORTE PETROLERO LTDA.,COLOMBIA
CRP,-,AEROTRANSCORP,AEROTRANSPORTES CORPORATIVOS,"AEROTRANSPORTES CORPORATIVOS, S.A. DE C.V.",MEXICO
HUT,-,AEROHUITZILIN,AEROTRANSPORTES HUITZILIN,"AEROTRANSPORTES HUITZILIN, S.A. DE C.V.",MEXICO
RRE,-,AERO TORREON,AEROTRANSPORTES INTERNACIONALES DE TORREON,"AEROTRANSPORTES INTERNACIONALES DE TORREON, S.A. DE C.V.",MEXICO
RFD,-,RAFILHER,AEROTRANSPORTES RAFILHER,"AEROTRANSPORTES RAFILHER, S.A. DE C.V.",MEXICO
ETZ,-,AERO ZODIAC,AEROTRANSPORTES ZODIAC,"AEROTRANSPORTES ZODIAC, S.A. DE C.V.",MEXICO
OTS,-,TRESALIA,AEROTRESALIA,"AEROTRESALIA, S.A. DE C.V.",MEXICO
RTU,-,AEROTUCAN,AEROTUCAN,"AEROTUCAN, S.A. DE C.V.",MEXICO
AVY,-,AEROVARADERO,AEROVARADERO,"AEROVARADERO, S.A.",CUBA
VNS,-,AEROVENA,AEROVENA,"AEROVENA, S.A. DE C.V.",MEXICO
AEV,-,AEROVENTAS,AEROVENTAS,"AEROVENTAS, S.A.",MEXICO
CLL,-,AEROCASTILLO,AEROVIAS CASTILLO,"AEROVIAS CASTILLO, S.A.",MEXICO
DAP,-,DAP,AEROVIAS DAP,AEROVIAS DAP,CHILE
OVC,-,+,AEROVIC,"AEROVIC, C.A.",ECUADOR
VVG,-,AEROVILLA,AEROVILLA,AEROVILLA LTDA.,COLOMBIA
VIZ,-,AEROVIZ,AEROVIS AIRLINES,AEROVIS AIRLINES LTD,UKRAINE
VRO,-,AEROVITRO,AEROVITRO,"AEROVITRO, S.A. DE C.V.",MEXICO
VUO,-,AEROVUELOX,AEROVUELOX,"AEROVUELOX, S.A. DE C.V.",MEXICO
MCK,-,MAVERICK,AEROWAYS,AEROWAYS,GERMANY
AWH,-,AEROWEST,AEROWEST,AEROWEST GMBH,GERMANY
OWI,-,AEROWIN,AEROWIN,"AEROWIN, SA DE CV",MEXICO
AWP,-,-,AEROWORLD PAKISTAN,AEROWORLD PAKISTAN PRIVATE LTD,PAKISTAN
RXT,-,AERO-EXTRA,AEROXTRA,"AEROXTRA, S.A. DE C.V.",MEXICO
DIR,-,DIREKT WINGS,AERRO DIREKT,AERRO DIREKT,ROMANIA
FAN,-,FANBIRD,AF-AIR INTERNATIONAL,AF-AIR INTERNATIONAL,ANGOLA
AFF,-,AIRFERRY,AF-AVIATION,AF-AVIATION LTD,UNITED KINGDOM
AJA,-,AFGHAN JET,AFGHAN JET INTERNATIONAL AIRLINES,AFGHAN JET INTERNATIONAL AIRLINES,AFGHANISTAN
KIE,-,TWEETY,AFIT,"AFIT GMBH, PULLACH",GERMANY
EKG,-,+,AFRIC AVIATION,AFRIC AVIATION,GABON
FSK,-,AFRICAN SKY,AFRICA CHARTER AIRLINES,AFRICA CHARTER AIRLINES CC,SOUTH AFRICA
AFY,-,AFRICA CHARTERED,AFRICA CHARTERED SERVICES,AFRICA CHARTERED SERVICES,NIGERIA
AFW,AW,BLACKSTAR,AFRICA WORLD AIRLINES,AFRICA WORLD AIRLINES LIMITED (AWA),GHANA
AAW,-,AFRIQIYAH,AFRICAN AIRLINES CORPORATION,AFRICAN AIRLINES CORPORATION,LIBYA
AIK,-,AFRICAN AIRLINES,AFRICAN AIRLINES INTERNATIONAL,AFRICAN AIRLINES INTERNATIONAL LIMITED,KENYA
JAY,-,AFRICA ALLIANCE,AFRICAN ALLIANCE AIRLINES,AFRICAN ALLIANCE AIRLINES,GAMBIA
AXK,-,EXPRESS JET,AFRICAN EXPRESS AIRWAYS,AFRICAN EXPRESS AIRWAYS,KENYA
AIN,-,FLY CARGO,AFRICAN INTERNATIONAL AIRWAYS,AFRICAN INTERNATIONAL AIRWAYS (PTY) LTD,SOUTH AFRICA
QSC,-,ZEBRA,AFRICAN SAFARI AIRWAYS,AFRICAN SAFARI AIRWAYS LTD.,KENYA
AFI,-,AFRICAWORLD,AFRICAONE,AFRICAONE,UGANDA
ACH,-,+,AFRICA'S CONNECTION,AFRICA'S CONNECTION STP,SAO TOME & PRINCIPE
ABS,J7,AFRIJET,AFRIJET,AFRIJET BUSINESS SERVICES (ABS),GABON
CIW,-,-,AFRIK AIRWAYS,AFRIK AIRWAYS,COTE D'IVOIRE
FRK,-,AFRIFAST,AFRIKA AVIATION HANDLERS,AFRIKA AVIATION HANDLERS LIMITED,KENYA
FRQ,-,CHARTER AFRIQUE,AFRIQUE CHART AIR,AFRIQUE CHART AIR,CAMEROON
AOR,-,INTER-AFRO,AFRO INTERNATIONAL,AFRO INTERNATIONAL ENT. LIMITED,NIGERIA
FSE,-,FALCO,AFS ALPINE FLIGHTSERVICE,AFS ALPINE FLIGHTSERVICE GMBH,AUSTRIA
YFA,-,-,AFTN COMMUNICATIONS CENTRE,AFTN COMMUNICATIONS CENTRE,ICAO
FAR,-,TORRO,AG-RAUM,"AG-RAUM GMBH, WARNGAU",GERMANY
AGD,-,-,AGRICOLAIR,"AGRICOLAIR, S.L.",SPAIN
GRR,-,AGROAR,AGROAR,AGROAR - TRABALHOS AEREOS LDA.,PORTUGAL
NEG,-,AGUAS NEGRAS,AGUAS NEGRAS,LINEA AEREA DE FUMIG. AGUAS NEGRAS S.A.,CHILE
STE,-,STEAMLINE,AGULHAS 359,FLY FAMG T/A AGULHAS 360,SOUTH AFRICA
AHS,-,HIGH SKY,AHS AIR INTERNATIONAL,AHS AIR INTERNATIONAL (PVT) LTD,PAKISTAN
AVQ,-,AVIC,AIFA,AVIC - INTERNATIONAL FLIGHT TRAINING ACADEMY (AIFA),SOUTH AFRICA
AAF,ZI,AIGLE AZUR,AIGLE AZUR,AIGLE AZUR,FRANCE
AAM,-,AIM AIR,AIM AIR,AIM AIR,MOLDOVA
AIF,-,-,AIM AVIATION,AIM AVIATION,ISRAEL
RTY,-,AIMS COLLEGE,AIMS COMMUNITY COLLEGE,AIMS COMMUNITY COLLEGE,UNITED STATES OF AMERICA
INA,-,AVICENNA,AIR 1,AIR1AIR,IRAN
RUF,-,ROUGH RIDER,AIR 1ST AVIATION,"AIR 1ST AVIATION COMPANIES OF OKLAHOMA, INC. (TULSA, OK)",UNITED STATES OF AMERICA
FGB,-,KITEBIRD,AIR 65,AIR 65,FRANCE
RDM,-,AIR ADA,AIR ADA,AIR ADA,MAURITANIA
AFH,-,AIR AFGHANISTAN,AIR AFGHANISTAN INTERNATIONAL,AIR AFGHANISTAN INTERNATIONAL,AFGHANISTAN
GEM,-,-,AIR AFRICA INTERNATIONAL,AIR AFRICA INTERNATIONAL LTD,TANZANIA
ABN,ZB,AIR ALBANIA,AIR ALBANIA,AIR ALBANIA SHPK,ALBANIA
WBA,-,ALBAJET,AIR ALBATROS,AIR ALBATROS,FRANCE
AHB,-,ALHAMBRA,AIR ALBORAN,AIR ALBORAN S.L.,SPAIN
PUF,-,PUFFIN,AIR ALDERNY,AIR ALDERNY,UNITED KINGDOM
DAH,AH,AIR ALGERIE,AIR ALGERIE,AIR ALGERIE SPA,ALGERIA
RLZ,-,ALIZE,AIR ALIZE,AIR ALIZE,FRANCE
AYY,-,LUPUS,AIR ALLIANCE EXPRESS,"AIR ALLIANCE EXPRESS AG & CO. KG, BURBACH",GERMANY
DBA,-,DOUBLE-A,AIR ALPHA,"AIR ALPHA, INC. (CINCINNATI, OH)",UNITED STATES OF AMERICA
MMD,6I,MERMAID,AIR ALSIE,AIR ALSIE A/S,DENMARK
HLE,-,HELIMED,AIR AMBULANCE,UK HEMS,UNITED KINGDOM
RMD,-,AIR AMDER,AIR AMDER,AIR AMDER SA,MAURITANIA
AMI,-,AIRMEK,AIR AMERICA,"AIR AMERICA, INC. (CAROLINA, PR)",UNITED STATES OF AMERICA
AMR,-,AIR AM,AIR AMERICA,"AIR SPECIALTIES CORPORATION D/B/A/ AIR AMERICA/TOTAL AIR (LOS ANGELES, CA)",UNITED STATES OF AMERICA
TAH,-,AIR ANKA,AIR ANKA AIRLINES,AIR ANKA AIRLINES INC.- AIR ANKA HAVA YOLLARI A.S.,TURKEY
ATW,-,DEVIL,AIR ANTWERP,AIR ANTWERP,BELGIUM
ABY,G9,ARABIA,AIR ARABIA,AIR ARABIA,UNITED ARAB EMIRATES
ADY,-,NAWRAS,AIR ARABIA ABU DHABI,AIR ARABIA ABU DHABI,UNITED ARAB EMIRATES
RBG,-,ARABIA EGYPT,AIR ARABIA EGYPT,AIR ARABIA EGYPT,EGYPT
ALL,-,ARABIA AVIA,AIR ARABIA FOR AIR TRANSPORT,AIR ARABIA FOR AIR TRANSPORT,LIBYA
JAD,-,ARABIA JORDAN,AIR ARABIA JORDAN,AIR ARABIA JORDAN,JORDAN
MAC,-,ARABIA MAROC,AIR ARABIA MAROC,AIR ARABIA MAROC,MOROCCO
RHL,-,ARCHIPELS,AIR ARCHIPELS,AIR ARCHIPELS,FRANCE
IDX,-,RED PHOENIX,AIR ASIA EXTRA,PT. INDONESIA AIR ASIA EXTRA,INDONESIA
KZR,KC,ASTANALINE,AIR ASTANA,AIR ASTANA,KAZAKHSTAN
-,CT,-,AIR ATLANTA EUROPE,AIR ATLANTA EUROPE,MALTA
AAE,CT,EURO VIKING,AIR ATLANTA EUROPE,AIR ATLANTA EUROPE LTD,MALTA
ABD,CC,ATLANTA,AIR ATLANTA ICELANDIC,AIR ATLANTA ICELANDIC,ICELAND
ANI,-,NIGALANTIC,AIR ATLANTIC,AIR ATLANTIC (NIG) LIMITED,NIGERIA
AUM,-,ATLAMUR,AIR ATLANTIC URUGUAY,AIR ATLANTIC URUGUAY S.A.,URUGUAY
MGT,-,MIGHTYVAN,AIR ATTACK TECHNOLOGIES,AIR ATTACK TECHNOLOGIES,FRANCE
AAI,-,BOREALIS,AIR AURORA,"AIR AURORA, INC. (SUGAR GROVE, IL)",UNITED STATES OF AMERICA
REU,UU,REUNION,AIR AUSTRAL,AIR AUSTRAL,FRANCE
JAB,-,AIR BAGAN,AIR BAGAN,AIR BAGAN LIMITED,MYANMAR
BTI,BT,AIR BALTIC,AIR BALTIC,AIR BALTIC CORPORATION SIA,LATVIA
ABB,KF,AIR BELGIUM,AIR BELGIUM,AIR BELGIUM SA,BELGIUM
TCN,-,NAUTILUS,AIR BERLIN AVIATION,AIR BERLIN AVIATION,GERMANY
BSA,-,BISSAU INTERNATIONAL,AIR BISSAU INTERNATIONAL,AIR BISSAU INTERNATIONAL LDA,GUINEA-BISSAU
BOH,-,BOHEMIA,AIR BOHEMIA,AIR BOHEMIA A.S.,CZECHIA
LBR,-,NORTHLIGHT,AIR BOREALIS,AIR BOREALIS,CANADA
BOT,BP,BOTSWANA,AIR BOTSWANA,"AIR BOTSWANA (PTY.), LTD.",BOTSWANA
BSL,-,AIRBRASIL,AIR BRASIL LINHAS AEREAS,AIR BRASIL LINHAS AEREAS LTDA,BRAZIL
BRF,-,AIR BRAVO,AIR BRAVO,AIR BRAVO,UGANDA
BUR,-,AIR BUCHAREST,AIR BUCHAREST,S.C. AIR BUCHAREST TRANSPORT AERIAN S.R.L.,ROMANIA
VBW,2J,BURKINA,AIR BURKINA,AIR BURKINA,BURKINA FASO
ABL,-,AIR BUSAN,AIR BUSAN,"AIR BUSAN CO., LTD",REPUBLIC OF KOREA
MSC,SM,AIR CAIRO,AIR CAIRO,AIR CAIRO,EGYPT
TPC,TY,AIRCAL,AIR CALEDONIE,SOCIETE CALEDONINNE DE TRANSPORTS AERIENS,NEW CALEDONIE
ACA,AC,AIR CANADA,AIR CANADA,AIR CANADA,CANADA
ROU,RV,ROUGE,AIR CANADA ROUGE,AIR CANADA ROUGE,CANADA
RCM,-,CANNES AZUR,AIR CANNES MEDITERRANEE,AIR CANNES MEDITERRANEE,FRANCE
FWI,TX,FRENCH WEST,AIR CARAIBES,AIR CARAIBES,GUADELOUPE
CAJ,-,CAR LINE,AIR CARAIBES ATLANTIQUE,AIR CARAIBES ATLANTIQUE,FRANCE
CMF,-,COMPASSION,AIR CARE ALLIANCE,"AIR CARE ALLIANCE (STORRS, CT)",UNITED STATES OF AMERICA
SNC,-,NIGHT CARGO,AIR CARGO CARRIERS,"AIR CARGO CARRIERS, INC. (MILWAUKEE, WI)",UNITED STATES OF AMERICA
GRI,-,-,AIR CARGO CENTER,AIR CARGO CENTER,SAO TOME AND PRINCIPE
TDG,-,TURBO DOG,AIR CARGO EXPRESS,"AIR CARGO EXPRESS, INC. (LITTLE ROCK, AR)",UNITED STATES OF AMERICA
CCC,-,GLOBAL CARGO,AIR CARGO GLOBAL,"AIR CARGO GLOBAL, S.R.O.",SLOVAKIA
RNR,-,RUNNER,AIR CARGO MASTERS,"AIR CARGO MASTERS, INC. (SIOUX FALLS, SD)",UNITED STATES OF AMERICA
MGC,-,MONGOLIA CARGO,AIR CARGO MONGOLIA,AIR CARGO MONGOLIA,MONGOLIA
ACU,-,AFRISPIRIT,AIR CARGO TRANSPORTATION SYSTEM,AIR CARGO TRANSPORTATION SYSTEM LIMITED,KENYA
ACV,-,CARNAIR,AIR CARNIVAL,"AIR CARNIVAL PVT. LIMITED (COIMBATORE, INDIA)",INDIA
RFX,-,REFLEX,AIR CARRIERS,"J P HUNT, INC., AIR CARRIERS (GENTRY, AR)",UNITED STATES OF AMERICA
RCI,-,AIR CASSAI,AIR CASSAI,AIR CASSAI LDA.,ANGOLA
RAP,-,RAPTOR,AIR CENTER HELICOPTERS,"AIR CENTER HELICOPTERS, INC. (FORT WORTH, TX)",UNITED STATES OF AMERICA
CEY,-,CENTURYFLIGHT,AIR CENTURY,"AIR CENTURY, S.A.",DOMINICAN REPUBLIC
CGN,9H,CHANG AN,AIR CHANGAN,"AIR CHANGAN CO., LTD.",CHINA
NGF,-,ANGEL FLIGHT,AIR CHARITY NETWORK,"AIR CHARITY NETWORK (VIRGINIA BEACH, VA)",UNITED STATES OF AMERICA
AGR,-,ACE EUROPE,AIR CHARTER EUROPE,ASL BV,NETHERLANDS
BNJ,-,JET BELGIUM,AIR CHARTER EUROPE,ASL,BELGIUM
CHV,-,CHARTAIR,AIR CHARTER PROFESSIONALS,"AIR CHARTER PROFESSIONALS, INC. (OPA LOCKA, FL)",UNITED STATES OF AMERICA
EDC,-,SALTIRE,AIR CHARTER SCOTLAND,AIR CHARTER SCOTLAND LTD,UNITED KINGDOM
SCO,-,BRAVEHEART,AIR CHARTER SCOTLAND,AIR CHARTER SCOTLAND EUROPE LTD,MALTA
XAC,-,-,AIR CHARTER WORLD,"AIR CHARTER WORLD (CORRALES, NM)",UNITED STATES OF AMERICA
CCA,CA,AIR CHINA,AIR CHINA,AIR CHINA,CHINA
CAO,CA*,AIRCHINA FREIGHT,AIR CHINA CARGO,"AIR CHINA CARGO CO., LTD",CHINA
CNM,-,MENGYUAN,AIR CHINA INNER MONGOLIA,"AIR CHINA INNER MONGOLIA CO., LTD.",CHINA
ACO,-,WEBER,AIR CHOICE ONE,"AIR CHOICE ONE (ST. LOUIS, MO)",UNITED STATES OF AMERICA
QCL,-,ACLA,AIR CLASS,AEROVIP S.A. (AIR CLASS),URUGUAY
RJR,-,MELITA,AIR CM GLOBAL,AIR CM GLOBAL LTD.,MALTA
CBS,-,AIR COLUMBUS,AIR COLUMBUS,AIR COLUMBUS,UKRAINE
MPD,-,RED COMET,AIR COMET,AIR COMET,SPAIN
MOM,-,RUSALT,AIR COMPANY ALTAIR,AIR COMPANY ALTAIR LIMITED LIABILITY COMPANY,RUSSIAN FEDERATION
KAS,-,PEGAS,AIR COMPANY CAAS,AIR COMPANY CAAS,KYRGYZSTAN
KON,-,AIR CONNECT,AIR CONNECT,AIR CONNECT AVIATION GROUP,ROMANIA
CNU,-,AIR CONSUL,AIR CONSUL,AIR CONSUL,SPAIN
ACB,-,AIRCONTI,AIR CONTINENTAL AFRICA,AIR CONTINENTAL AFRICA,GABON
CPV,-,AIRCORPORATE,AIR CORPORATE,AIR CORPORATE S.R.L.,ITALY
CRD,-,AIR CORRIDOR,AIR CORRIDOR,AIR CORRIDOR,MOZAMBIQUE
CCM,XK,CORSICA,AIR CORSICA,COMPAGNIE AERIENNE CORSE MEDITERRANEE S.A.E.M.,FRANCE
LEP,-,LECOSTA,AIR COSTA,LEPL PROJECT LIMITED (AIR COSTA),INDIA
RII,-,TICA,AIR COSTA RICA,"TICA AIR INTERNATIONAL, S.A. (AIR COSTA RICA)",COSTA RICA
VRE,HF,COTE D'IVOIRE,AIR COTE D' IVOIRE,AIR COTE D' IVOIRE,COTE D'IVOIRE
CRQ,-,CREE,AIR CREEBEC,AIR CREEBEC,CANADA
CRJ,-,AIR CRUZAL,AIR CRUZAL,AIR CRUZAL,ANGOLA
AFS,-,-,AIR DATA,AIR DATA LTD,UNITED KINGDOM
HAD,-,HAITI AVIA,AIR D'AYITI,HAITI AVIATION S.A. D/B/A AIR D'AYITI,HAITI
DKN,-,AIR DECCAN,AIR DECCAN,AIR DECCAN,INDIA
NGT,-,NIKA,AIR DILIJANS,AIRCOMPANY ARMENIA,ARMENIA
UCK,-,GALETA,AIR DIVISION OF THE EASTERN KAZAKHSTAN REGION,"AIR DIVISION OF THE EASTERN KAZAKHSTAN REGION, MUNICIPAL STATE ENTERPRISE",KAZAKHSTAN
DLA,EN,DOLOMITI,AIR DOLOMITI,AIR DOLOMITI S.P.A.,ITALY
RDO,-,AIRDOM,AIR DOMINICANA,AIR DOMINICANA,DOMINICAN REPUBLIC
ADM,-,DREAM COLLEGE,AIR DREAM COLLEGE,AIR DREAM COLLEGE,PORTUGAL
EGA,-,AIR EAGLE,AIR EAGLE,AIR EAGLE,PAKISTAN
ERD,-,AIR EMERALDS,AIR EMERALDS,AIR EMERALDS D.O.O.,SERBIA
BLT,-,BLUE TIE,AIR ET COMPAGNIE,AIR ET COMPAGNIE,FRANCE
AEA,UX,EUROPA,AIR EUROPA,AIR EUROPA LINEAS AEREAS,SPAIN
OVA,X5,AERONOVA,AIR EUROPA EXPRESS,"AERONOVA, S.L.U.",SPAIN
XLL,-,TINGA-TINGA,AIR EXCEL,AIR EXCEL,TANZANIA
AXD,-,AIR SUDEX,AIR EXPRESS,AIR EXPRESS,SUDAN
DAD,-,DEWAN EXPRESS,AIR EXPRESS,AIR EXPRESS (PVT) LTD,PAKISTAN
FPK,-,FEATHER,AIR FALCON,AIR FALCON (PVT) LIMITED,PAKISTAN
WAF,-,FLAMENCO,AIR FLAMENCO,AIR FLAMENCO,UNITED STATES OF AMERICA
LBF,-,LIBYAN AIRFORCE,AIR FORCE OF LIBYA,AIR FORCE OF LIBYA,LIBYA
AFR,AF,AIRFRANS,AIR FRANCE,AIR FRANCE,FRANCE
TFR,-,TOLL FREIGHT,AIR FREIGHT,AIR FREIGHT NZ LTD,NEW ZEALAND
FMT,-,-,AIR FRET DE MAURITANIE,AIR FRET DE MAURITANIE,MAURITANIA
GLL,-,TWINS,AIR GEMINI,"AIR GEMINI, LDA",ANGOLA
GHN,-,AIR GHANA,AIR GHANA,AIR GHANA,GHANA
AGV,-,AIR GLACIERS,AIR GLACIERS,AIR GLACIERS SA,SWITZERLAND
AGY,-,EGYPTIAN BIRD,AIR GO EGYPT,AIR GO EGYPT,EGYPT
GRL,GL,GREENLAND,AIR GREENLAND,AIR GREENLAND A/S,GREENLAND
CGH,GT,WELKIN,AIR GUILIN,"AIR GUILIN CO., LTD.",CHINA
GUY,-,GREEN BIRD,AIR GUYANE,AIR GUYANE SP.,FRANCE
HJA,-,AIRHAITI,AIR HAITI,AIR HAITI,HAITI
AHK,LD,AIR HONG KONG,AIR HONG KONG,AHK AIR HONG KONG LIMITED,HONG KONG
HAT,HT,SKY RUNNER,AIR HORIZONT,AIR HORIZONT LTD.,MALTA
FXI,NY,FAXI,AIR ICELAND CONNECT,FLUGFELAG ISLANDS EHF,ICELAND
IMS,-,IMAGES,AIR IMAGES,AIR IMAGES,UNITED KINGDOM
AIH,-,AIR INCHEON,AIR INCHEON,AIR INCHEON CO. LTD,REPUBLIC OF KOREA
DLY,-,DAILY,AIR INDEPENDENCE,"AIR INDEPENDENCE GMBH, MUENCHEN",GERMANY
AIC,AI,AIR INDIA,AIR INDIA,AIR INDIA LIMITED,INDIA
AXB,IX,EXPRESS INDIA,AIR INDIA EXPRESS,AIR INDIA EXPRESS,INDIA
MPK,-,-,AIR INDUS,AIR INDUS,PAKISTAN
ICM,-,INTER-CAMEROUN,AIR INTER CAMEROUN,AIR INTER CAMEROUN,CAMEROON
AIG,-,-,AIR INTER GABON,AIR INTER GABON,GABON
BGN,-,SKYBUDDY,AIR INTER TRANSPORT,"AIR INTER TRANSPORT CO., LTD.",THAILAND
NSK,-,INTERSALONIKA,AIR INTERSALONIKA,AIR INTERSALONIKA,GREECE
AIE,-,INUIT,AIR INUIT,AIR INUIT LTD,CANADA
ISS,-,AIR ITALY,AIR ITALY,AIR ITALY S.P.A.,ITALY
MQT,-,MUSKETEER,AIR ITM,AIR ITM,FRANCE
AJM,-,JAMAICA,AIR JAMAICA,AIR JAMAICA,JAMAICA
JMX,-,JAMAICA EXPRESS,AIR JAMAICA EXPRESS,AIR JAMAICA EXPRESS LIMITED,JAMAICA
AJX,NQ,AIR JAPAN,AIR JAPAN,"AIR JAPAN CO., LTD",JAPAN
AJU,-,AIRJETSUL,AIR JETSUL,AIR JETSUL,PORTUGAL
JIS,-,JUPAIR,AIR JUPITER,AIR JUPITER,NIGERIA
KBZ,-,JADE AIR,AIR KBZ,AIR KBZ LIMITED,MYANMAR
XAK,-,SUNEXPRESS,AIR KENYA EXPRESS,AIR KENYA EXPRESS LTD,KENYA
KWX,-,KAY DUB,AIR KEY WEST,FLORIDA AEROCHARTER INC. D/B/A AIR KEY WEST,UNITED STATES OF AMERICA
KGC,-,SALAM AIR,AIR KG,AIR KG,KYRGYZSTAN
AKL,-,AIR KIRIBATI,AIR KIRIBATI,AIR KIRIBATI LIMITED,KIRIBATI
KSI,-,KISSARI,AIR KISSARI,"AIR KISSARI, TRANSPORTE AEREO",ANGOLA
KLD,-,AIR KLAIPEDA,AIR KLAIPEDA,AIR KLAIPEDA,LITHUANIA
AKA,-,-,AIR KOREA,AIR KOREA CO. LTD.,REPUBLIC OF KOREA
KOR,JS,AIR KORYO,AIR KORYO,AIR KORYO,PDRC KOREA
LYN,-,ALTYN AVIA,AIR KYRGYZSTAN,AIR KYRGYZSTAN,KYRGYZSTAN
-,FL,-,AIR LEAP,AIR LEAD AVIATION AB,SWEDEN
ALD,-,AIR LEISURE,AIR LEISURE,AIR LEISURE,EGYPT
LSJ,-,LIAISON,AIR LIAISON,SKYJET MG INC.,CANADA
TLR,-,AIR LIBYA,AIR LIBYA TIBESTI,AIR LIBYA TIBESTI,LIBYA
IFI,-,HELLAS LIFT,AIR LIFT,AIR LIFT S.A.,GREECE
LJM,-,COOL RUNNINGS,AIR LINK,RUTAIR LIMITED D/B/A AIR LINK,JAMAICA
RLY,-,LOYAUTE,AIR LOYAUTE,AIR LOYAUTE,FRANCE
ALU,-,LUXORJET,AIR LUXOR,AIR LUXOR STP,SAO TOME AND PRINCIPE
AMU,NX,AIR MACAU,AIR MACAU,AIR MACAU,MACAO
AMH,-,MACRAN,AIR MACRAN,AIR MACRAN,IRAN
MDG,MD,AIR MADAGASCAR,AIR MADAGASCAR,"AIR MADAGASCAR, SOCIETE NATIONALE MALGACHE DE TRANSPORTS AERIENS",MADAGASCAR
MJP,-,AIR MAJORO,AIR MAJORO,AIR MAJORO S.A.,PERU
AML,-,MALAWI,AIR MALAWI,AIR MALAWI,MALAWI
AMC,KM,AIR MALTA,AIR MALTA,AIR MALTA PLC.,MALTA
DXT,-,DEXTER,AIR MANAGEMENT GROUP,"AIR MANAGEMENT GROUP, CJSC",RUSSIAN FEDERATION
MBB,M2,AIR MANAS,AIR MANAS,AIR MANAS,KYRGYZSTAN
AMY,-,AIR MANDALAY,AIR MANDALAY,AIR MANDALAY LIMITED,MYANMAR
MRY,-,AIR MARINE,AIR MARINE,AIR MARINE,FRANCE
CWM,-,AIR MARSHALLS,AIR MARSHALL ISLANDS,AIR MARSHALL ISLANDS,MARSHALL ISLANDS
RMX,-,AIR MASTER,AIR MASTER,AIRMASTER EGYPT,EGYPT
MRT,-,MIKE ROMEO,AIR MAURITANIE,AIR MAURITANIE,MAURITANIA
MAU,MK,AIR MAURITIUS,AIR MAURITIUS,AIR MAURITIUS LIMITED,MAURITIUS
AZX,-,AZIMA,AIR MAX AFRICA,AIR MAX AFRICA,GABON
MCD,-,AIR MED,AIR MEDICAL,AIR MEDICAL LTD,UNITED KINGDOM
MAR,-,HELLASMED,AIR MEDITERRANEAN,AIR MEDITERRANEAN S.A,GREECE
MKG,-,MEKONG,AIR MEKONG,AIR MEKONG (MEKONG AVIATION JOINT STOCK COMPANY),VIET NAM
MHS,-,AIR MEMPHIS,AIR MEMPHIS,AIR MEMPHIS,EGYPT
MHU,-,MEMPHIS UGANDA,AIR MEMPHIS UGANDA,AIR MEMPHIS UGANDA,UGANDA
AMD,-,MERCY WING,AIR MERCY SERVICE,SA RED CROSS AIR MERCY SERVICE,SOUTH AFRICA
MEF,-,EMPENNAGE,AIR MERIDIAN,AIR MERIDIAN LIMITED,NIGERIA
MTK,-,AIRMETACK,AIR METACK,"AIR METACK, LDA",ANGOLA
VTY,-,VICTORY,AIR MIDWEST,AIR MIDWEST LIMITED,NIGERIA
AMG,-,AIR MINAS,AIR MINAS LINHAS AEREAS,AIR MINAS LINHAS AEREAS LTDA.,BRAZIL
NTR,NM,NATIREVA,AIR MOANA,NATIREVA SAS,FRANCE
RCH,-,REACH,AIR MOBILITY COMMAND,"AIR MOBILITY COMMAND (AMC), UNITED STATES AIR FORCE",UNITED STATES OF AMERICA
MLD,9U,AIR MOLDOVA,AIR MOLDOVA,CA “AIR MOLDOVA” SRL,MOLDOVA
MLD,9U,AIR MOLDOVA,AIR MOLDOVA,CA â€œAIR MOLDOVAâ€ SRL,MOLDOVA
TRO,-,MOLOKAI,AIR MOLOKAI,"TROPIC AIRLINES-AIR MOLOKAI(HONOLULU, HI)",UNITED STATES OF AMERICA
AMN,-,MONTENEGRO,AIR MONTENEGRO,AIR MONTENEGRO,MONTENEGRO
AMT,-,AIR MOUNTAIN,AIR MOUNTAIN,AIR MOUNTAIN,SWITZERLAND
MUC,-,AIR MUNICH,AIR MUNICH,AIR MUNICH AVIATION AG,GERMANY
NMB,-,NAMIBIA,AIR NAMIBIA,AIR NAMIBIA (PTY) LTD,NAMIBIA
NPR,-,AIR NAPIER,AIR NAPIER,AIR NAPIER LIMITED,NEW ZEALAND
JPS,-,JETPLUS,AIR NATIONAL,AIR NATIONAL CORPORATE LTD,NEW ZEALAND
ANB,-,AIR NAV,AIR NAVIGATION AND TRADING,AIR NAVIGATION AND TRADING CO. LTD.,UNITED KINGDOM
CBA,-,CALIBRA,AIR NAVIGATION SERVICES OF THE CZECH REPUBLIC,AIR NAVIGATION SERVICES OF THE CZECH REPUBLIC,CZECHIA
NPL,-,AIR NEPAL,AIR NEPAL INTERNATIONAL,AIR NEPAL INTERNATIONAL,NEPAL
WDR,-,WIND RIDER,AIR NET PRIVATE CHARTER,"JETRIDE, INC. D/B/A AIR NET PRIVATE CHARTER (COLUMBUS, OH)",UNITED STATES OF AMERICA
ANZ,NZ,NEW ZEALAND,AIR NEW ZEALAND,AIR NEW ZEALAND LTD,NEW ZEALAND
AWN,-,AIR NIAMEY,AIR NIAMEY,AIR NIAMEY S.A.,NIGER
ANP,-,NICON FLIERS,AIR NIGERIA,AIR NIGERIA DEVELOPMENT LIMITED,NIGERIA
NGP,-,REGAL EAGLE,AIR NIGERIA,AIR NIGERIA PLC,NIGERIA
ANG,PX,NIUGINI,AIR NIUGINI,AIR NIUGINI LIMITED,PAPUA NEW GUINEA
ANT,-,AIR NORTH,AIR NORTH CHARTER,AIR NORTH CHARTER,CANADA
ANO,-,TOPEND,AIR NORTH REGIONAL,"CAPITEQ LIMITED, TRADING AS AIR NORTH REGIONAL",AUSTRALIA
ANE,YW,NOSTRU AIR,AIR NOSTRUM,"AIR NOSTRUM LINEAS AEREAS DEL MEDITERRANEO, S.A.",SPAIN
BFF,-,AIR BAFFIN,AIR NUNAVUT,AIR NUNAVUT,CANADA
AOA,-,AIR OCEAN,AIR OCEAN AIRLINES,AIR OCEAN AIRLINES LLC,UKRAINE
AOM,-,OCEAN MAROC,AIR OCEAN MAROC,AIR OCEAN MAROC,MOROCCO
PCK,-,AIRPACK EXPRESS,AIR PACK EXPRESS,AIR PACK EXPRESS S.A.,SPAIN
PLL,-,AIRPAL,AIR PAL,"AIR PAL, ESCUELA DE PILOTOS",SPAIN
PCS,-,AIR PALACE,AIR PALACE,"AIR PALACE, S.A. DE C.V.",MEXICO
PDI,-,COKI,AIR PARADISE,"AIR PARADISE (SAN JUAN, PR)",UNITED STATES OF AMERICA
SDE,-,STAMPEDE,AIR PARTNERS,AIR PARTNERS CORP.,CANADA
APK,4P,PEACE BIRD,AIR PEACE,AIR PEACE LIMITED,NIGERIA
PFU,-,PFUNWA,AIR PFUNWA,AIR PFUNWA,ZIMBABWE
APV,-,PHILIP AIR,AIR PHILIP,AIR PHILIP,REPUBLIC OF KOREA
PNK,-,AIR PINK,AIR PINK,AIR PINK,SERBIA
KAB,-,AIR POHANG,AIR POHANG,AIR POHANG,REPUBLIC OF KOREA
AEI,-,POLISH BIRD,AIR POLAND,AIR POLAND SP. Z.O.O.,POLAND
PRG,-,AIR PRAGUE,AIR PRAGUE ,AIR PRAGUE ,CZECHIA
APZ,-,AIR PREMIA,AIR PREMIA,AIR PREMIA,REPUBLIC OF KOREA
ARC,-,-,AIR ROUTING INTERNATIONAL,AIR ROUTING INTERNATIONAL LP,UNITED STATES OF AMERICA
SRI,-,AIRSAFARI,AIR SAFARIS AND SERVICES,AIR SAFARIS AND SERVICES (NZ) LTD,NEW ZEALAND
RSH,-,SAHARA,AIR SAHARA,AIR SAHARA,INDIA
SPM,-,+,AIR SAINT PIERRE,AIR SAINT PIERRE,FRANCE
SJN,-,SAN JUAN,AIR SAN JUAN,"CHARTAIR, INC. D/B/A AIR SAN JUAN (FRIDAY HARBOR, WA)",UNITED STATES OF AMERICA
EQL,-,EQUATORIAL,AIR SAO TOME AND PRINCIPE,AIR SAO TOME AND PRINCIPE,SAO TOME AND PRINCIPE
AIU,-,-,AIR SEGURA,AIR SEGURA S.L.,SPAIN
SZN,-,SENSA,AIR SENEGAL,AIR SENEGAL SA,SENEGAL
ASV,-,AIR SEOUL,AIR SEOUL,AIR SEOUL,REPUBLIC OF KOREA
ASL,JU,AIR SERBIA,AIR SERBIA,AIR SERBIA,SERBIA
RVS,-,-,AIR SERVICE,AIR SERVICE S.A.,GABON
RCX,-,SERVICE CENTER,AIR SERVICE CENTER,AIR SERVICE CENTER SRL,ITALY
ASC,-,-,AIR SERVICE MANAGEMENT,AIR SERVICE MANAGEMENT,SPAIN
SEY,HM,SEYCHELLES,AIR SEYCHELLES,AIR SEYCHELLES,SEYCHELLES
SIF,-,AIR SIAL,AIR SIAL,AIR SIAL LTD,PAKISTAN
SOE,-,AIR SOLEIL,AIR SOLEIL,"AIR SOLEIL, SOCIETE",MAURITANIA
ASX,-,AIRSPEC,AIR SPECIAL,AIR SPECIAL,CZECHIA
ASG,-,-,AIR SPEED CHARTER,AIR SPEED CHARTER (PVT) LTD,PAKISTAN
ASD,-,AIR SPHINX,AIR SPHINX,AIR SPHINX,EGYPT
ASB,-,AIR SPRAY,AIR SPRAY,AIR-SPRAY (1967) LTD.,CANADA
MSB,-,LONG,AIR STORK,AIR STORK,MOLDOVA
RSI,-,AIR SUNSHINE,AIR SUNSHINE,"AIR SUNSHINE INC (FT. LAUDERDALE, FL)",UNITED STATES OF AMERICA
CPU,-,-,AIR SUPPORT,AIR SUPPORT A/S,DENMARK
AIS,-,SURESTE,AIR SURESTE,AIR SURESTE,SPAIN
VTA,VT,AIR TAHITI,AIR TAHITI,AIR TAHITI,FRENCH POLYNESIA
THT,TN,TAHITI AIRLINES,AIR TAHITI NUI,AIR TAHITI NUI,FRENCH POLYNESIA
TOW,9L,TOWLINE,AIR TANKER,AIRTANKER SERVICES LTD,UNITED KINGDOM
ATC,TC,TANZANIA,AIR TANZANIA,AIR TANZANIA,TANZANIA
ATT,-,HANN,AIR TASHKENT,AIR TASHKENT,UZBEKISTAN
AIT,-,AIR TAURUS,AIR TAURUS,AIR TAURUS LLC,UKRAINE
FAT,-,AIR TAXI,AIR TAXI,AIR TAXI (AVIATION CONNECTIVITY AND INFRASTRUCTURE DEVELOPERS PVT. LTD.),INDIA
WAM,-,TAXI CARGO,AIR TAXI & CARGO,AIR TAXI & CARGO,SUDAN
IBJ,-,IBERTAXI,AIR TAXI & CHARTER INTERNATIONAL,"AIR TAXI & CHARTER INTERNATIONAL, S.L.",SPAIN
RTL,-,ROYAL BIRD,AIR THANLWIN,AIR THANLWIN LIMITED.,MYANMAR
TIN,8T,TINDI,AIR TINDI,AIR TINDI LTD.,CANADA
RWK,-,AIRAWAK,AIR TOURISME INSTRUCTION SERVICES,AIR TOURISME INSTRUCTION SERVICES,FRANCE
AOU,-,AIR TRACTOR,AIR TRACTOR,AIR TRACTOR D.O.O.,CROATIA
ZGZ,-,-,AIR TRAFFIC CONTROL (IN GENERAL),AIR TRAFFIC CONTROL (IN GENERAL),ICAO
ZDZ,-,-,AIR TRAFFIC FLOW CONTROL UNIT,AIR TRAFFIC FLOW CONTROL UNIT,ICAO
ZPZ,-,-,AIR TRAFFIC SERVICES REPORTING OFFICE,AIR TRAFFIC SERVICES REPORTING OFFICE,ICAO
TSC,TS,AIR TRANSAT,AIR TRANSAT,AIR TRANSAT A.T. INC.,CANADA
CVA,-,CHATHAM,AIR TRANSPORT,AIR TRANSPORT (CHATHAM ISLANDS) LTD,NEW ZEALAND
EAT,-,TRANS EUROPE,AIR TRANSPORT,"AIR TRANSPORT, LTD",SLOVAKIA
TTO,-,TRANSPORT TRANSIT,AIR TRANSPORT & TRANSIT REGIONAL,AIR TRANSPORT & TRANSIT REGIONAL,MADAGASCAR
ATA,-,-,AIR TRANSPORT ASSOCIATION OF AMERICA,"AIR TRANSPORT ASSOCIATION OF AMERICA (WASHINGTON, DC)",UNITED STATES OF AMERICA
IGL,-,ATISA,AIR TRANSPORT IGLESIAS,AIR TRANSPORT IGLESIAS S.A,VENEZUELA
ATN,8C,AIR TRANSPORT,AIR TRANSPORT INTERNATIONAL,"AIR TRANSPORT INTERNATIONAL (LITTLE ROCK, AR)",UNITED STATES OF AMERICA
TSQ,-,AIRTRA,AIR TRANSSEE,"AIR TRANSSE CO., LTD",JAPAN
OTC,-,AIR TRAVEL,AIR TRAVEL,AIR TRAVEL CO. LTD.,CHINA
AUX,-,+,AIR UGANDA INTERNATIONAL,AIR UGANDA INTERNATIONAL LTD,UGANDA
URG,-,URGA,AIR URGA,AIR URGA,UKRAINE
AVZ,-,AIR VALENCIA,AIR VALENCIA,"AIR VALENCIA, S.L.",SPAIN
AVN,NF,AIR VAN,AIR VANUATU,AIR VANUATU,VANUATU
FVA,-,AIR VIRGINIA,AIR VIRGINIA,"CARDINAL/AIR VIRGINIA (LYNCHBURG, VA)",UNITED STATES OF AMERICA
VLB,-,VOLTA,AIR VOLTA,AIR VOLTA LTD,BULGARIA
AWI,ZW,WISCONSIN,AIR WISCONSIN,"AIR WISCONSIN AIRLINES CORPORATION (APPLETON, WI)",UNITED STATES OF AMERICA
AXY,AX,LEGEND,AIR X ,AIR X CHARTER LTD,MALTA
AXG,-,FORTUNE,AIR X CHARTER,AIR X CHARTER GERMANY GMBH,GERMANY
ARX,-,AIREX,AIR XPRESS,"AIR XPRESS, INC, (GREENSBORO, NC)",UNITED STATES OF AMERICA
TZT,-,ZAMBEZI,AIR ZAMBEZI,AIR ZAMBEZI,ZIMBABWE
AZF,-,AIR ZERMATT,AIR ZERMATT,AIR ZERMATT AG,SWITZERLAND
AZW,-,AIR ZIMBABWE,AIR ZIMBABWE,AIR ZIMBABWE,ZIMBABWE
DCD,-,DUCARD,AIR26,AIR26 S.A.,ANGOLA
EOL,-,EOLE,AIRAILES,AIRAILES,FRANCE
NGO,-,AIR ANGOL,AIR-ANGOL,"AIR-ANGOL SOCIEDAD AERONAUTICA, LDA",ANGOLA
AXM,AK,RED CAP,AIRASIA,AIRASIA SDN BHD,MALAYSIA
IAD,I5,RED KNIGHT,AIRASIA INDIA,AIR ASIA (INDIA) LTD.,INDIA
WAJ,-,WING ASIA,AIRASIA JAPAN,"AIRASIA JAPAN CO., LTD.",JAPAN
XAX,D7,XANADU,AIRASIA X,AIRASIA X SDN BHD,MALAYSIA
ARB,-,AIRBAHN,AIRBAHN,AIRBAHN,UNITED STATES OF AMERICA
BZR,-,-,AIRBIZ AVIATION SERVICES WORLDWIDE,AIRBIZ AVIATION SERVICES WORLDWIDE,PAKISTAN
ABQ,PA,PAKBLUE,AIRBLUE,"AIRBLUE LIMITED, M/S.",PAKISTAN
ARZ,-,AIRBORNE,AIRBORNE IMAGING,AIRBORNE IMAGING,UNITED STATES OF AMERICA
MAB,-,MAPPING,AIRBORNE LIDAR MAPPING,AIRBORNE LIDAR MAPPING A/S,DENMARK
ABW,RU,AIRBRIDGE CARGO,AIRBRIDGECARGO,AIRBRIDGECARGO AIRLINES LTD,RUSSIAN FEDERATION
BKE,-,AIR BROCK,AIRBROCK MANAGEMENT & CHARTER SERVICES,"AIRBROCK MANAGEMENT & CHARTER SERVICES, INC.",UNITED STATES OF AMERICA
PBU,-,AIR-BURUNDI,AIR-BURUNDI,AIR-BURUNDI,BURUNDI
BCO,-,BELUGA CARGO,AIRBUS BELUGA TRANSPORT,AIRBUS BELUGA TRANSPORT,FRANCE
ABK,-,AIRBUS CANUCK,AIRBUS CANADA,AIRBUS CANADA LIMITED PARTNERSHIP,CANADA
RBU,-,CORVETTE,AIRBUS FRANCE,AIRBUS FRANCE,FRANCE
AIB,-,AIRBUS INDUSTRIE,AIRBUS INDUSTRIE,AIRBUS INDUSTRIE (OPERATIONS),FRANCE
BGA,-,BELOUGA,AIRBUS TRANSPORT INTERNATIONAL,AIRBUS TRANSPORT INTERNATIONAL (ATI),FRANCE
ACI,SB,AIRCALIN,AIRCALIN,AIR CALEDONIE INTERNATIONAL,FRANCE
MJS,-,JET SAVER,AIRCHARTERS WORLWIDE,"AIRCHARTERS WORLWIDE INC. (FT. LAUDERDALE, FL)",UNITED STATES OF AMERICA
ARQ,-,AIRCO,AIRCO AIRCRAFT CHARTERS,AIRCO AIRCRAFT CHARTERS LTD.,CANADA
BKL,-,BARCOL,AIRCOMPANY BARCOL,AIRCOMPANY BARCOL,RUSSIAN FEDERATION
GRX,-,GRODNO,AIRCOMPANY GRODNO,AIRCOMPANY GRODNO,BELARUS
YLY,-,-,AIRCRAFT ACCIDENT AUTHORITY,AIRCRAFT ACCIDENT AUTHORITY,ICAO
AOK,-,-,AIRCRAFT AVIATION SERVICES,AIRCRAFT AVIATION SERVICES,PAKISTAN
ZZZ,-,-,AIRCRAFT IN FLIGHT,AIRCRAFT IN FLIGHT,ICAO
ALW,-,-,AIRCRAFT LEASING SERVICES,AIRCRAFT LEASING SERVICES LIMITED,KENYA
RVJ,-,RIVERS JET,AIRCRAFT MANAGEMENT GROUP,"AIRCRAFT MANAGEMENT GROUP, INC. (MOON TOWNSHIP, PA)",UNITED STATES OF AMERICA
XLB,-,-,AIRCRAFT PERFORMANCE GROUP,"AIRCRAFT PERFORMANCE GROUP, INC. (CASTLE ROCK, CO)",UNITED STATES OF AMERICA
ACS,-,AIRCRAFT SALES,AIRCRAFT SALES AND SERVICES,AIRCRAFT SALES AND SERVICES (PVT) LTD,PAKISTAN
ATH,-,GLOBESTAR,AIRCRAFT SYSTEMS SOUTH AFRICA,AIRCRAFT SYSTEMS SOUTH AFRICA,SOUTH AFRICA
ADO,-,AIR DO,AIRDO,"AIRDO CO., LTD",JAPAN
ION,-,GORRION,AIRE AVIATION,AIRE AVIATION LTD,MALTA
EAJ,-,ENKA JET,AIRENKA,AIRENKA HAVA TAŞIMACILIĞI A.Ş,TURKEY
EAJ,-,ENKA JET,AIRENKA,AIRENKA HAVA TAÅžIMACILIÄžI A.Åž,TURKEY
AEN,-,-,AIREON CANADA,AIREON CANADA LTD.,CANADA
AEG,-,AIREST CARGO,AIREST,AS AIREST,ESTONIA
VAE,-,AIR-EVANS,AIR-EVAN'S,"AIR-EVAN'S, ESCUELA DE PILOTOS PRIVADOS",SPAIN
AXE,ED,GALILEO,AIREXPLORE,"AIREXPLORE, S.R.O.",SLOVAKIA
AFE,-,AIRFAST,AIRFAST INDONESIA,"AIRFAST INDONESIA, PT.",INDONESIA
AFX,-,-,AIRFREIGHT EXPRESS,AIRFREIGHT EXPRESS LIMITED,UNITED KINGDOM
AFD,-,-,AIRFUTURES,AIRFUTURES LIMITED,GHANA
XGO,-,PASTIS,AIRGO,AIRGO FLUGSERVICE GMBH & CO.KG,GERMANY
GJM,AH,AIRHUB,AIRHUB AIRLINES,AIRHUB AIRLINES LIMITED,MALTA
HRV,-,SAHARA-SERVICE,AIRINTER1,AIRINTER1,CHAD
HKH,-,HAWKHUNGARY,AIR-INVEST,AIR-INVEST LTD,HUNGARY
MBC,-,MABECO,AIRJET ANGOLA,"AIRJET EXPLORACAO AEREA DE CARGA, PASSAGEIROS ECORREIOS, LDA",ANGOLA
ARL,-,AIRLEC,AIRLEC AIR ESPACE,AIRLEC AIR ESPACE,FRANCE
ALI,-,BLUELIFT,AIRLIFT AS,AIRLIFT AS,NORWAY
AIR,-,AIRLIFT,AIRLIFT INTERNATIONAL INC.,AIRLIFT INTERNATIONAL INC.,UNITED STATES OF AMERICA
RLP,-,+,AIRLINAIR,AIRLINAIR,PORTUGAL
-,JG,-,AIRLINE CONTAINER LEASING,AIRLINE CONTAINER LEASING INC.,UNITED STATES OF AMERICA
GEL,-,SKY GEORGIA,AIRLINE GEO SKY,AIRLINE GEO SKY LLC,GEORGIA
XAO,-,-,AIRLINE OPERATIONS SERVICES,"AIRLINE OPERATIONS SERVICES (SAN FRANCISCO, CA)",UNITED STATES OF AMERICA
CDV,-,SKOL,AIRLINE SKOL,AIRLINE SKOL,RUSSIAN FEDERATION
ATB,-,TRANS-BURUNDI,AIRLINE TRANSPORT INCORPORATION,AIRLINE TRANSPORT INCORPORATION,BURUNDI
VCL,-,+,AIRLINE VERTICAL-TEAM,"AIRLINE VERTICAL-TEAM, LLC",RUSSIAN FEDERATION
TOK,-,BALUS,AIRLINES OF PAPUA NEW GUINEA,AIRLINES OF PAPUA NEW GUINEA (APNG),PAPUA NEW GUINEA
LNK,4Z,LINK,AIRLINK,SA AIRLINK (PTY) LTD,SOUTH AFRICA
HYR,-,HIGHFLYER,AIRLINK AIRWAYS,AIRLINK AIRWAYS,IRELAND
DLB,-,AIRLINK BAHAMAS,AIRLINK BAHAMAS,DESTINATION AIRLINK BAHAMAS LTD,BAHAMAS
JAR,-,AIRLINK,AIRLINK LUFTVERKEHRSGESELLSCHAFT,AIRLINK LUFTVERKEHRSGESELLSCHAFT M.B.H.,AUSTRIA
REJ,-,REGIONAL LINK,AIRLINK REGIONAL,SA AIRLINK REGIONAL (PTY) LTD,SOUTH AFRICA
LKS,-,AIRLIN,AIRLINK SOLUTIONS,"AIRLINK SOLUTIONS, S.L.",SPAIN
AYM,-,AIRMAN,AIRMAN,"AIRMAN, S.L.",SPAIN
TNK,-,TONKA AIR,AIRMAX AIRLINES,"AIRMAX AIRLINES, INC. (WAYZATA, MN)",UNITED STATES OF AMERICA
MEJ,-,MEDJET,AIRMED,"AIRMED INTERNATIONAL LLC (BIRMINGHAM, AL)",UNITED STATES OF AMERICA
USC,-,STAR CHECK,AIRNET II,AIRNET II,UNITED STATES OF AMERICA
NIM,-,NIMJET,AIRNIMBUS,AIRNIMBUS,PORTUGAL
RDJ,-,RED JET,AIRONE VENTURES,AIRONE VENTURES LTD,BARBADOS
APC,-,AIRPAC,AIRPAC,"AIRPAC (SEATTLE, WA)",UNITED STATES OF AMERICA
FSM,-,-,AIRPILOT ESCUELA DE VUELO,AIRPILOT ESCUELA DE VUELO S.L.,SPAIN
AHH,-,AIRHOLD,AIRPLANES HOLDINGS,AIRPLANES HOLDINGS LTD,IRELAND
BRP,-,AEROBRA,AIRPORT BRATSK,"AIRPORT BRATSK, JSC",RUSSIAN FEDERATION
AHE,-,AIRPORT HELICOPTER,AIRPORT HELICOPTER,AIRPORT HELICOPTER AHB AG,SWITZERLAND
IPL,-,IPULL,AIRPULL AVIATION,AIRPULL AVIATION,SPAIN
AQU,-,QUARIUS,AIRQUARIUS AVIATION,AIRQUARIUS AVIATION,SOUTH AFRICA
RQT,-,AIR QUEST,AIRQUEST AVIATION,"AIRQUEST AVIATION, LP (BUTLER, PA)",UNITED STATES OF AMERICA
XPR,-,-,AIR-REP,"AIR-REP (LOS ANGELES, CA)",UNITED STATES OF AMERICA
AGB,-,-,AIR-SERVICE-GABON,AIR-SERVICE-GABON,GABON
ADA,-,AUSCAL,AIRSERVICES AUSTRALIA,"AIRSERVICES AUSTRALIA, FLIGHT INSPECTION UNIT",AUSTRALIA
XSN,-,SANTANA,AIRSF FLIGHT SERVICE,AIRSF FLIGHT SERVICE,UNITED STATES OF AMERICA
SHZ,-,ELITE SHARES,AIRSHARES ELITE,"AIRSHARES ELITE (ATLANTA, GA)",UNITED STATES OF AMERICA
ACC,-,-,AIRSPEED CHARTER,AIRSPEED CHARTER LTD.,JAMAICA
ASP,-,AIRSPRINT,AIRSPRINT,AIRSPRINT INC.,CANADA
FCJ,-,FRACJET,AIRSPRINT US,"AIRSPRINT US, INC. (SCOTTSDALE, AZ)",UNITED STATES OF AMERICA
OLV,-,OLIVIA,AIRSTAR,"GA FLIGHT OF DE, INC. D/B/A AIRSTAR (SWAINSBORO, GA)",UNITED STATES OF AMERICA
AQS,-,AIRSTREAM,AIRSTREAM,AIRSTREAM A.S,CZECHIA
ATX,-,AIRSWIFT,AIRSWIFT TRANSPORT,AIRSWIFT TRANSPORT INC.,PHILIPPINES
TWG,-,TWIN-GOOSE,AIR-TAXI EUROPE,"AIR-TAXI EUROPE GMBH, BRAUNSCHWEIG",GERMANY
TEW,-,TEAMWORK,AIRTEAM CHARTER,AIRTEAM CHARTER (PTY) LTD,SOUTH AFRICA
ATY,-,AIRCARE,AIRTRAFFIC,AIRTRAFFIC LIMITED,KENYA
TRS,-,CITRUS,AIRTRAN AIRWAYS,"AIRTRAN AIRWAYS, INC. (ORLANDO, FL)",UNITED STATES OF AMERICA
AKV,-,FLY SUN WEST,AIRVAN KENYA,AIRVAN KENYA LIMITED,KENYA
RVE,-,AIRVENTURE,AIRVENTURE,AIRVENTURE,BELGIUM
WAY,-,GARONNE,AIRWAYS,AIRWAYS,FRANCE
XFX,-,AIRCORP,AIRWAYS  NEW ZEALAND,AIRWAYS CORPORATION OF NEW ZEALAND LIMITED,NEW ZEALAND
AWY,-,RED KITE,AIRWAYS AVIATION ACADEMY,AIRWAYS AVIATION ACADEMY LTD.,UNITED KINGDOM
DRM,-,DARTMOOR,AIRWAYS FLIGHT TRAINING,AIRWAYS FLIGHT TRAINING,UNITED KINGDOM
ARW,-,JAMAICA SHUTTLE,AIRWAYS INTERNATIONAL,AIRWAYS INTERNATIONAL LIMITED,JAMAICA
AYV,-,CARGWAY,AIRWAYS SERVICES & SUPPORT,"AIRWAYS SERVICES & SUPPORT AS&S, C.A.",VENEZUELA
WZE,-,APHRODITE,AIRWAZE,SKYFIVE AIRLINES,CYPRUS
AWZ,-,-,AIRWEST,AIRWEST,SUDAN
NWG,-,NORWING,AIRWING,AIRWING AS,NORWAY
AWK,-,AIRWORK,AIRWORK HOLDINGS LIMITED,AIRWORK HOLDINGS LIMITED,NEW ZEALAND
AKS,-,AKEL,AIRWORKS,AIRWORKS KENYA LIMITED,KENYA
SPZ,-,SPEED SERVICE,AIRWORLD,AIRWORLD (PTY) LTD,SOUTH AFRICA
EYC,-,-,AIRX EXECUTIVE JETS,AIRX EXECUTIVE JETS GMBH,AUSTRIA
DTG,-,ZENA,AIRZENA,AIRZENA LLC,GEORGIA
PNX,-,SPINNER,AIS AIRLINES,AIS AIRLINES,NETHERLANDS
PXG,-,PHOENIX GLOBAL,AITHERAS AVIATION GROUP,"AITHERAS AVIATION GROUP, LLC (CLEVELAND, OH)",UNITED STATES OF AMERICA
AJR,-,JET MONGOLIA,A-JET AVIATION,A-JET AVIATION CO. LTD,MONGOLIA
AJY,-,AJWAA AIRLINES,AJWAA AIRLINES,AJWAA AIRLINES,EGYPT
NTX,-,TIFLIS,AK-AIR GEORGIA,AK-AIR GEORGIA,GEORGIA
AKJ,QP,AKASA AIR,AKASA AIR,SNV AVIATION PRIVATE LTD,INDIA
AKH,-,AKHAL,AKHAL,AKHAL,TURKMENISTAN
LJB,-,AL JABER,AL JABEER,AL JABEER,UNITED ARAB EMIRATES
LRW,-,AL RIDA,AL RIDA AIRWAYS,AL RIDA AIRWAYS,MAURITANIA
FMJ,-,-,AL SHOHRA AVIATION,AL SHOHRA AVIATION,JORDAN
DPS,-,BLUE-GRAY,ALABAMA DEPARTMENT OF PUBLIC SAFETY,"ALABAMA DEPARTMENT OF PUBLIC SAFETY (MONTGOMERY, AL)",UNITED STATES OF AMERICA
RAD,-,AIR ALADA,ALADA EMPRESA DE TRANSPORTES AEREOS,ALADA EMPRESA DE TRANSPORTES AEREOS,ANGOLA
AVD,-,ALAMO,ALAMO AVIACION,ALAMO AVIACION S.L.,SPAIN
SVL,-,SUN DEVIL,ALANTE AIR CHARTER,"ALANTE AIR CHARTER, LLC",UNITED STATES OF AMERICA
JAG,-,TULPAR,ALAPHA SKY,ALPHA SKY LLP,KAZAKHSTAN
ALS,-,ALASDELSUR,ALAS DEL SUR,ALAS DEL SUR,VENEZUELA
ALY,-,ALAS URUGUAY,ALAS URUGUAY,ALAS URUGUAY (DYRUS S.A.),URUGUAY
ASA,AS,ALASKA,ALASKA AIRLINES,ALASKA AIRLINES INC.,UNITED STATES OF AMERICA
AER,-,ACE AIR,ALASKA CENTRAL EXPRESS,"ALASKA CENTRAL EXPRESS, INC. (FAIRBANKS, AK)",UNITED STATES OF AMERICA
AAK,-,ALASKA ISLAND,ALASKA ISLAND AIR,"ALASKA ISLAND AIR, INC. (ANCHORAGE, AK)",UNITED STATES OF AMERICA
ATE,-,-,ALATHEER AVIATION,ALATHEER AVIATION,SAUDI ARABIA
AFQ,-,ALBA,ALBA SERVIZI AEROTRASPORTI,ALBA SERVIZI AEROTRASPORTI SPA,ITALY
ABI,-,AIRALBACETE,ALBA-AIR AVIACION,"ALBA-AIR AVIACION, S.L.",SPAIN
NBK,-,AL-AIR,ALBARKA AIR,ALBARKA AIR PLC,NIGERIA
LAV,AP,ALBASTAR,ALBASTAR,"ALBA STAR, S.A.",SPAIN
GAL,-,ERRANTE,ALBATROS AIRLINES,"ALIANZA GLANCELOT, C.A. (ALBATROS AIRLINES)",VENEZUELA
AWT,2B,ALBAWINGS,ALBAWINGS,ALBAWINGS,ALBANIA
IDD,-,IDA,ALBERTSONS,"ALBERTSONS, LLC",UNITED STATES OF AMERICA
LUC,-,ALBINATI,ALBINATI AERONAUTICS,ALBINATI AERONAUTICS SA,SWITZERLAND
ULC,-,ALBI,ALBINATI AVIATION,ALBINATI AVIATION LTD,MALTA
LIE,-,AL-DAWOOD AIR,AL-DAWOOD AIR,AL-DAWOOD AIR LTD,NIGERIA
LDN,-,ALDONAS AIR,AL-DONAS AIRLINES,AL-DONAS AIRLINES LTD,NIGERIA
AKE,-,-,ALES,AIR LINK EXECUTIVE SERVICES (ALES),PAKISTAN
AXJ,-,ALEX JET,ALEX JET,ALEXJETS SAN MARINO S.R.L,SAN MARINO
KHH,-,-,ALEXANDRIA AIRLINES,ALEXANDRIA AIRLINES,EGYPT
ALM,-,-,ALFA AIR,ALFA AIR,MOROCCO
AFA,-,BLUE ALFA,ALFA AIR,ALFA AIR,CZECHIA
AAJ,-,ALFA SUDAN,ALFA AIRLINES,"ALFA AIRLINES CO., LTD",SUDAN
HYA,-,ALHAYA,ALHAYA AVIATION,ALHAYA AVIATION,IRAQ
HOD,-,HODHOD,ALHODHOD AIRLINE,ALHODHOD AIRLINE,YEMEN
LID,-,ALIDA,ALIDAUNIA,ALIDAUNIA SRL,ITALY
PAJ,-,ALIPARMA,ALIPARMA,ALIPARMA,ITALY
LSI,-,ALIS,ALISCARGO AIRLINES,ALISCARGO AIRLINES S.P.A.,ITALY
TJD,-,ALISERIO,ALISERIO,ALISERIO SRL,ITALY
AZA,-,ALITALIA,ALITALIA,ALITALIA SOCIETÃ€ AEREA ITALIANA S.P.A.,ITALY
AZA,-,ALITALIA,ALITALIA,ALITALIA SOCIETÀ AEREA ITALIANA S.P.A.,ITALY
CYL,-,CITYLINER,ALITALIA CITYLINER,ALITALIA CITYLINER S.P.A.,ITALY
VBB,-,AIR LUBO,ALK JSC,ALK JSC,BULGARIA
AKN,-,ALKAN AIR,ALKAN AIR,ALKAN AIR LTD.,CANADA
ALN,-,ALKAN AVIATION,ALKAN AIR,ALKAN AIR,EGYPT
ANA,NH,ALL NIPPON,ALL NIPPON AIRWAYS,"ALL NIPPON AIRWAYS CO., LTD.",JAPAN
LGE,-,-,ALLEGIANCE,ALLEGIANCE,GABON
ANJ,-,AIR ALLEGIANCE,ALLEGIANCE AIR,ALLEGIANCE AIR (PTY) LTD,SOUTH AFRICA
AAY,G4,ALLEGIANT,ALLEGIANT AIR,"ALLEGIANT AIR, INC. (FRESNO, CA)",UNITED STATES OF AMERICA
LLN,-,ALLEN,ALLEN CORPORATION OF AMERICA,ALLEN CORPORATION OF AMERICA,UNITED STATES OF AMERICA
AFJ,-,JAMBO,ALLIANCE,ALLIANCE,UNITED STATES OF AMERICA
LLR,-,ALLIED,ALLIANCE AIR,ALLIANCE AIR,UGANDA
UTY,QQ,UNITY,ALLIANCE AIRLINES,ALLIANCE AIRLINES PTY LTD,AUSTRALIA
ALE,-,ALLIANCE MALTA,ALLIANCE EXECUTIVE JETS,ALLIANCE EXECUTIVE JETS LTD.,MALTA
RWB,-,-,ALLIANCE EXPRESS RWANDA,ALLIANCE EXPRESS RWANDA,RWANDA
LBO,-,ALLIBO FREIGHT,ALLIBO AIR CARGO,ALLIBO AIR CARGO,LIBYA
AJK,Y3,BAMBI,ALLIED AIR CARGO,ALLIED AIR LIMITED,NIGERIA
ALF,-,ACEFORCE,ALLIED COMMAND EUROPE,ALLIED COMMAND EUROPE (MOBILE FORCE),BELGIUM
ALP,-,ALLPOINTS,ALLPOINTS JET,"ALLPOINTS JET CO., LTD",CHINA
MJA,-,MAJARA,ALMAJARA AVIATION,ALMAJARA AVIATION,SUDAN
LMU,UJ,ALMASRIA,ALMASRIA AIRLINES,ALMASRIA UNIVERSAL AIRLINES,EGYPT
HPO,-,ALMIRON,ALMIRON AVIATION,ALMIRON AVIATION LTD,UGANDA
MHK,-,AL-NASER,AL-NASER AIRLINES,AL-NASER AIRLINES,IRAQ
AAH,KH,ALOHA,ALOHA AIR CARGO,"AEKO KULA, INC.",UNITED STATES OF AMERICA
LOK,-,ALOK AIR,ALOK AIR,ALOK AIR CO.,SUDAN
APH,-,AIRFLIGHT,ALPHA AVIATION,"ALPHA AVIATION, INC. (DALLAS, TX)",UNITED STATES OF AMERICA
AAO,-,HERO,ALPHA AVIATION,ALPHA AVIATION S.R.O.,CZECHIA
AJW,-,ALPHAJET,ALPHA JET INTERNATIONAL,"ALPHA JET INTERNATIONAL (SHEFFIELD, AL)",UNITED STATES OF AMERICA
BIC,-,BALESIN,ALPHALAND AVIATION,"ALPHALAND AVIATION, INC.",PHILIPPINES
ALX,-,ALPIJETS,ALPI JETS,ALPI JETS GMBH,AUSTRIA
AYL,-,ALPINE NEPAL,ALPINE AIR,ALPINE AIR PRIVATE LIMITED,NEPAL
APN,-,AIR ALPES,ALPINE AIRLINES,ALPINE AIRLINES,FRANCE
AIP,-,ALPINE AIR,ALPINE AVIATION,"ALPINE AVIATION, INC. (PROVO, UT)",UNITED STATES OF AMERICA
LPC,-,NETSTAR,ALPINE AVIATION,ALPINE AVIATION (PTY) LTD,SOUTH AFRICA
RFA,-,+,AL-RAFEDAIN FALCON AIR CARGO,AL-RAFEDAIN FALCON AIR CARGO,IRAQ
DRU,-,MIRNY,ALROSA AIR COMPANY,ALROSA AIR COMPANY LIMITED,RUSSIAN FEDERATION
AGH,-,ALTAGNA,ALTAGNA,ALTAGNA,FRANCE
AQL,-,ALTCARGO,ALTAIR AIRLINES,ALTAIR AIRLINES,KAZAKHSTAN
MAP,-,ALTJETS,ALTAIR JETS,"ALTAIR JETS, C.A.",VENEZUELA
PEV,-,PEOPLES,ALTENRHEIN,ALTENRHEIN LUFTFAHRT GMBH,AUSTRIA
BWK,-,ALTERAERO,ALTER AEROSERVICIOS,ALTER AEROSERVICIOS S.A. DE C.V.,MEXICO
STY,-,ALTAIR,ALTIUS AVIATION,"ALTIUS AVIATION, LLC (SYRACUSE, NY)",UNITED STATES OF AMERICA
ALJ,-,-,ALVARO GARCIA GONZALEZ DE AGUILAR,ALVARO GARCIA GONZALEZ DE AGUILAR,SPAIN
WAS,-,-,AL-WATANIA,AL-WATANIA,IRAQ
AMK,-,AMAC,AMAC CORPORATE JET,AMAC CORPORATE JET AG,SWITZERLAND
AGT,-,AMADEUS,AMADEUS GLOBAL TRAVEL DISTRIBUTION,AMADEUS GLOBAL TRAVEL DISTRIBUTION S.A.,SPAIN
OBK,-,AMAKO AIR,AMAKO AIRLINES,AMAKO AIRLINES LIMITED,NIGERIA
AHX,-,AMAKUSA AIR,AMAKUSA AIRLINES,"AMAKUSA AIRLINES CO., LTD",JAPAN
APF,HP,AMAPOLA,AMAPOLA FLYG,AMAPOLA FLYG AB,SWEDEN
AZN,-,AMAZONAS,AMASZONAS,AMASZONAS S.A.,BOLIVIA
AUZ,-,URUGUAYO,AMASZONAS URUGUAY,AMASZONAS URUGUAY,URUGUAY
TCQ,-,AMSAN,AMBER AVIATION,AMBER AVIATION SAN MARINO S.R.L.,SAN MARINO
TCI,-,AMBER,AMBER AVIATION,AMBER AVIATION LIMITED,CHINA
JEE,-,AMBJEK AIR,AMBJEK AIR SERVICES,AMBJEK AIR SERVICES LIMITED,NIGERIA
MCY,-,MERCY,AMBULANCE AIR AFRICA,AMBULANCE AIR AFRICA,SOUTH AFRICA
AMV,-,-,AMC AIRLINES,AIRCRAFT MAINTENANCE COMPANY (AMC AIRLINES),EGYPT
AMQ,-,AMEX,AMC AVIATION,AMC AVIATION SP. Z O. O.,POLAND
AIA,8R,AMELIA,AMELIA,REGOURD AVIATION (AMELIA),FRANCE
AEH,NL,VEGA,AMELIA INTERNATIONAL,AMELIA (BY REGOURD AVIATION),SLOVENIA
VAM,-,AMERAVIA,AMERAVIA,AMERAVIA,URUGUAY
SUL,-,ASTAIR,AMERICA DO SUL LINHAS AEREAS,AMERICA DO SUL LINHAS AEREAS LTDA.,BRAZIL
AMS,-,-,AMERICA DO SUL TAXI AEREO,AMERICA DO SUL TAXI AEREO LTDA.,BRAZIL
GTW,-,GATEWAY,AMERICAN AIR CHARTER,"AMERICAN AIR CHARTER, INC. (CHESTERFIELD, MO)",UNITED STATES OF AMERICA
AAL,AA,AMERICAN,AMERICAN AIRLINES,AMERICAN AIRLINES INC.,UNITED STATES OF AMERICA
XFS,-,-,AMERICAN FLIGHT SERVICE SYSTEMS,"AMERICAN FLIGHT SERVICE SYSTEMS, INC. (PHOENIX, AZ)",UNITED STATES OF AMERICA
AJB,-,AMJET,AMERICAN JET,AMERICAN JET S.A.,ARGENTINA
SCM,-,SCREAMER,AMERICAN JET INTERNATIONAL CORP.,"AMERICAN JET INTERNATIONAL CORP. (HOUSTON, TX)",UNITED STATES OF AMERICA
AMF,-,AMFLIGHT,AMERIFLIGHT,"AMERIFLIGHT, INC. (BURBANK, CA)",UNITED STATES OF AMERICA
AJT,-,AMERIJET,AMERIJET INTERNATIONAL,"AMERIJET INTERNATIONAL (FT.LAUDERDALE, FL)",UNITED STATES OF AMERICA
AJI,-,AMERISTAR,AMERISTAR JET HARTER,"AMERISTAR JET HARTER, INC. (DALLAS, TX)",UNITED STATES OF AMERICA
AXA,-,AMIRA,AMIRA AIR,RP AIRCRAFT MANAGEMENT GMBH,AUSTRIA
QAF,-,AMIRI,AMIRI FLIGHT,AMIRI FLIGHT,QATAR
AMZ,-,AMIYI AIR,AMIYI AIRLINE,AMIYI AIRLINE LIMITED,NIGERIA
AMJ,-,AMJET EXEC,AMJET EXECUTIVE,AMJET EXECUTIVE S.A.,GREECE
XAM,-,ALLIANCE,AMR SERVICES CORP,"AMR SERVICES CORP (DALLAS, TX)",UNITED STATES OF AMERICA
FDS,-,FLYDOC,AMREF,AFRICAN MEDICAL AND RESEARCH FOUNDATION (AMREF),KENYA
GEO,-,APOLAX,AMS AIRLINES,AMS AIRLINES L.L.C.,GEORGIA
MCW,-,MACHINE WORKS,AMW-CENTRAFRIQUE,AVIATION MACHINE WORKS - CENTRAFRIQUE (AMW-CENTRAFRIQUE),CENTRAL AFRICAN REPUBLIC
AKX,EH,ALFA WING,ANA WINGS,"ANA WINGS CO., LTD",JAPAN
TKJ,VF,ANATOLIA,ANADOLUJET,AJET HAVA TASIMACILIGI ANONIM SIRKETI,TURKEY
ZZM,-,-,ANAM,AGENCE NATIONALE DES AERODROMES ET DE LA METEOROLOGIE (ANAM),ICAO
AJP,-,ANAPJETS,ANAP BUISNESS JETS LIMITED,ANAP BUISNESS JETS LIMITED,NIGERIA
NCL,-,ANCARGO AIR,ANCARGO AIR,ACA-ANCARGO AIR SOCIEDADE DE TRANSPORTE DE CARGA LDA,ANGOLA
ANU,-,ANDALUS,ANDALUS,ANDALUS,SPAIN
ANS,-,AEROANDES,ANDES LINEAS AEREAS,"ANDES LINEAS AEREAS, S.A.",ARGENTINA
AGU,-,SARMA,ANGARA AIRLINES,ANGARA AIRLINES JSC,UNITED STATES OF AMERICA
JLC,-,ANGELIC,ANGELIC AIR,ANGELIC AIR,UNITED STATES OF AMERICA
LBZ,-,+,ANGKASA SUPER SERVICE,"ANGKASA SUPER SERVICE, PT.",INDONESIA
AKW,-,ANGKORWAYS,ANGKOR AIRWAYS,ANGKOR AIRWAYS,CAMBODIA
AJZ,-,ANGLO JET,ANGLO AMERICAN SOUTH AFRICA LIMITED,ANGLO AMERICAN SOUTH AFRICA LIMITED,SOUTH AFRICA
NGV,-,ANGOAVIA,ANGOAVIA,ANGOAVIA,ANGOLA
AGO,-,ANGOLA CHARTER,ANGOLA AIR CHARTER,AAC-ANGOLA AIR CHARTER LIMITED,ANGOLA
NGC,-,ANGOSERVICE,ANGOSERVICE,"ANGOSERVICE, LDA.",ANGOLA
AXL,-,ANGUILLA,ANGUILLA AIR SERVICES,ANGUILLA AIR SERVICES LTD,UNITED KINGDOM
WED,-,WENDA,ANHUI SKY-AVIATION,"ANHUI SKY-AVIATION INTERNATIONAL FLIGHT ACADEMY COMPANY, LTD",CHINA
AWG,-,ANIMA WINGS,ANIMA WINGS AVIATION,ANIMA WINGS AVIATION S.A.,ROMANIA
ARF,-,ANIMAL FLIGHTS,ANIMAL RESCUE FLIGHTS,ANIMAL RESCUE FLIGHTS,UNITED STATES OF AMERICA
FOO,-,AUSTROJET,ANISEC LUFTFAHRT,ANISEC LUFTFAHRT GMBH,AUSTRIA
TOT,-,TOTAL EXPRESS,ANIVIA SERVICOS AEREOS,ANIVIA SERVICOS AEREOS LTDA,BRAZIL
NKA,-,ANKA CARGO,ANKA AVIATION CARGO,ANKA AVIATION CARGO,EGYPT
TIR,-,ANTAIR,ANTAIR,"ANTAIR, S.A. DE C.V.",MEXICO
DJA,-,ANTINEA,ANTINEA AIRLINES,ANTINEA AIRLINES,ALGERIA
ADB,-,ANTONOV BUREAU,ANTONOV AIRLINES,ANTONOV AIRLINES,UKRAINE
ACG,-,-,AOSAC,AOSAC - AIRLINE OPERATIONS SUPPORT AND AVIATION CONSULTANT,CANADA
FSP,-,SNAPSHOT,APERTURE AVIATION,APERTURE AVIATION,UNITED STATES OF AMERICA
XAI,-,PEX AIR,APEX AIR,"APEX AIR CO., LTD",CHINA
-,A1,-,APG,A.P.G. DISTRIBUTION SYSTEM,FRANCE
RIV,GP,RIVIERA,APG AIRLINES,APG AIRLINES,FRANCE
EDY,-,SOLWAY,APOLLO AIR SERVICES,APOLLO AIR SERVICES LTD.,UNITED KINGDOM
POY,-,APOYO AEREO,APOYO AEREO,"APOYO AEREO, S.A. DE C.V.",MEXICO
APA,-,APOYO LOG,APOYO LOGISTICO AEREO,"APOYO LOGISTICO AEREO, S.A. DE C.V.",MEXICO
ZAZ,-,APPROACH,APPROACH CONTROL OFFICE,APPROACH CONTROL OFFICE,ICAO
ABO,-,AEROEXPRESO,APSA COLOMBIA,AEROEXPRESO BOGOTA,COLOMBIA
AQQ,-,APSARA,APSARA INTERNATIONAL AIR,APSARA INTERNATIONAL AIR,CAMBODIA
AWS,-,ARAB WINGS,ARAB WINGS COMPANY,ARAB WINGS COMPANY,JORDAN
AAP,-,ARABASCO,ARABIAN AIRCRAFT SERVICES,ARABASCO AIR SERVICES,SAUDI ARABIA
IRW,-,ARAM,ARAM AIRLINE,ARAM AIRLINE,IRAN
ARV,-,ARAVCO,ARAVCO LTD.,ARAVCO LTD.,UNITED KINGDOM
JMS,-,SKY AVIATION,ARC EN CIEL,ARC EN CIEL,SENEGAL
AXR,-,+,ARCHER AIR,ARCHER AIR LLC,UNITED STATES
CIR,-,AIR ARCTIC,ARCTIC CIRCLE AIR SERVICE,"ARCTIC CIRCLE AIR SERVICE, INC. (FAIRBANKS, AK)",UNITED STATES OF AMERICA
AZE,-,ARCUS AIR,ARCUS AIR,"ARCUS AIR GMBH & CO. KG, ZWEIBRUECKEN",GERMANY
ZRZ,-,CONTROLE,AREA CONTROL CENTRE,AREA CONTROL CENTRE,ICAO
REN,-,ARENA,ARENA AVIATION,ARENA AVIATION LIMITED,UNITED KINGDOM
IRX,-,ARIA,ARIA TOUR,ARIA TOUR,IRAN
AFG,FG,ARIANA,ARIANA AFGHAN AIRLINES,ARIANA AFGHAN AIRLINES,AFGHANISTAN
RIE,-,ARIEL,ARIELLA,ARIELLA AIRLINES SA,BURKINA FASO
ARA,W3,ARIK AIR,ARIK AIR,ARIK AIR LTD,NIGERIA
XAA,-,ROCKFISH,ARINC,"AERONAUTICAL RADIO, INC. (ARINC)",UNITED STATES OF AMERICA
MGP,-,MAGPIE,ARIRANG AVIATION,ARIRANG AVIATION LIMITED,BANGLADESH
KRA,-,-,ARKAS,ARKAS S.A.,COLOMBIA
OAO,-,DVINA,ARKHANGELSK 2 AVIATION DIVISION,ARKHANGELSK 2 AVIATION DIVISION,RUSSIAN FEDERATION
AIZ,IZ,ARKIA,ARKIA,ARKIA ISRAEL INLAND AIRLINES,ISRAEL
RMO,-,ARM-AERO,ARM-AERO,ARM-AERO,ARMENIA
AMW,-,-,ARMENIA AIRWAYS AIR COMPANY,ARMENIA AIRWAYS AIR COMPANY,ARMENIA
KAV,-,ARMHELI,ARMENIAN HELICOPTERS,ARMENIAN HELICOPTERS,ARMENIA
AAC,-,ARMY AIR,ARMY AIR CORPS,ARMY AIR CORPS,UNITED KINGDOM
PXX,-,PINE STATE,AROOSTOOK AVIATION,"AROOSTOOK AVIATION, INC. (FRENCHVILLE, ME)",UNITED STATES OF AMERICA
END,-,ARRENDADORA,ARRENDADORA Y TRANSPORTADORA AEREA,"ARRENDADORA Y TRANSPORTADORA AEREA, S.A. DE C.V.",MEXICO
AAD,-,PANABEAR,ARRENDAMIENTOS AEREOS,ARRENDAMIENTOS AEREOS,PANAMA
ADT,-,ARRENDA-TRANS,ARRENDAMIENTOS Y TRANSPORTES TURISTICOS,"ARRENDAMIENTOS Y TRANSPORTES TURISTICOS, S.A. DE C.V.",MEXICO
HEZ,-,ARROW,ARROW AVIATION,ARROW AVIATION LTD,ISRAEL
ATI,-,ART AVIA,ART AVIA,ART AVIA,RUSSIAN FEDERATION
OES,-,ART AUSTRIA,ART AVIATION FLUGBETRIEBS,ART AVIATION FLUGBETRIEBS GMBH,AUSTRIA
ARU,AG,ARUBA,ARUBA AIRLINES,ARUBAANSE LUCHTVAART MAATSCHAPPIJ NV,ARUBA
IRD,-,ARVAND,ARVAND AIRLINES,ARVAND AIRLINES,IRAN
ACQ,-,ACE CARGO,ARYAN CARGO EXPRESS,ARYAN CARGO EXPRESS,INDIA
HMJ,-,HARMONY JETS,AS AILES,AS AILES LIMITED,MALTA
LTA,-,LIFT,AS LIFT ACADEMY,"LEADERSHIP IN FLIGHT TRAINING, LLC, DBA AS LIFT ACADEMY",UNITED STATES OF AMERICA
UAG,-,SAKTA,AS UNION AVIATION,AS UNION AVIATION,LATVIA
HEW,-,HELIWATER,ASA HELI-WATER,ASA HELI-WATER SP. Z.O.O.,POLAND
API,-,ASA PESADA,ASA PESADA,"ASA PESADA, LDA.",ANGOLA
SFM,-,AIR SAFAR,A-SAFAR AIR SERVICES,A-SAFAR AIR SERVICES LIMITED,NIGERIA
SJT,-,ASAJET AIRLINES,ASAJET AIRLINES,ASAJET AIRLINES,IRAN
CEU,-,ASAS AIR,ASAS LINHAS AEREAS,ASAS LINHAS AEREAS,BRAZIL
ASZ,-,ASCENSION,ASCENSION AIR MANAGEMENT,"ASCENSION AIR MANAGEMENT, INC. (ATLANTA, GA)",UNITED STATES OF AMERICA
XKX,-,-,ASECNA,ASECNA - AGENCE POUR LA SECURITE DE LA NAVIGATION AERIENNE EN AFRIQUE ET A MADAGASCAR,FRANCE
OCA,-,AROSCA,ASERCA,"AEROSERVICIOS CARABOBO, C.A. (ASERCA)",VENEZUELA
ESW,-,W-BUSINESS,ASG BUSINESS AVIATION,ASG BUSINESS AVIATION LLC,AZERBAIJAN
SQS,-,SKY QUEEN,ASI PUDJIASTUTI AVIATION,"ASI PUDJIASTUTI AVIATION, PT",INDONESIA
ASW,-,ASIAWAYS,ASIA AIRWAYS,ASIA AIRWAYS,TAJIKISTAN
AAQ,-,ASIA ATLANTIC,ASIA ATLANTIC AIRLINES,"ASIA ATLANTIC AIRLINES CO., LTD",THAILAND
MGE,-,MAGELLAN,ASIA PACIFIC AIRLINES,"AERO-MICRONESIA, INC. D/B/A ASIA PACIFIC AIRLINES",UNITED STATES OF AMERICA
LIC,-,ASIASLINE,ASIA SKY LINES,ASIA SKY LINES,TAJIKISTAN
AUV,-,ASIA UNION,ASIA UNION AIRLINES,ASIA UNION AIRLINES JV LLC,UZBEKISTAN
AKC,-,ASIALINK CARGO,ASIALINK CARGO EXPRESS,"ASIALINK CARGO EXPRESS, PT.",INDONESIA
SPY,-,THAI SPACE,ASIAN AEROSPACE SERVICE,ASIAN AEROSPACE SERVICE LTD,THAILAND
DEX,-,ASIAN AIR,ASIAN AIR,"ASIAN AIR CO., LTD",THAILAND
TXP,-,TAJIK EXPRESS,ASIAN EXPRESS,ASIAN EXPRESS,TAJIKISTAN
WUA,-,YAJIE AIR,ASIAN EXPRESS GENERAL AVIATION,"ASIAN EXPRESS GENERAL AVIATION WUXI CO., LTD.",CHINA
AWM,-,ASIAN STAR,ASIAN WINGS AIRWAYS,ASIAN WINGS AIRWAYS LTD,MYANMAR
AAR,OZ,ASIANA,ASIANA AIRLINES,ASIANA AIRLINES,REPUBLIC OF KOREA
AKP,-,ASKARI AIR,ASKARI AIR PAKISTAN,ASKARI AIR PAKISTAN,PAKISTAN
AAS,-,AL-AAS,ASKARI AVIATION,ASKARI AVIATION SERVICES (PVT) LTD,PAKISTAN
SKK,KP,ASKY AIRLINE,ASKY AIRLINES,Compagnie Aérienne ASKY,TOGO
SKK,KP,ASKY AIRLINE,ASKY AIRLINES,Compagnie AÃ©rienne ASKY,TOGO
TAY,3V,QUALITY,ASL AIRLINES BELGIUM,ASL AIRLINES BELGIUM,BELGIUM
FPO,5O,FRENCH POST,ASL AIRLINES FRANCE,ASL AIRLINES FRANCE,FRANCE
ABR,AG,CONTRACT,ASL AIRLINES IRELAND,ASL AIRLINES (IRELAND) LIMITED,IRELAND
ABV,-,CARGOBLUE,ASL AIRLINES UK,ASL AIRLINES UK LTD,UNITED KINGDOM
FLU,-,-,ASOCIACION AEROCLUB,ASOCIACION AEROCLUB AEREO 2000,SPAIN
AHF,-,ASPEN,ASPEN HELICOPTERS,"ASPEN HELICOPTERS, INC. (OXNARD, CA)",UNITED STATES OF AMERICA
XJA,-,-,ASSISTANCE AEROPORTUAIRE DE L'AEROPORT DE PARIS,ASSISTANCE AEROPORTUAIRE DE L'AEROPORT DE PARIS,FRANCE
FXW,-,FLEXWING,ASSOCIATED AIRCRAFT GROUP,"ASSOCIATED AIRCRAFT GROUP, INC. ( WAPPINGERA FALLS, NY)",UNITED STATES OF AMERICA
SCD,-,ASSOCIATED,ASSOCIATED AVIATION,ASSOCIATED AVIATION LIMITED,NIGERIA
DHL,-,DAHL,ASTAR AIR CARGO,"ASTAR AIR CARGO (MIAMI, FL)",UNITED STATES OF AMERICA
AJD,-,CATCH ME,ASTONJET,ASTONJET LIMITED,MALTA
ASJ,-,ASTONJET,ASTONJET,ASTONJET,FRANCE
AZI,-,GREEK STAR,ASTRA AIRLINES,ASTRA AIRLINES,GREECE
ACP,-,ASTRAL CARGO,ASTRAL AVIATION,ASTRAL AVIATION LIMITED,KENYA
SZA,-,AIR ASTRO,ASTRO AIR,"ASTRO AIR CO., LTD",CHINA
HYO,-,-,ASTURAVIA,ASTURAVIA,SPAIN
XAT,-,-,AT AND T AVIATION DIVISION,"AT AND T AVIATION DIVISION (MORRISTOWN, NH)",UNITED STATES OF AMERICA
TBZ,-,ATALAR AIR,ATA AIRLINES,ATA AIRLINES,IRAN
AOF,-,ATAIR,ATAIR,ATAIR PTY LTD,SOUTH AFRICA
ARY,-,YERAZ,ATC CJSC,ATC CJSC,ARMENIA
CYO,-,COYOTE,ATI JET,ATI JET INC,UNITED STATES OF AMERICA
CTE,-,CORNERSTONE,ATLANTA AIR CHARTER,"ATLANTA AIR CHARTER, INC.",UNITED STATES OF AMERICA
LFR,-,LANFREIGHT,ATLANTIC AIRFREIGHT AVIATION,ATLANTIC AIRFREIGHT AVIATION (SAO TOME) LTD,SAO TOME AND PRINCIPE
BJK,-,BLACKJACK,ATLANTIC AIRLINES,"ATLANTIC AIRLINES (ORLANDO, FL)",UNITED STATES OF AMERICA
GBN,-,ATLANTIC GABON,ATLANTIC AIRLINES,ATLANTIC AIRLINES,GABON
HHA,-,ATLANTIC HONDURAS,ATLANTIC AIRLINES DE HONDURAS,"ATLANTIC AIRLINES DE HONDURAS, S. DE R.L.",HONDURAS
FLI,RC,FAROELINE,ATLANTIC AIRWAYS,"ATLANTIC AIRWAYS, FAROE ISLANDS P/F",FAROE ISLANDS
BKS,-,BERKS,ATLANTIC COAST AIRCRAFT SERVICES,"ATLANTIC COAST AIRCRAFT SERVICES (READING, PA)",UNITED STATES OF AMERICA
JLM,-,ATLANTIC GAMBIA,ATLANTIC EXPRESS AIRLINES,ATLANTIC EXPRESS AIRLINES,GAMBIA
AFZ,-,AFTA,ATLANTIC FLIGHT TRAINING ACADEMY,ATLANTIC FLIGHT TRAINING LTD.,IRELAND
LUR,-,-,ATLANTIS EUROPEAN AIRWAYS,ATLANTIS EUROPEAN AIRWAYS,ARMENIA
AHM,-,HELI ATLANTIS,ATLANTIS HELICOPTERS DE MEXICO,"ATLANTIS HELICOPTERS DE MEXICO, S.A. DE C.V.",MEXICO
AFN,-,HEKLA,ATLANTSFLUG,ATLANTSFLUG LTD.,ICELAND
GTI,5Y,GIANT,ATLAS AIR,"ATLAS AIR, INC. (JAMAICA, NY)",UNITED STATES OF AMERICA
ATL,-,AIR BREMEN,ATLAS AIR SERVICE,"ATLAS AIR SERVICE AG, GANDERKESEE",GERMANY
IRH,-,ATLAS AVIA,ATLAS AVIATION GROUP,ATLAS AVIATION GROUP,IRAN
LSX,-,ATLAS EXEC,ATLAS EXECUTIVE AIR,"ATLAS EXECUTIVE AIR, S.L.",SPAIN
TDT,-,TRIDENT,ATLAS HELICOPTERS,ATLAS HELICOPTERS LTD,UNITED KINGDOM
ATS,-,AIR ATLAS,ATLAS KHOMEIN KISH,ATLAS KHOMEIN KISH,IRAN
KKK,-,ATLASJET,ATLASJET,ATLASJET HAVACILIK A.S.,TURKEY
SIQ,-,SCIENCE QUEST,ATMOSPHERIC RESEARCH BOULDER,ATMOSPHERIC RESEARCH BOULDER,UNITED STATES OF AMERICA
AAN,-,ATMOJET,ATMOSPHERICA AVIATION,CTR ATMOSPHERICA AVIATION A.S.,CZECHIA
EVX,-,GREEN SPIRIT,ATR,ATR (AVION DE TRANSPORT REGIONAL),FRANCE
ATR,-,ATRAK AIR,ATRAK AIRLINES,ATRAK AIRLINES,IRAN
VAS,-,ATRAN,ATRAN,ATRAN-AVIATRANS CARGO,RUSSIAN FEDERATION
AMP,-,ATSA,ATSA,AERO TRANSPORTE S.A. (ATSA),PERU
ETC,-,TRANATTICO,ATTICO,AFRICAN TRANSPORT TRADING AND INVESTMENT CO. (ATTICO),SUDAN
UND,-,ATUNEROS UNIDOS,ATUNEROS UNIDOS DE CALIFORNIA,"ATUNEROS UNIDOS DE CALIFORNIA, S.A. DE C.V.",MEXICO
WPR,-,WESTPAC RESCUE,AUCKLAND REGIONAL RESCUE,AUCKLAND REGIONAL RESCUE HELICOPTER TRUST,NEW ZEALAND
ADI,-,AUDELI,AUDELI AIR EXPRESS,AUDELI AIR EXPRESS,SPAIN
ISM,-,STORK,AUO AIRCLUB,AUO AIRCLUB AIST-M,RUSSIAN FEDERATION
GWR,-,LEMON,AURA AIRLINES,AURA AIRLINES SL (GOWAIR),SPAIN
AUK,-,AURIC SERVICES,AURIC AIR SERVICES,AURIC AIR SERVICES LTD,TANZANIA
AUR,GR,AYLINE,AURIGNY,AURIGNY AIR SERVICES LTD.,UNITED KINGDOM
SHU,HZ,AURORA,AURORA AIRLINES,"JOINT STOCK COMPANY ""AURORA AIRLINES""",RUSSIAN FEDERATION
AUU,-,ARGO,AURORA FLIGHT SCIENCES,AURORA FLIGHT SCIENCES,UNITED STATES OF AMERICA
HAN,-,KING BEE,AUSHAANAIR,AUSHAANAIR LIMITED,KENYA
TXX,-,COWBOY,AUSTIN EXPRESS,"AUSTIN EXPRESS, INC. (AUSTIN, TX)",UNITED STATES OF AMERICA
AUT,-,AUSTRAL,AUSTRAL,CIELOS DEL SUR S.A. - AUSTRAL,ARGENTINA
ASY,-,AUSSIE,AUSTRALIAN AIR FORCE,ROYAL AUSTRALIAN AIR FORCE,AUSTRALIA
ASF,-,AUSTRIAN AIRFORCE,AUSTRIAN AIR FORCE,AUSTRIAN AIR FORCE,AUSTRIA
AUA,OS,AUSTRIAN,AUSTRIAN AIRLINES,AUSTRIAN AIRLINES (AUA) AG,AUSTRIA
YDY,-,-,AUTHORITY SUPERVISING THE AERODROME,AUTHORITY SUPERVISING THE AERODROME,ICAO
AJN,-,BAJANTE,AUTOMOTRIZ BAJA NORTE,"AUTOMOTRIZ BAJA NORTE, S.A. DE C.V.",MEXICO
AVK,-,AVIATE-COPTER,AV8 HELICOPTERS,AV8 HELICOPTERS,SOUTH AFRICA
AVH,-,KENT HELI,AV8 HELICOPTERS,AV8 HELICOPTERS LTD,UNITED KINGDOM
AJO,-,AVIATE JET,AV8JET CHARTER,AV8JET CHARTER,MALTA
AXV,-,AVA,AVA AIRLINES,AVA AIRLINES,IRAN
MBA,-,AVAG AIR,AVAG AIR,AVAG AIR GMBH FUR LUFTFAHRT,AUSTRIA
ARR,-,AVALAIR,AVALAIR,AVALAIR AIRCRAFT MANAGEMENT LTD,UNITED STATES OF AMERICA
VNR,-,AVANTAIR,AVANTAIR,"AVANTAIR, INC. (CLEARWATER, FL)",UNITED STATES OF AMERICA
ATV,-,AVANTI AIR,AVANTI AIR,"AVANTI AIR GMBH & CO. KG, BURBACH",GERMANY
VBA,-,NOVE,AVB 2012,AVB 2012 LTD.,BULGARIA
TTE,-,TETON,AVCENTER,"AVCENTER, INC. (POCATELLO, ID)",UNITED STATES OF AMERICA
AOJ,-,ASTERIX,AVCON JET,AVCON JET AG,AUSTRIA
VAJ,-,TRUBADIX,AVCON JET,AVCON JET S.R.L.,SAN MARINO
AJJ,-,AVJET,AVCON JET AFRICA,AVCON JET AFRICA (PTY) LTD.,SOUTH AFRICA
VCJ,-,OBELIX,AVCON JET MALTA,AVCON JET MALTA LTD,MALTA
VZA,-,AVEAIR,AVE C.A.,AVE C.A.,VENEZUELA
VXP,-,AVELO,AVELO AIRLINES,TEM ENTERPRISES D\B\A AVELO AIRLINES,UNITED STATES OF AMERICA
AVM,-,AVEMEX,AVEMEX,"AVEMEX, S.A. DE C.V.",MEXICO
AVF,-,AVES FLIGHT,AVES FLIGHT SHARE,"AVES FLIGHT SHARE, S.A. DE C.V.",MEXICO
AVE,-,AVEX AIR,AVEX AIR,AVEX AIR TRANSPORT (PTY) LTD T/A AVEX AIR,SOUTH AFRICA
AFV,-,-,AVFINITY,AVFINITY,UNITED STATES OF AMERICA
AUP,-,-,AVIA BUSINESS GROUP,AVIA BUSINESS GROUP,RUSSIAN FEDERATION
VGR,-,-,AVIA GROUP,AVIA GROUP LIMITED COMPANY,RUSSIAN FEDERATION
AHN,-,-,AVIA GROUP HANDLING,AVIA GROUP HANDLING LLC,RUSSIAN FEDERATION
NRD,-,-,AVIA GROUP NORD,AVIA GROUP NORD LLC,RUSSIAN FEDERATION
SAP,-,TOBOL,AVIA JAYNAR,"AVIA JAYNAR, AIR COMPANY LLC",KAZAKHSTAN
AVJ,YK,ATOMIC,AVIA TRAFFIC,AVIA TRAFFIC COMPANY,KYRGYZSTAN
VTT,-,VIATRANSPORT,AVIA TRANS,AVIA TRANS AIR TRANSPORT CO. LTD,SUDAN
VTG,-,ATACARGO,AVIACAO TRANSPORTES AEREOS E CARGAS,"AVIACAO TRANSPORTES AEREOS E CARGAS, LDA",ANGOLA
VCA,-,-,AVIACHARTER ASSISTANCE,AVIACHARTER ASSISTANCE LLC,RUSSIAN FEDERATION
AVI,-,-,AVIACION AGRICOLA DE LEVANTE,"AVIACION AGRICOLA DE LEVANTE, S.A.",SPAIN
AVP,-,AVIA PUEBLA,AVIACION CORPORATIVA DE PUEBLA,"AVIACION CORPORATIVA DE PUEBLA, S.A. DE C.V.",MEXICO
VAQ,-,VAQUERO,AVIACION VAP,"AVIACION VAP, S.L.",SPAIN
AZS,-,ZITOTRANS,AVIACON ZITOTRANS,AVIACON ZITOTRANS,RUSSIAN FEDERATION
VLV,-,VLADLIFT,AVIALIFT VLADIVOSTOK,AVIALIFT VLADIVOSTOK CJSC,RUSSIAN FEDERATION
AVS,-,AVIALSA,AVIALSA T-35,"AVIALSA T-35, S.L.",SPAIN
AVA,AV,AVIANCA,AVIANCA,AEROVIAS DEL CONTINENTE AMERICANO S.A.,COLOMBIA
ANC,-,AVIAN,AVIANCA ARGENTINA,AVIAN LINEAS AEREAS S.A. - AVIANCA ARGENTINA,ARGENTINA
LRC,LR,LACSA,AVIANCA COSTA RICA,"AVIANCA COSTA RICA, S.A",COSTA RICA
GLG,2K,GALAPAGOS,AVIANCA ECUADOR,AVIANCA-ECUADOR S.A.,ECUADOR
TAI,TA,TACA,AVIANCA EL SALVADOR,TACA INTERNATIONAL AIRLINES S.A.,EL SALVADOR
AVR,-,AVAEXPRESS,AVIANCA EXPRESS,REGIONAL EXPRESS AMERICAS SAS - AVIANCA EXPRESS,COLOMBIA
OSO,-,-,AVIAPARTNER,AVIAPARTNER LIMITED COMPANY,RUSSIAN FEDERATION
XAV,-,AVIAPROM,AVIAPROM ENTERPRISES,AVIAPROM ENTERPRISES,RUSSIAN FEDERATION
BIV,-,AVIASERVICE,AVIASERVICE,AVIASERVICE,GEORGIA
KZN,-,KAZANAIR,AVIASERVICE,AVIASERVICE LLC,RUSSIAN FEDERATION
TGA,-,TAIGA,AVIASHELF,AVIASHELF,RUSSIAN FEDERATION
DEK,-,DEK AERO,AVIASTAR,AVIASTAR,BELARUS
VIT,-,AVIASTAR,AVIASTAR MANDIRI,"AVIASTAR MANDIRI, PT",INDONESIA
TUP,-,TUPOLEVAIR,AVIASTAR-TU,AVIASTAR-TU CO. LTD,RUSSIAN FEDERATION
FOT,-,AVIFOTO,AVIAT AVIACION Y TRABAJOS AEREOS,"AVIAT AVIACION Y TRABAJOS AEREOS, S.L.",SPAIN
GUG,-,AVIATECA,AVIATECA,EMPRESA GUATEMALTECA DE AVIACION (AVIATECA),GUATEMALA
ACE,-,SKY ACE,AVIATION ACES,"AERO CHARTER ELITE SERVICES, LLC DBA: AVIATION ACES",UNITED STATES OF AMERICA
AVL,-,SKY VENTURES,AVIATION ADVENTURES,"AVIATION ADVENTURES (MANASSAS, VA)",UNITED STATES OF AMERICA
LKF,-,LAKEFRONT,AVIATION ADVISOR,"AVIATION ADVISOR, INC. (ANTIOCH, IL)",UNITED STATES OF AMERICA
AVO,-,AVIATION WORK,AVIATION AT WORK,AVIATION AT WORK PTY LTD,SOUTH AFRICA
AVB,-,BEAUPAIR,AVIATION BEAUPORT,AVIATION BEAUPORT LTD.,UNITED KINGDOM
CVD,-,-,AVIATION CONSULTANTS INC.,AVIATION CONSULTANTS INC.,UNITED STATES OF AMERICA
FBW,-,-,AVIATION DATA SYSTEMS,"AVIATION DATA SYSTEMS, INC. (ORLANDO, FL)",UNITED STATES OF AMERICA
DEF,-,TIRPA,AVIATION DEFENSE SERVICE,AVIATION DEFENSE SERVICE,FRANCE
ADK,-,ADCO,AVIATION DEVELOPMENT COMPANY NIGERIA,AVIATION DEVELOPMENT COMPANY NIGERIA LIMITED,NIGERIA
HZS,-,HORIZON SKY,AVIATION HORIZONS,AVIATION HORIZONS LTD.,SAUDI ARABIA
VEK,-,ROTCEV,AVIATION INDUSTRIAL COMPANY VECTOR,"AVIATION INDUSTRIAL COMPANY VECTOR, LLC",RUSSIAN FEDERATION
LHG,-,AIR LEADER,AVIATION LEADER GENERAL AVIATION,"AVIATION LEADER GENERAL AVIATION CO., LTD",CHINA
LAG,-,AVILEG,AVIATION LEGACY,AVIATION LEGACY,GAMBIA
FMY,-,FRENCH ARMY,AVIATION LEGERE DE L'ARMEE DE TERRE,AVIATION LEGERE DE L'ARMEE DE TERRE,FRANCE
ALG,-,-,AVIATION LOGISTIC SERVICES,AVIATION LOGISTIC SERVICES LIMITED COMPANY,RUSSIAN FEDERATION
WLV,-,WOLVERINE,AVIATION NORTH,"PHELPS COLLINS AVIATION D/B/A AVIATION NORTH (ALPENA, MI)",UNITED STATES OF AMERICA
WLT,-,WINGLET,AVIATION PARTNERS,"AVIATION PARTNERS, INC.",UNITED STATES OF AMERICA
VGG,-,BLUE WHITE,AVIATION SERVICES MANAGEMENT,AERO SERVICES MANAGEMENT LLC,UNITED ARAB EMIRATES
MZN,-,AMAZON,AVIATION SPECIALTIES UNLIMITED,"AVIATION SPECIALTIES UNLIMITED, INC.",HONDURAS
VEP,-,-,AVIATION VIP,"AVIATION VIP, S.L.",UNITED STATES OF AMERICA
AGM,-,ANGEL MED,AVIATION WEST CHARTERS,"AVIATION WEST CHARTERS (SCOTTSDALE, AZ)",SPAIN
APD,-,-,AVIATIONERS PAKISTAN,AVIATIONERS PAKISTAN,UNITED STATES OF AMERICA
TIS,-,AVIATIS,AVIATIS,AVIATIS,PAKISTAN
AVV,-,WING MAN,AVIATOR AVIATION,AVIATOR AVIATION,RUSSIAN FEDERATION
WCP,-,WHITECAP,AVIATOR COLLEGE,"AVIATOR COLLEGE OF AERONAUTICAL SCIENCE AND TECHNOLOGY (FORT PIERCE, FL)",UNITED STATES OF AMERICA
AVT,-,-,AVIATRADE BUSINESS,AVIATRADE BUSINESS,CAMEROON
LEM,-,LEMPIRAS,AVIATSA,AVIATSA (AVIACION TECNOLOGICA S.A.),HONDURAS
VVT,-,AVIATSA,AVIATSA,LA AEROLÍNEA AVIACIÓN TECNOLÓGICA,HONDURAS
VVT,-,AVIATSA,AVIATSA,LA AEROLÃNEA AVIACIÃ“N TECNOLÃ“GICA,HONDURAS
BRA,-,BELRESCUE,AVIATSIYA STATE AVIATION EMERGENCY RESCUE AGENCY,AVIATSIYA STATE AVIATION EMERGENCY RESCUE AGENCY,BELARUS
HAJ,-,DINGCHANG,AVIC JOY GENERAL AVIATION,"AVIC JOY GENERAL AVIATION CO., LTD.",CHINA
AAA,-,-,AVICON,AVICON AVIATION CONSULTANTS & AGENTS,PAKISTAN
SMJ,-,AVAVIA,AVIENT AVIATION,AVIENT AVIATION,ZIMBABWE
...,-,AVIMAQ,AVIMAQ,AVIMAQ,ECUADOR
HQO,-,-,AVINOR,AVINOR,NORWAY
BIK,-,RED RAY,AVIO BRAVO,AVIO BRAVO,BULGARIA
SLU,-,AVIO SLUZBA,AVIO SLUZBA,AVIO SLUZBA,SERBIA
...,-,AVIOANDES,AVIOANDES,AVIOANDES,ECUADOR
AYH,-,ANDES,AVIOANDES,AVIOANDES S.A.,ECUADOR
BGF,-,BULGARIAN,AVIODETACHMENT-28,SPECIAL PURPOSE AVIATION OPERATOR-SAO,BULGARIA
NVD,X9,NORDVIND,AVION EXPRESS,UAB AVION EXPRESS,LITHUANIA
MLH,-,SOUTH WIND,AVION EXPRESS MALTA,AVION EXPRESS MALTA LTD,MALTA
AHJ,-,AVYCOP,AVIONES Y HELICOPTEROS EJECUTIVOS,"AVIONES Y HELICOPTEROS EJECUTIVOS, S.A. DE C.V.",MEXICO
VND,-,AVINORD,AVIONORD,AVIONORD S.R.L.,ITALY
AVC,-,AIRTEAM VARNA,AVIOOTRIAD VARNA,AVIOOTRIAD VARNA LTD,BULGARIA
ROI,-,AVIOR,AVIOR AIRLINES,"AVIOR AIRLINES, C.A.",VENEZUELA
RGR,-,AVIOR REGIONAL,AVIOR REGIONAL,"AVIOR REGIONAL, C.A.",VENEZUELA
VSR,-,AVIOSTART,AVIOSTART,AVIOSTART AS LTD,BULGARIA
VXG,-,AVIREX-GABON,AVIREX - GABON,AVIREX - GABON,GABON
AVW,-,AVIRO,AVIRO AIR,AVIRO AIR,ROMANIA
AVU,-,-,AVISPAIR,"AVISPAIR, S.L.",SPAIN
ITF,-,AIR AVITA,AVITA-SERVICOS AEREOS,"AVITA-SERVICOS AEREOS, LDA",ANGOLA
ESO,-,-,AVITAT,AVITAT,UNITED KINGDOM
VOL,-,VOLAERO,AVOLON AEROSPACE,AVOLON AEROSPACE LEASING LIMITED,IRELAND
VSA,-,STARBIRD,AVSTAR AVIATION,AVSTAR AVIATION PTY LTD,SOUTH AFRICA
AWW,-,AWA,AWA AIRWAYS,AWA AIRWAYS,IRAN
ASM,-,AWESOME,AWESOME FLIGHT SERVICES,AWESOME FLIGHT SERVICES (PTY) LTD,SOUTH AFRICA
AXT,-,AXTRANSPORTER,AX TRANSPORTER,"AX TRANSPORTER, S.A. DE C.V.",MEXICO
BQA,-,AVIATION,AXIS AVIATION,AXIS AVIATION SWITZERLAND AG,SWITZERLAND
BQB,-,ICE,AXIS AVIATION,AXIS AVIATION AUSTRIA GMBH,AUSTRIA
AYC,-,-,AYA AVIATION,AYA AVIATION,ISRAEL
AYT,-,AYIT,AYIT AVIATION & TOURISM,AYIT AVIATION & TOURISM,ISRAEL
AZK,-,AZALHELICOPTER,AZALHELICOPTER BAKU AVIATION COMPANY,AZALHELICOPTER BAKU AVIATION COMPANY,ARMENIA
AZL,-,AZEE AIR,AZEE AIR,AZEE AIR LLC,KAZAKHSTAN
AHY,J2,AZAL,AZERBAIJAN AIRLINES,"AZERBAIJAN HAVA YOLLARI, NATIONAL AIRLINE",AZERBAIJAN
MUT,-,IGAVIA,AZIMUT,"AZIMUT, LLC",RUSSIAN FEDERATION
AZT,-,AZIMUT,AZIMUT,"AZIMUT, S.A.",SPAIN
MOM,-,AZIM,AZIMUT,AZIMUT LTD.,RUSSIAN FEDERATION
AZO,A4,AZIMUTH-DON,AZIMUTH,JSC AZIMUTH AIRLINES,RUSSIAN FEDERATION
AZM,-,AZMAN AIR,AZMAN AIR SERVICES,AZMAN AIR SERVICES LTD.,NIGERIA
RZO,S4,AIR AZORES,AZORES AIRLINES,SATA INTERNACIONAL - AZORES AIRLINES S.A,PORTUGAL
AZY,-,AZTEC WORLD,AZTEC WORLDWIDE AIRLINES,"AZTEC WORLDWIDE AIRLINES, INC. (FT. LAUDERDALE, FL)",UNITED STATES OF AMERICA
AZU,AD,AZUL,AZUL AIRLINES,AZUL LINHAS AEREAS BRASILEIRAS S/A,BRAZIL
ACN,-,AZUL CONECTA,AZUL CONECTA,AZUL CONECTA LTDA,BRAZIL
AZV,-,AZUR AIR,AZUR AIR,AZUR AIR,RUSSIAN FEDERATION
ALZ,-,AZURE,AZURE AVIATION,AZURE AVIATION LTD,BAHAMAS
AZZ,-,AZZA TRANSPORT,AZZA TRANSPORT,AZZA TRANSPORT CO. LTD,SUDAN
BON,-,BH AIRLINES,B&H AIRLINES,B&H AIRLINES,BOSNIA AND HERZEGOVINA
BBK,-,BABAK,B&K AERO,B&K AERO KZ LLP,KAZAKHSTAN
BCF,-,BACH,B.A.C.H. FLUGBETRIEBS,B.A.C.H. FLUGBETRIEBS GMBH,AUSTRIA
JSG,-,BOOMAIR,B.J. AVIATION,B. J. AVIATION KFT,HUNGARY
CFE,CJ,FLYER,BA CITIFLYER,BA CITYFLYER LIMITED,UNITED KINGDOM
CCI,-,KUNGFU,BAA AVIATION,BAA AVIATION LIMITED,CHINA
ELH,-,LARIO,BABCOCK ITALIA,BABCOCK MISSION CRITICAL SERVICES ITALIA SPA,ITALY
DFL,-,MEDIFLIGHT,BABCOCK SCANDINAVIAN,BABCOCK SCANDINAVIAN AIRAMBULANCE AB,SWEDEN
NKF,-,NORDFLIGHT,BABCOCK SCANDINAVIAN,BABCOCK SCANDINAVIAN AIRAMBULANCE,SWEDEN
BNO,-,NORSE,BABCOCK SCANDINAVIAN,BABCOCK SCANDINAVIAN AIRAMBULANCE AS,NORWAY
FBJ,-,BABY JET,BABY JET AIRLINES,BABY JET AIRLINES LIMITED,GHANA
RPX,-,RAPEX,BAC EXPRESS AIRLINES,BAC EXPRESS AIRLINES LIMITED,UNITED KINGDOM
BAO,-,AVANGARD,BADEN AIRCRAFT OPERATIONS,BADEN AIRCRAFT OPERATIONS GMBH,GERMANY
BXX,-,STRONGBOX,BADLANDS AVIATION,BADLANDS AVIATION,UNITED STATES OF AMERICA
BDR,J4,BADR AIR,BADR AIRLINES,BADR AIRLINES,SUDAN
BAE,-,FELIX,BAE SYSTEMS - CORPORATE,BAE SYSTEMS (CORPORATE AIR TRAVEL) LTD,UNITED KINGDOM
MOG,-,FELIX,BAE SYSTEMS - CORPORATE,BAE SYSTEMS (CORPORATE AIR TRAVEL) LTD,UNITED KINGDOM
VSB,-,VICKERS,BAE SYSTEMS - MARINE,BAE SYSTEMS MARINE LTD.,UNITED KINGDOM
BHS,UP,BAHAMAS,BAHAMAS AIR,BAHAMAS AIR HOLDINGS LTD.,BAHAMAS
BMT,-,SYMONETTE,BAHAMAS HABITAT,"BAHAMAS HABITAT (CARY, NC)",UNITED STATES OF AMERICA
BAB,-,BAHRAIN AIR,BAHRAIN AIR,BAHRAIN AIR,BAHRAIN
BAH,-,BAHRAIN,BAHRAIN ROYAL FLIGHT,BAHRAIN ROYAL FLIGHT (BAH),BAHRAIN
BRJ,-,BAIRLINE,BAIRLINE,BAIRLINE FLUGGESELLSCHAFT MBH & CO.KG,AUSTRIA
BJA,-,BAJA AIR,BAJA AIR,"BAJA AIR, S.A. DE C.V.",MEXICO
BJF,-,BAXA,BAJA FLY,BAJA FLY S. DE R.L. DE C.V.,MEXICO
BAJ,-,BAKER AVIATION,BAKER AVIATION,"BAKER AVIATION, INC. (KOTZEBUE, AK)",UNITED STATES OF AMERICA
KOW,-,RODEO,BAKER AVIATION,"BAKER AVIATION, LLC (FORT WORTH, TX)",UNITED STATES OF AMERICA
BFO,-,BAKHTAR,BAKHTAR AFGHAN AIRLINES,BAKHTAR AFGHAN AIRLINES,AFGHANISTAN
FYT,-,-,BAKHTAR STAR AIRLINES,BAKHTAR STAR AIRLINES,AFGHANISTAN
OGJ,-,BAKO AIR,BAKOJI AIRLINES,BAKOJI AIRLINES SERVICES LTD,NIGERIA
BEF,-,BALEAR EXPRESS,BALEAR EXPRESS,"BALEAR EXPRESS, S.L.",SPAIN
HOA,-,HOLA,BALEARES LINK EXPRESS,BALEARES LINK EXPRESS S.L.,SPAIN
BAA,-,BALKAN AGRO,BALKAN AGRO AVIATION,BALKAN AGRO AVIATION,BULGARIA
BHI,-,SHARIF,BALKH AIRLINES,BALKH AIRLINES,AFGHANISTAN
BAL,-,BALMORAL,BALMORAL CENTRAL CONTRACTS,BALMORAL CENTRAL CONTRACTS,SOUTH AFRICA
BTL,-,BALTIA,BALTIA AIR LINES,"BALTIA AIR LINES, INC. (JAMAICA, NY)",UNITED STATES OF AMERICA
BLL,-,BALTIC AIRLINES,BALTIC AIRLINES,BALTIC AIRLINES,RUSSIAN FEDERATION
BJC,-,BALTIC JET,BALTIC JET AIRCOMPANY,BALTIC JET AIRCOMPANY,LATVIA
BAQ,-,LAT CARGO,BALTIC JET CARGO,BALTIC JET CARGO,LATVIA
BTH,-,BALTIJAS HELICOPTERS,BALTIJAS HELICOPTERS,BALTIJAS HELICOPTERS,LATVIA
BAV,QH,BAMBOO,BAMBOO AIRWAYS,BAMBOO AIRWAYS JSC,VIET NAM
BMX,-,BANXICO,BANCO DE MEXICO,BANCO DE MEXICO,MEXICO
BNS,-,BANCSTAR,BANCSTAR,"VALLEY NATIONAL CORP. D/B/A BANCSTAR (PHOENIX, AZ)",UNITED STATES OF AMERICA
BKP,PG,BANGKOK AIR,BANGKOK AIRWAYS,BANGKOK AIRWAYS PUBLIC COMPANY LIMITED,THAILAND
HAW,-,THAI HAWK,BANGKOK AVIATION CENTER,"BANGKOK AVIATION CENTER CO., LTD",THAILAND
BHD,-,BANGKOK DUSIT,BANGKOK HELICOPTER SERVICES,"BANGKOK HELICOPTER SERVICES CO., LTD",THAILAND
ACJ,-,SINOJET,BANGKOK JETS,"AC AVIATION CO., LTD",THAILAND
BBC,-,BANGLADESH,BANGLADESH BIMAN AIRLINES,BANGLADESH BIMAN AIRLINES,BANGLADESH
XBG,-,-,"BANGOR, MAINE","BANGOR, CITY OF (BANGOR, ME)",UNITED STATES OF AMERICA
BKA,-,BANKAIR,BANKAIR,"BANKAIR, INC. (WEST COLUMBIA, SC)",UNITED STATES OF AMERICA
AJC,-,BAR HARBOR,BAR HARBOR AIRLINES,"BAR HARBOR AIRLINES (BANGOR, ME)",UNITED STATES OF AMERICA
BXH,-,PALLISER,BAR XH,BAR XH AIR INC.,CANADA
BKJ,-,BARKEN JET,BARKEN INTERNATIONAL,"BARKEN INTERNATIONAL, INC. (SALT LAKE CITY, UT)",UNITED STATES OF AMERICA
BKH,-,BARKSTON,BARKSTON HEATH FTU,BARKSTON HEATH FTU,UNITED KINGDOM
BVN,-,SHOW-ME,BARON AVIATION SERVICES,"BARON AVIATION SERVICES, INC. (VICHY, MO)",UNITED STATES OF AMERICA
BRI,-,BARRICK,BARRICK,BARRICK,CHILE
BNI,-,BARTOLINI,BARTOLINI AIR REGIONAL,BARTOLINI AIR REGIONAL,POLAND
XBO,-,-,BASEOPS INTERNATIONAL,"BASEOPS INTERNATIONAL, INC. (HOUSTON, TX)",UNITED STATES OF AMERICA
BFC,-,BASLER,BASLER FLIGHT SERVICE,"BASLER FLIGHT SERVICE, INC. (OSHKOSH, WI)",UNITED STATES OF AMERICA
BWS,-,BASS EXEC,BASS AIRWAYS,BASS AIRWAYS CC,SOUTH AFRICA
BSX,-,BASSAKA,BASSAKA AIR,BASSAKA AIR LTD.,CAMBODIA
BEU,-,BATELEUR,BATELEUR AIR CHARTER SERVICES,BATELEUR AIR CHARTER SERVICES CC,SOUTH AFRICA
BTK,ID,BATIK,BATIK AIR,PT. BATIK AIR INDONESIA,INDONESIA
NMD,-,NOMAD AIR,BAY AIR AVIATION,NOMAD AVIATION (PTY) LTD T/A BAY AIR AVIATION,NAMIBIA
BBW,-,BEEBEE AIRWAYS,BB AIRWAYS,BB AIRWAYS PVT. LIMITED,NEPAL
BBT,-,BIG BLUE,BBN AIRLINES,BBN AIRLINES,TURKEY
BBL,7B*,IRON BIRD,BBN AIRLINES INDONESIA,BBN AIRLINES INDONESIA,INDONESIA
BLS,-,BEARSKIN,BEARSKIN LAKE AIR SERVICE,BEARSKIN LAKE AIR SERVICE LIMITED,CANADA
BES,-,SKYBEES,BEES AIRLINE,BEES AIRLINES,ROMANIA
BBS,-,BEIBARS,BEIBARS,BEIBARS CJSC,KAZAKHSTAN
BJN,-,AIR JINGHUA,BEIJING AIRLINES,"BEIJING AIRLINES CO., LTD",CHINA
CBJ,JD,CAPITAL JET,BEIJING CAPITAL AIRLINES,"BEIJING CAPITAL AIRLINES CO., LTD",CHINA
CWR,-,CITY WORLD,BEIJING CITY INTERNATIONAL BUSINESS JET COMPANY,"BEIJING CITY INTERNATIONAL BUSINESS JET CO., LTD.",CHINA
OUF,-,ELEMENT,BEIJING EOFA INTERNATIONAL JET,"BEIJING EOFA INTERNATIONAL JET CO., LTD.",CHINA
LLJ,-,MAYBOUNE JET,BEIJING MAYBOUNE GENERAL AVIATION,"BEIJING MAYBOUNE GENERAL AVIATION CO., LTD.",CHINA
MYK,-,MYLIN,BEIJING MYKYLIN GENERAL AVIATION,"BEIJING MYKYLIN GENERAL AVIATION CO., LTD.",CHINA
OLD,-,AIR ORENDA,BEIJING ORENDA TRIBE GENERAL AVIATION,"BEIJING ORENDA TRIBE GENERAL AVIATION CO., LTD.",CHINA
BFM,-,FAN MAY,BEIJING PANAM INTERNATIONAL AVIATION ACADEMY,"BEIJING PANAM INTERNATIONAL AVIATION ACADEMY CO., LTD",CHINA
VGB,-,HONG XIANG,BEIJING TIANXINAI GENERAL AVIATION COMPANY,BEIJING TIANXINAI GENERAL AVIATION COMPANY LIMITED,CHINA
BJV,-,BEIJING VISTA,BEIJING VISTAJET AVIATION,"BEIJING VISTAJET AVIATION CO., LTD",CHINA
BWM,-,BEIRUT WINGS,BEIRUT WINGS,BEIRUT WINGS S.A.L,LEBANON
BBX,-,BLUEBEL,BEL AIR AVIATION,BEL AIR AVIATION A/S,DENMARK
FOS,-,-,BEL LTD,BEL LTD,RUSSIAN FEDERATION
BRU,B2,BELARUS AVIA,BELAVIA,BELAVIA-BELARUSIAN AIRLINES,BELARUS
BLG,-,BELGAVIA,BELGAVIA,BELGAVIA (SOCIETE DE HANDLING),BELGIUM
BCG,-,BELGIAN COASTGUARD,BELGIAN  COASTGUARD,MANAGEMENT UNIT OF NORTH SEA MATHEMATICAL MODELS (RBINS-MUMM),BELGIUM
BAF,-,BELGIAN AIRFORCE,BELGIAN AIR FORCE,BELGIAN AIR FORCE,BELGIUM
TXH,-,TEXTRON,BELL HELICOPTERS,BELL HELICOPTERS,CANADA
BEA,-,BELLAGIO AIR,BELLAGIO AIRLINES,BELLAGIO AIRLINES,NIGERIA
BEV,-,BEV AIR,BELLAVIA,BELLAVIA LTD,GREECE
BLC,-,BELLESAVIA,BELLESAVIA,BELLESAVIA,BELARUS
BLV,-,BELLVIEW AIRLINES,BELL-VIEW AIRLINES,BELL-VIEW AIRLINES LIMITED,NIGERIA
BLN,-,BELTON,BELTON AIR,BELTON PARK 59 (PTY) T/A BELTON AIR,SOUTH AFRICA
BMJ,-,BEMIDJI,BEMIDJI AIRLINES,"BEMIDJI AIRLINES (BEMIDJI, MN)",UNITED STATES OF AMERICA
BDI,-,BIRDIE,BENAIR,BENAIR A/S,DENMARK
HAX,-,SCOOP,BENAIR,BENAIR AS,NORWAY
BNV,-,BENANE,BENANE AVIATION CORPORATION,BENANE AVIATION CORPORATION,MAURITANIA
ABT,-,BENWAYS,BENIN AIRLINES,BENIN AIRLINES,BENIN
UAO,-,UNIFORM,BENSON UAS,UAS/AEF BENSON,UNITED KINGDOM
BNT,-,BENTIU AIR,BENTIU AIR TRANSPORT,BENTIU AIR TRANSPORT,SUDAN
GBM,-,BERIEV COMPANY,BERIEV AIRCRAFT COMPANY,BERIEV AIRCRAFT COMPANY,RUSSIAN FEDERATION
BRG,-,BERING AIR,BERING AIR,"BERING AIR, INC. (NOME, AK)",UNITED STATES OF AMERICA
BVT,-,BERJAYA,BERJAYA AIR,BERJAYA AIR SDN BHD,MALAYSIA
BEK,-,BEKAIR,BERKHUT AIR,BERKHUT AIR,KAZAKHSTAN
BMA,2T,GOSLING,BERMUDAIR,BERMUDAIR LIMITED,BERMUDA
BNL,-,MANARA,BERNIQ AIRWAYS,BERNIQ AIRWAYS,LIBYA
BYA,-,BERRY,BERRY AVIATION,"BERRY AVIATION, INC. (SAN MARCOS, TX)",UNITED STATES OF AMERICA
BFD,-,MEDIA JET,BERTELSMANN,"BERTELSMANN AG, GUETERSLOH",GERMANY
BAX,-,-,BEST AERO HANDLING,BEST AERO HANDLING LTD,RUSSIAN FEDERATION
DOW,-,DOWNTOWN,BEST JETS INTERNATIONAL,"BEST JETS INTERNATIONAL (MINNEAPOLIS, MN)",UNITED STATES OF AMERICA
BEY,-,BESTFLY,BESTFLY,"BESTFLY, S.L.",SPAIN
BFY,-,MWANGO BEST,BESTFLY AIRCRAFT MANAGEMENT ARUBA,BESTFLY AIRCRAFT MANAGEMENT ARUBA,NETHERLANDS
BET,-,BETA CARGO,BETA,BETA - BRAZILIAN EXPRESS TRANSPORTES AEREOS LTDA,BRAZIL
BXA,-,BEXAIR,BEXAIR,BAHRAIN EXECUTIVE AIR SERVICES CO. (BEXAIR),BAHRAIN
BNB,-,DAZZLE,BEYOND GENERAL AVIATION,"BEYOND GENERAL AVIATION CO., LTD.",CHINA
BKF,-,BAKERFLIGHT,BF-LENTO,BF-LENTO OY,FINLAND
BGH,-,BALKAN HOLIDAYS,BH AIR,BH AIR,BULGARIA
BHH,-,+,BH HELI,BH HELI LTD,BULGARIA
BHO,-,BHOJA,BHOJA AIRLINES,BHOJA AIRLINES,PAKISTAN
BHZ,-,ALPINE STAR,BHS AVIATION,BHS AVIATION AG,SWITZERLAND
BTN,-,BHUTAN AIR,BHUTAN AIRLINE,BHUTAN AIRLINE,BHUTAN
BGB,-,BIG BEND,BIG BEND COMMUNITY COLLEGE,BIG BEND COMMUNITY COLLEGE,UNITED STATES OF AMERICA
BIG,-,BIG ISLE,BIG ISLAND AIR,"BIG ISLAND AIR, INC. (KAILUA - KONA, HI)",UNITED STATES OF AMERICA
BSY,-,BIG SKY,BIG SKY AIRLINES,"BIG SKY AIRLINES (BILLINGS, MT)",UNITED STATES OF AMERICA
BGX,-,-,BIGAS GRUP,"BIGAS GRUP, S.L.",SPAIN
BHR,-,BIGHORN AIR,BIGHORN AIRWAYS,"BIGHORN AIRWAYS, INC. (SHERIDAN, WY)",UNITED STATES OF AMERICA
...,-,BILLINS,BILLINS AIR SERVICES,BILLINS AIR SERVICES LTD,UNITED KINGDOM
BIL,-,BILAIR,BILLUND AIR CENTER,BILLUND AIR CENTER A/S,DENMARK
BID,-,BINAIR,BINAIR,"BINAIR GMBH, MUENCHEN",GERMANY
BGL,-,BINANI,BINANI AIR,BINANI GLOBAL AIR SERVICES LIMITED,NIGERIA
BGY,-,SKIMMER,BINGO AIRWAYS,BINGO AIRWAYS SP. Z.O.O.,POLAND
BCV,-,MORABEST,BINTER CABO VERDE,"TRANSPORTES INTERILHAS DE CABO VERDE, SOCIEDADE UNIPESSOAL, SA. TICV",CABO VERDE
IBB,NT,BINTER,BINTER CANARIAS,BINTER CANARIAS S.A.,SPAIN
BIO,-,BIOFLIGHT,BIOFLIGHT,BIOFLIGHT A/S,DENMARK
BDH,-,+,BIRD DOG AVIATION,BIRD DOG AVIATION CC.,SOUTH AFRICA
MIS,-,ARTEMIS,BIRD IN A BIPLANE,BIRD IN A BIPLANE LTD,UNITED KINGDOM
BIR,-,BIRD AIR,BIRD LEASING,"BIRD LEASING, INC. (NORTH ANDOVER, MA)",UNITED STATES OF AMERICA
BML,-,BISMILLAH,BISMILLAH AIRLINES,BISMILLAH AIRLINES LTD,BANGLADESH
VLX,-,AVOLAR,BIZ JET CHARTER,"BIZ JET CHARTER, INC. (LAS VEGAS, NV)",UNITED STATES OF AMERICA
BIZ,-,BIZMEX,BIZJET DE MEXICO,BIZJET DE MEXICO S.A. DE C.V.,MEXICO
JSG,-,BOOMAIR,BJ AVIATION,BJ AVIATION KFT,HUNGARY
CKM,-,RIVAFLECHA,BKS AIR,"RIVAFLECHA, S.L. (BKS AIR)",SPAIN
BBB,-,BLACKBIRD,BLACKBIRD AIR,BLACKBIRD AIR A/S,DENMARK
BAK,-,BLACKHAWK,BLACKHAWK AIRWAYS,"BLACKHAWK AIRWAYS, INC. (JANESVILLE, WI)",UNITED STATES OF AMERICA
TJJ,-,BLESSED KID,BLESSINGS AVIATION CHARTER,BLESSINGS AVIATION LTD.,BAHAMAS
BLP,-,-,BLIMP,BLIMP S.L,SPAIN
BKK,-,BLINKAIR,BLINK,BLINK LTD,UNITED KINGDOM
LED,-,SWEEPER,BLOM GEOMATICS,BLOM GEOMATICS AS,NORWAY
BHK,-,BLUHALKIN,BLU HALKIN,BLU HALKIN LTD,UNITED KINGDOM
BLA,0B,BLUE AIR,BLUE AIR,BLUE AIR AVIATION S.A.,ROMANIA
BBJ,-,BLUE KOREA,BLUE AIR LINES,BLUE AIR LINES,REPUBLIC OF KOREA
BBG,-,CANDIA BIRD,BLUE BIRD AIRWAYS,BLUE BIRD AIRWAYS,GREECE
BLB,-,BLUEBIRD SUDAN,BLUE BIRD AVIATION,BLUE BIRD AVIATION CO. LTD,SUDAN
BBY,-,YEMEN BLUE,BLUE BIRD AVIATION,BLUE BIRD AVIATION,YEMEN
BBZ,-,COBRA,BLUE BIRD AVIATION,BLUE BIRD AVIATION LTD,KENYA
HFD,-,HIGHFIELD,BLUE CITY AVIATION,BLUE CITY AVIATION LTD,UNITED KINGDOM
...,-,AIR SAMPLE,BLUE CITY HOLDINGS,"BLUE CITY HOLDINGS, LLC (MOFFETT FIELD, CA)",UNITED STATES OF AMERICA
BDA,-,BLUE DART,BLUE DART AVIATION,BLUE DART AVIATION LTD,INDIA
BLH,-,BLUE HORIZON,BLUE HORIZON TRAVEL CLUB,"BLUE HORIZON TRAVEL CLUB (CINCINNATI, OH)",UNITED STATES OF AMERICA
BCI,SI,BLUE ISLAND,BLUE ISLANDS,BLUE ISLANDS LIMITED,UNITED KINGDOM
BJX,-,BLUE FLIGHT,BLUE JET AIRWAYS,BLUE JET AIRWAYS LIMITED,SOUTH SUDAN
BCJ,-,BLUE BOY,BLUE JET CHARTERS,BLUE JET CHARTERS SP. Z.O.O.,POLAND
BPA,-,BLUE PANORAMA,BLUE PANORAMA AIRLINES,BLUE PANORAMA AIRLINES SPA,ITALY
BLY,-,BLUE AERO,BLUE RIDGE AERO SERVICES,BLUE RIDGE AERO SERVICES,UNITED STATES OF AMERICA
BSF,-,BLUE LIGHT,BLUE SKY AIRWAYS,BLUE SKY AIRWAYS JOINT STOCK COMPANY,VIETNAM
BCA,-,BLUE SKY MONGOLIA,BLUE SKY AVIATION,"BLUE SKY AVIATION CO., LTD",MONGOLIA
SBK,-,MAWINGU,BLUE SKY AVIATION SERVICES,BLUE SKY AVIATION SERVICES LTD,KENYA
BSG,-,-,BLUE SQUARE AVIATION GROUP,BLUE SQUARE AVIATION GROUP MALTA LTD,MALTA
BSD,-,AIRLINES STAR,BLUE STAR AIRLINES,"BLUE STAR AIRLINES, S.A. DE C.V.",MEXICO
BTM,-,BLUE TEAM,BLUE TEAM FLIGHT SCHOOL,BLUE TEAM FLIGHT SCHOOL,SPAIN
BWI,-,BLUE TAIL,BLUE WING AIRLINES,BLUE WING AIRLINES N.V.,SURINAME
BBD,BO,BLUE CARGO,BLUEBIRD CARGO LTD,BLAFUGL EHF.,ICELAND
BKY,-,BLUE AIRWAYS,BLUESKY AIRWAYS,BLUESKY AIRWAYS,BOTSWANA
TFG,-,TRAFALGAR,BLUESTREAM AVIATION,BLUESTREAM AVIATION LTD,UNITED KINGDOM
BWD,-,BLUEWEST,BLUEWEST HELICOPTERS,BLUEWEST HELICOPTERS-GREENLAND APS,DENMARK
BMW,-,BMW-FLIGHT,BMW FLUGDIENST,"BMW FLUGDIENST, MUENCHEN-FLUGHAFEN",GERMANY
BNG,-,VECTIS,BN GROUP,BN GROUP LIMITED,UNITED KINGDOM
BOE,-,BOEING,BOEING,"BOEING COMMERCIAL AIRPLANE GROUP (SEATTLE, WA)",UNITED STATES OF AMERICA
FRE,-,FREEDOM,BOEING TACTICAL,"BOEING TACTICAL (ST.LOUIS, MO)",UNITED STATES OF AMERICA
BIA,-,BOHLKE,BOHLKE INTERNATIONAL AIRWAYS,BOHLKE INTERNATIONAL AIRWAYS,UNITED STATES OF AMERICA
BIN,-,BISON-AIR,BOISE FIRE,"BOISE INTERAGENCY FIRE CENTER (BOISE, ID)",UNITED STATES OF AMERICA
BOR,-,BOLIDORSA,BOLIDOR,BOLIDOR S.A.,URUGUAY
BOV,OB,BOLIVIANA,BOLIVIANA DE AVIACION,EMPRESA PUBLICA NACIONAL ESTRATEGICA BOLIVIANA DE AVIACION,BOLIVIA
BBA,-,BOMBARDIER,BOMBARDIER,BOMBARDIER INC.,CANADA
CDR,-,CANADAIR,BOMBARDIER MONTREAL,BOMBARDIER MONTREAL,CANADA
BCU,-,BACAIR,BOND AIR CARGO,BOND AIR CARGO,UNITED STATES OF AMERICA
BND,-,BOND,BOND AIR SERVICES,BOND OFFSHORE HELICOPTERS LTD,UNITED KINGDOM
BOD,-,UGABOND,BOND AIR SERVICES,BOND AIR SERVICES LTD.,UGANDA
RHD,-,RED HEAD,BOND AIR SERVICES,BOND AIR SERVICES LTD,UNITED KINGDOM
BDX,-,SKY PUSHER,BONDED EXCURSIONS,MAIL BONDED SERVICES INTERNATIONAL LIMITED T/A BONDED EXCURSIONS,BAHAMAS
BOA,-,KUMANOVO,BONIAIR,BONIAIR,NORTH MACEDONIA
BPT,-,BONUS,BONUS AVIATION,BONUS AVIATION,UNITED KINGDOM
IRJ,-,BONYAD AIR,BONYAD AIRLINES,BONYAD AIRLINES,IRAN
BNZ,-,BONZA,BONZA,BONZA AVIATION PTY LTD,AUSTRALIA
BOO,-,BOOKAJET,BOOKAJET,BOOKAJET LTD,UNITED KINGDOM
WYC,-,WYCOMBE,BOOKER AVIATION,AIRWAYS AERO ASSOCIATIONS LTD T/A BOOKER AVIATION,UNITED KINGDOM
BFT,-,BORDER,BORDER AIR TRAINING,BORDER AIR TRAINING,UNITED KINGDOM
BOF,-,BORNFLIGHT,BORNFLY,BORNFLY APS,DENMARK
BDN,-,GAUNTLET,BOSCOMBE DOWN DERA,BOSCOMBE DOWN DERA,UNITED KINGDOM
RRS,-,BLACKBOX,BOSCOMBE DOWN DERA (FORMATION),BOSCOMBE DOWN DERA (FORMATION),UNITED KINGDOM
UAU,-,UNIFORM,BOSCOMBE DOWN UAS,UAS/AEF BOSCOMBE DOWN,UNITED KINGDOM
ZBA,-,BOSKY,BOSKOVIC AIR CHARTERS,"BOSKOVIC, Z, AIR CHARTERS LIMITED",KENYA
CXS,-,CLIPPER CONNECTION,BOSTON-MAINE AIRWAYS,"BOSTON-MAINE AIRWAYS (PORTSMOUTH, NH)",UNITED STATES OF AMERICA
BTR,-,BOTIR-AVIA,BOTIR-AVIA,BOTIR-AVIA,KYRGYZSTAN
BLD,-,BLACKADDER,BOURNEMOUTH FTC,BOURNEMOUTH COMMERCIAL FLIGHT TRAINING CENTRE,UNITED KINGDOM
BTQ,-,BOUTIQUE,BOUTIQUE AIR,BOUTIQUE AIR,UNITED STATES OF AMERICA
BRX,TF,BRAATHENS,BRAATHENS,BRAATHENS REGIONAL AIRWAYS AB,SWEDEN
BIX,TT,SUN TRIP,BRAATHENS INTERNATIONAL,BRAATHENS INTERNATIONAL AIRWAYS AB,SWEDEN
SCW,-,SCANWING,BRAATHENS REGIONAL,BRAATHENS REGIONAL AVIATION AB,SWEDEN
BRN,-,BRANSON,BRANSON AIRLINES,"ECLIPSE AIRLINES, INC. D/B/A BRANSON AIRLINES, INC. (CHANTILLY, VA)",UNITED STATES OF AMERICA
BPC,-,BRASPRESS,BRASPRESS AIR CARGO,BRASPRESS AIR CARGO TRANSPORTES AEREOS,BRAZIL
BRB,-,BRA-TRANSPAEREOS,BRA-TRANSPORTES AEREOS,BRA-TRANSPORTES AEREOS LTDA.,BRAZIL
BRZ,-,GREMAIR,BRAVO AIR,BRAVO AIR LTD,GEORGIA
BAY,-,+,BRAVO AIRWAYS,BRAVO AIRWAYS,UKRAINE
BRS,-,BRAZILIAN AIR FORCE,BRAZILIAN AIR FORCE,BRAZILIAN AIR FORCE,BRAZIL
EXB,-,BRAZILIAN ARMY,BRAZILIAN ARMY AVIATION,BRAZILIAN ARMY AVIATION,BRAZIL
MBR,-,BRAZILIAN NAVY,BRAZILIAN NAVY AVIATION,BRAZILIAN NAVY AVIATION,BRAZIL
BRE,-,AVIABREEZE,BREEZE,BREEZE LTD,UKRAINE
MXY,-,MOXY,BREEZE AIRWAYS,BREEZE AIRWAYS,UNITED STATES OF AMERICA
BRC,-,BRAVI,BREEZE AVIATION,BREEZE AVIATION,BULGARIA
BGR,-,BRIDGER,BRIDGER AEROSPACE,BRIDGER AEROSPACE,UNITED STATES OF AMERICA
BRD,5B,BRIDGES,BRIDGES AVIATION,BRIDGES AIR CARGO LTD,MALTA
BME,-,BRIGGS,BRIGGS MARINE ENVIRONMENTAL SERVICES,BRIGGS MARINE ENVIRONMENTAL SERVICES LTD,UNITED KINGDOM
BFG,-,BRIGHT FLIGHT,BRIGHT FLIGHT,BRIGHT FLIGHT LTD.,BULGARIA
BKO,-,BRIKO,BRIKO AIR SERVICE,BRIKO AIR SERVICE LTD,TRINIDAD AND TOBAGO
TXJ,-,TAIXIANG,BRILLIANT JET,"BRILLIANT JET CO., LTD.",CHINA
BCT,-,-,BRINGER AIR CARGO,BRINGER AIR CARGO TAXI AEREO LTDA.,BRAZIL
BNF,-,BRUNEL,BRISTOL FTC,BRISTOL FLIGHT TRAINING CENTRE LTD,UNITED KINGDOM
BHL,-,BRISTOW,BRISTOW HELICOPTERS,BRISTOW HELICOPTERS GROUP LTD.,UNITED KINGDOM
BHN,-,BRISTOW HELICOPTERS,BRISTOW HELICOPTERS,BRISTOW HELICOPTERS (NIG) LIMITED,UNITED KINGDOM
NOR,-,NORSKE,BRISTOW NORWAY,BRISTOW NORWAY AS,NORWAY
BTZ,-,BRISTOW GROUP,BRISTOW US,"BRISTOW US, LLC (NEW IBERIA, LA)",UNITED STATES OF AMERICA
...,-,TEEFLY,BRITANNIA AIRWAYS,BRITANNIA AIRWAYS LTD,UNITED KINGDOM
BAT,-,GHERKIN,BRITISH AIRWAYS,BRITISH AIRWAYS (BA) LTD,UNITED KINGDOM
BAW,BA,SPEEDBIRD,BRITISH AIRWAYS,BRITISH AIRWAYS P.L.C.,UNITED KINGDOM
EFW,-,GRIFFIN,BRITISH AIRWAYS,BA EUROFLYER,UNITED KINGDOM
XMS,-,SANTA,BRITISH AIRWAYS SANTA,BRITISH AIRWAYS SANTA,UNITED KINGDOM
SHT,-,SHUTTLE,BRITISH AIRWAYS SHUTTLE,BRITISH AIRWAYS SHUTTLE,UNITED KINGDOM
BAN,-,PENGUIN,BRITISH ANTARCTIC SURVEY,BRITISH ANTARCTIC SURVEY,UNITED KINGDOM
BCR,-,BACKER,BRITISH CHARTER,BRITISH CHARTER,UNITED KINGDOM
BGI,-,BRITISH GULF,BRITISH GULF INTERNATIONAL,BRITISH GULF INTERNATIONAL CO. LTD,SAO TOME AND PRINCIPE
BIH,-,BRINTEL,BRITISH INTERNATIONAL,BRITISH INTERNATIONAL,UNITED KINGDOM
BRT,-,BRITISH,BRITISH INTERNATIONAL HELICOPTER SERVICES,BRITISH INTERNATIONAL HELICOPTER SERVICES LIMITED,UNITED KINGDOM
BMD,-,BRITISH MEDICAL,BRITISH MEDICAL CHARTER,BRITISH MEDICAL CHARTER,UNITED KINGDOM
BMR,-,MIDLAND,BRITISH MIDLAND REGIONAL,BRITISH MIDLAND REGIONAL LTD,UNITED KINGDOM
...,-,BELVOIR,BRITISH PARACHUTE SCHOOLS,BRITISH PARACHUTE SCHOOLS,UNITED KINGDOM
SKH,-,SKYNEWS,BRITISH SKY BROADCASTING,BRITISH SKY BROADCASTING LTD,UNITED KINGDOM
BXJ,-,BRIXTEL JET,BRIXTEL GROUP,"BRIXTEL GROUP, INC. (RESTON, VA)",UNITED STATES OF AMERICA
HOT,-,HOT AIR,BROADLAND BALLOON FLIGHTS,BROADLAND BALLOON FLIGHTS,UNITED KINGDOM
CFL,-,CALIBRATION,BROMMA AIR MAINTENANCE,BROMMA AIR MAINTENANCE AB,SWEDEN
BEL,SN,BEELINE,BRUSSELS AIRLINES,BRUSSELS AIRLINES,BELGIUM
BPS,-,BASE,BUDAPEST AIRCRAFT SERVICE,BUDAPEST AIRCRAFT SERVICE LTD,HUNGARY
BHA,-,BUDDHA AIR,BUDDHA AIR,BUDDHA AIR PVT. LTD,NEPAL
BUF,-,SPEEDHAWK,BUFF AIR SERVICES,BUFF AIR SERVICES,KENYA
BFL,-,BUFFALO,BUFFALO AIRWAYS,BUFFALO AIRWAYS LTD.,CANADA
BVA,-,BUFFALO AIR,BUFFALO AIRWAYS,"BUFFALO AIRWAYS (WACO, TX)",UNITED STATES OF AMERICA
OFT,-,OUTFITTER,BUFFALO RIVER AIRCRAFT SERVICES,"BUFFALO RIVER AIRCRAFT SERVICES, LLC",UNITED STATES OF AMERICA
BVL,LB,BULGARY,BUL AIR,BUL AIR LTD.,BULGARIA
LZB,FB,FLYING BULGARIA,BULGARIA AIR,BULGARIA AIR,BULGARIA
AFB,-,BULAF,BULGARIAN AIR FORCE,BULGARIAN AIR FORCE,BULGARIA
BEG,-,BULGARIAN EAGLE,BULGARIAN EAGLE,BULGARIAN EAGLE,BULGARIA
BNA,-,BUN AIR,BUN AIR CORPORATION,"BUN AIR CORPORATION (BEDFORD, PA)",UNITED STATES OF AMERICA
BPO,-,PIROL,"BUNDEPOLIZEI-FLIEGERGRUPPE, ST. AUGUSTIN","BUNDEPOLIZEI-FLIEGERGRUPPE, ST. AUGUSTIN",UNITED STATES OF AMERICA
BMP,-,AIR BAMA,BUNDLED AERIAL MAPPING ASSTS,"BUNDLED AERIAL MAPPING ASSTS, LLC (HUNTSVILLE, AL)",UNITED STATES OF AMERICA
XDA,-,-,BUREAU VERITAS,BUREAU VERITAS S.A.,FRANCE
BFR,-,BURKLINES,BURKINA AIRLINES,BURKINA AIRLINES,BURKINA FASO
BRY,-,BURAIR,BURUNDAYAVIA,BURUNDAYAVIA JSC,KAZAKHSTAN
KBS,-,-,BUSINESS AERO,BUSINESS AERO LLC,RUSSIAN FEDERATION
RLR,-,RATTLER,BUSINESS AIRFREIGHT,"BUSINESS AIRFREIGHT (BENNINGTON, VT)",UNITED STATES OF AMERICA
UNA,-,UNITED ASIA,BUSINESS AVIATION ASIA,BUSINESS AVIATION ASIA LIMITED,UNITED STATES OF AMERICA
DKT,-,DAKOTA,BUSINESS AVIATION COURIER,"BUSINESS AVIATION COURIER, INC. (SIOUX FALLS, SD)",UNITED STATES OF AMERICA
OTA,-,OUTLAW,BUSINESS AVIATIORS INC.,"BUSINESS AVIATIORS INC. (CASPER, WY)",UNITED STATES OF AMERICA
BJS,-,SOLUTION,BUSINESS JET SOLUTIONS,"BUSINESS JET SOLUTIONS (DALLAS, TX)",UNITED STATES OF AMERICA
JMP,-,JUMP RUN,BUSINESS WINGS,"BUSINESS WINGS LUFTFAHRTUNTERNEHMEN GMBH, AHNATAL",GERMANY
BZZ,-,BUZZARD,BUTANE BUZZARD AVIATION CORPORATION,BUTANE BUZZARD AVIATION CORPORATION,UNITED KINGDOM
BUT,-,BUTLERS,BUTLERS AVIATION,BUTLERS AVIATION,BAHAMAS
PPS,-,PIPESTONE,BUTTE AVIATION,"BUTTE AVIATION, INC. (BUTTE, MT)",UNITED STATES OF AMERICA
FXP,-,SUNDIAL,BUZZ AERO,BUZZ AERO S.R.L.,ROMANIA
BVI,-,DRAKE,BV AIRWAYS INC.,BV AIRWAYS INC.,UNITED KINGDOM
BVG,-,BEEVEEGEE VIAJES,BVG VIAJES,"BVG VIAJES, S.A. DE C.V.",MEXICO
BYG,-,BYGONE,BYGONE AVIATION,"BYGONE AVIATION, LLC (GUYMON, OK)",UNITED STATES OF AMERICA
BYS,-,BEL SKY,BYSKY,JOINT STOCK COMPANY AVIACOMPANY BYSKY,BELARUS
RWG,-,RED WING,C & M AIRWAYS,"C & M AIRWAYS, INC. (EL PASO, TX)",UNITED STATES OF AMERICA
TIP,-,TRANSPAC,C AND M AVIATION,"C AND M AVIATION (BUTTE, MT)",UNITED STATES OF AMERICA
CIJ,-,NIKOLAUS,C&I CORPORATION,C&I CORPORATION,ROMANIA
RMU,-,AIR-MAUR,"C.S.P., SOCIETE","C.S.P., SOCIETE",MAURITANIA
BBN,-,BRABAZON,CAA AIRWORTHINESS DIVISION,CAA AIRWORTHINESS DIVISION,UNITED KINGDOM
EXM,-,EXAM,CAA FLIGHT EXAMINERS,CAA FLIGHT EXAMINERS,UNITED KINGDOM
CFU,-,MINAIR,CAA FLYING UNIT,CAA FLYING UNIT,UNITED KINGDOM
AWX,-,ALLWEATHER,CAA IFP,CAA DIRECTORATE OF AIRSPACE POLICY (IFP),UNITED KINGDOM
SDS,-,STANDARDS,CAA TRAINING STANDARDS,CAA TRAINING STANDARDS,UNITED KINGDOM
CVE,-,KABEX,CABO VERDE EXPRESS,CABO VERDE EXPRESS,CABO VERDE
CSR,-,CAESAR,CAE,CAE GMBH,GERMANY
LXC,-,LUXVAN,CAE AVIATION,CAE AVIATION,LUXEMBOURG
CXE,-,CAICOS,CAICOS EXPRESS AIRWAYS,CAICOS EXPRESS AIRWAYS,UNITED KINGDOM
CCE,-,-,CAIRO AVIATION,CAIRO AIR TRANSPORT COMPANY (CAIRO AVIATION),EGYPT
CGC,-,CAL-GULF,CAL GULF AVIATION,CAL GULF AVIATION,SAO TOME AND PRINCIPE
CJZ,-,CALIBER JET,CALIBER JET CHARTER,"CALIBER JET CHARTER, LLC (WESTLAKE, OH)",UNITED STATES OF AMERICA
CSL,-,CALIFORNIA SHUTTLE,CALIFORNIA AIR SHUTTLE,"MINSON AVIATION, INC. D/B/A CALIFORNIA AIR SHUTTLE (OXNARD, CA)",UNITED STATES OF AMERICA
CFR,-,CALFIRE,CALIFORNIA DEPARTMENT OF FORESTRY AND FIRE PROTECTION,CALIFORNIA DEPARTMENT OF FORESTRY AND FIRE PROTECTION,UNITED STATES OF AMERICA
CMV,-,CALIMA,CALIMA DE AVIACION,CALIMA DE AVIACION S.L.,SPAIN
CAV,-,CALM AIR,CALM AIR,CALM AIR,CANADA
CMD,-,CALSTAR MED,CALSTAR,CALSTAR,UNITED STATES OF AMERICA
CMR,-,CAMEO,CAM AIR MANAGEMENT,CAM AIR MANAGEMENT LTD,UNITED KINGDOM
CAM,-,AIR CAMAI,CAMAI-AIR,"VILLAGE AVIATION, INC. D/B/A CAMAI-AIR (BETHEL, AK)",UNITED STATES OF AMERICA
CRC,QC,CAMAIRCO,CAMAIR-CO,CAMEROON AIRLINES CORPORATION (CAMAIR-CO),CAMEROON
CCL,-,ANGKOR WAT,CAMBODIA AIRLINES,CAMBODIA AIRLINES,CAMBODIA
KME,-,GIANT IBIS,CAMBODIA AIRWAYS,"CAMBODIA AIRWAYS CO., LTD.",CAMBODIA
KHV,K6,CAMBODIA AIR,CAMBODIA ANGKOR AIR,"AIR CAMBODIA CO., LTD",CAMBODIA
KHV,K6,CAMBODIA AIR,CAMBODIA ANGKOR AIR,CAMBODIA ANGKOR AIR,CAMBODIA
BYC,-,BAYON AIR,CAMBODIA BAYON AIRLINES,CAMBODIA BAYON AIRLINES,CAMBODIA
JCC,-,CAMBO,CAMBODIA INTERNATIONAL AIRLINES,JC (CAMBODIA) INTERNATIONAL AIRLINES,CAMBODIA
CMM,-,CAMEX ADRIA,CAMEX ADRIA AIRLINES,CAMEX ADRIA AIRLINES D.O.O,SLOVENIA
CMS,-,CAMEX,CAMEX AIRLINES,CAMEX AIRLINES LLC,GEORGIA
CWA,-,CAN WEST,CAN WEST AIR,CAN WEST CORPORATE AIR CHARTERS LTD.,CANADA
CJL,-,JETBUS,CANADA JETLINES,CANADA JETLINES OPERATIONS LTD.,CANADA
TWC,-,CANAIR,CANADIAN AIRWAYS CONGO,CANADIAN AIRWAYS CONGO,CONGO
CFC,-,CANFORCE,CANADIAN ARMED FORCES,CANADIAN ARMED FORCES,CANADA
CTG,-,CANADIAN  COASTGUARD,CANADIAN COAST GUARD,CANADIAN COAST GUARD,CANADA
CDN,-,CANADIAN,CANADIAN HELICOPTERS,CANADIAN HELICOPTERS LIMITED DBA HNZ GLOBAL,CANADA
MPE,-,EMPRESS,CANADIAN NORTH,CANADIAN NORTH INC.,CANADA
CRR,-,RAILCAR,CANADIAN PACIFIC RAILWAY,CANADIAN PACIFIC RAILWAY,CANADA
CWH,-,WARPLANE HERITAGE,CANADIAN WARPLANE HERITAGE MUSEUM,CANADIAN WARPLANE HERITAGE MUSEUM,CANADA
CAU,-,CANARIAS LINK,CANARIAS AERONAUTICA,"CANARIAS AERONAUTICA, S.L.",SPAIN
CNF,PM,CANARY,CANARYFLY,CANARY FLY S.L.,SPAIN
CNA,-,CANAVIA,CANAVIA LINEAS AEREAS,CANAVIA LINEAS AEREAS S.L.,SPAIN
MFC,-,EAST WIND,CANLINK AVIATION,CANLINK AVIATION INC.,CANADA
KAP,-,CAIR,CAPE AIR,"HYANNIS AIR SERVICE, INC. D/B/A CAPE AIR (HYANNIS, MA)",UNITED STATES OF AMERICA
SEM,-,SEMO,CAPE CENTRAL AIRWAYS,"CAPE CENTRAL AIRWAYS, INC. (CAPE GIRARDEAU, MO)",UNITED STATES OF AMERICA
CPX,-,CAPAIR,CAPITAL AIR SERVICE,"CAPITAL AIR SERVICE, INC. (MANHATTAN, KS)",UNITED STATES OF AMERICA
EGL,-,PRESTIGE,CAPITAL AIR SERVICE,CAPITAL AIR SERVICE LTD,UNITED KINGDOM
WDK,-,WOODSTOCK,CAPITAL AIR SERVICES,CAPITAL AIR SERVICES,UNITED KINGDOM
CGP,-,CAPGROUP,CAPITAL AIRCRAFT GROUP,CAPITAL AIRCRAFT GROUP,BELGIUM
CPD,-,CAPITAL DELTA,CAPITAL AIRLINES,CAPITAL AIRLINES LIMITED,KENYA
NCP,-,CAPITAL SHUTTLE,CAPITAL AIRLINES,CAPITAL AIRLINES LIMITED,NIGERIA
CCQ,-,CAP CITY,CAPITAL CITY AIR CARRIERS,"CAPITAL CITY AIR CARRIERS, INC. (PIERRE, SD)",UNITED STATES OF AMERICA
BSH,-,CAPITAL ROTOR,CAPITAL HELICOPTER,"BEIJING CAPITAL AIRLINES HELICOPTER GENERAL AVIATION SERVICES CO., LTD",CHINA
CCJ,-,CAP JET,CAPITAL JET CHARTER,CAPITAL JET CHARTER CORP.,UNITED STATES OF AMERICA
CWZ,-,CAPWINGS,CAPITOL WINGS AIRLINE,"CAPITOL WINGS AIRLINE, INC. (AUSTIN, TX)",UNITED STATES OF AMERICA
VAN,-,CAMEL,CARAVAN AIR,CARAVAN AIR,MAURITANIA
CAD,-,CARDIG AIR,CARDIG AIR,"CARDIG AIR, PT.",INDONESIA
CFH,-,CARE FLIGHT,CARE FLIGHT,CARE FLIGHT (NSW) LIMITED,AUSTRALIA
GGC,-,LONG-HAUL,CARGO 360,"CARGO 360, INC. (SEATTLE, WA)",UNITED STATES OF AMERICA
CGF,-,CLEVER,CARGO AIR,CARGO AIR LTD,BULGARIA
CBB,-,CARGO-BEE,CARGO B AIRLINES,CARGO B AIRLINES N.V./S.A.,BELGIUM
MCX,-,MAURICARGO,CARGO EXPRESS,CARGO EXPRESS,MAURITANIA
CLM,-,CARGO LINK,CARGO LINK,CARGO LINK (CARIBBEAN) INC.,BARBADOS
CTW,-,THIRD CARGO,CARGO THREE INC.,CARGO THREE INC.,PANAMA
CJT,W8,CARGOJET,CARGOJET AIRWAYS,CARGOJET AIRWAYS INC.,CANADA
GOL,-,CARGOLAAR,CARGOLAAR,CARGOLAAR CC,NAMIBIA
GCL,-,SAXONIAN,CARGOLOGIC GERMANY,CARGOLOGIC GERMANY GMBH,GERMANY
CLU,P3,FIREBIRD,CARGOLOGICAIR,CARGOLOGICAIR LTD,UNITED KINGDOM
CLX,CV,CARGOLUX,CARGOLUX,"CARGOLUX AIRLINES INTERNATIONAL, S.A.",LUXEMBOURG
ICV,-,CARGOLUX ITALIA,CARGOLUX ITALIA,CARGOLUX ITALIA S.P.A.,ITALY
BCB,-,WAVEBIRD,CARIB EXPRESS,CARIB EXPRESS,BARBADOS
DCC,-,CARICARGO,CARIBBEAN AIR CARGO,CARIBBEAN AIR CARGO,BARBADOS
BWA,BW,CARIBBEAN AIRLINES,CARIBBEAN AIRLINES,CARIBBEAN AIRLINES LIMITED,TRINIDAD AND TOBAGO
IQQ,-,CARIBJET,CARIBBEAN AIRWAYS,CARIBBEAN AIRWAYS,BARBADOS
CRB,-,CARIBBEAN COMMUTER,CARIBBEAN COMMUTER AIRWAYS,KUYAKE AVIATION INC D/B/A CARIBBEAN COMMUTER AIRWAYS,SURINAME
TLC,-,CARIB-X,CARIBBEAN EXPRESS,"CARIBBEAN EXPRESS, INC. (MIAMI SPRINGS, FL)",UNITED STATES OF AMERICA
CRT,-,CARIBINTAIR,CARIBINTAIR,CARIBINTAIR S.A.,HAITI
CCB,-,DOLPHIN,CARICOM AIRWAYS,CARICOM AIRWAYS (BARBADOS) INC.,BARBADOS
CCK,-,CARLISLE AIR,CARLISLE AIR GROUP,CARLISLE AIR CORPORATION,UNITED STATES
KRP,V3,CARPATAIR,CARPATAIR,CARPATAIR S.A.,ROMANIA
CRN,-,CARSON,CARSON AIR,CARSON AIR LTD.,CANADA
CBF,-,BIGFOOT,CASCADIA AIRWAYS,CASCADIA AIRWAYS INC,CANADA
CMT,-,CASEMENT,CASEMENT AVIATION,"CASEMENT AVIATION (PLAINESVILLE, OH)",UNITED STATES OF AMERICA
CSO,-,CASAIR,CASINO AIRLINES,"CASINO AIRLINES, INC. (SHREVEPORT, LA)",UNITED STATES OF AMERICA
CSP,-,CASPER AIR,CASPER AIR SERVICE,"CASPER AIR SERVICE,INC.(CASPER, WY)",UNITED STATES OF AMERICA
CPN,-,CASPIAN,CASPIAN AIRLINES,CASPIAN AIRLINES,IRAN
CPS,-,SWIFT BIRD,"CASS PROFESSIONAL SERVICES, CORP.","CASS PROFESSIONAL SERVICES, CORP.",UNITED STATES OF AMERICA
OMT,-,-,CASTILLO MOURRA,CASTILLO MOURRA,HONDURAS
...,-,CASTLEFILM,CASTLE AIR CHARTER,CASTLE AIR CHARTER LIMITED,UNITED KINGDOM
CSJ,-,CASTLE,CASTLE AVIATION,"CASTLE AVIATION, INC. (RAVENNA, OH)",UNITED STATES OF AMERICA
CAZ,-,EUROCAT,CAT AVIATION,CAT AVIATION AG,SWITZERLAND
HCT,-,ROTORCAT,CAT HELICOPTERS,CAT HELICOPTERS S.L.,SPAIN
CIS,-,CAT ISLAND,CAT ISLAND AIR,CAT ISLAND AIR,BAHAMAS
CBT,-,CATALINA AIR,CATALINA FLYING BOATS,"CATALINA FLYING BOATS, INC. (LONG BEACH, CA)",UNITED STATES OF AMERICA
CPA,CX,CATHAY,CATHAY PACIFIC,CATHAY PACIFIC AIRWAYS LTD.,HONG KONG
VCG,-,THUNDER CAT,CATREUS,CATREUS AOC LTD,UNITED KINGDOM
CJR,-,CAVERTON AIR,CAVERTON HELICOPTERS,CAVERTON HELICOPTERS LTD,NIGERIA
CVK,-,CARGO LINE,CAVOK AIRLINES,CAVOK AIRLINES,UKRAINE
CAY,-,CAYMAN,CAYMAN AIRWAYS,CAYMAN AIRWAYS LTD.,UNITED KINGDOM
SRQ,-,BLUE JAY,CEBGO,"CEBGO, INC. DBA CEBGO",PHILIPPINES
CEB,5J,CEBU AIR,CEBU PACIFIC,"CEBU PACIFIC AIR, INC.",PHILIPPINES
CDX,-,CEDAREX,CEDAR EXECUTIVE,CEDAR EXECUTIVE,LEBANON
CEG,-,CEGA,CEGA AVIATION LIMITED,CEGA AVIATION LIMITED,UNITED KINGDOM
CEL,-,CEIBA LINE,CEIBA INTERCONTINENTAL,CEIBA INTERCONTINENTAL,EQUATORIAL GUINEA
CLJ,-,CELLOJET,CELLO AVIATION,CELLO AVIATION LTD,UNITED KINGDOM
KEM,-,CEMAIR,CEMAIR,CEMAIR (PTY) LTD,SOUTH AFRICA
VME,-,AVIAMERICA,CEMEX OPERACIONES,CEMEX OPERACIONES MEXICO S.A. DE C.V.,MEXICO
CNL,-,WYO-AIR,CENTENNIAL AIRLINES,"CENTENNIAL AIRLINES, INC. (LARAMIE, WY)",UNITED STATES OF AMERICA
CVO,-,CENTERVOL,CENTER VOL,CENTER VOL S.A.,SPAIN
CFK,-,-,CENTRAFRIC'AIR,CENTRAFRIC'AIR S.A.,CENTRAL AFRICAN REPUBLIC
CET,-,CENTRAFRICAIN,CENTRAFRICAN AIRLINES,CENTRAFRICAN AIRLINES,CENTRAL AFRICAN REPUBLIC
CAE,-,EXPRESS CENTRAF,CENTRAFRIQUE AIR EXPRESS,CENTRAFRIQUE AIR EXPRESS,CENTRAL AFRICAN REPUBLIC
CTL,-,CENTRAL COMMUTER,CENTRAL AIR SOUTHWEST,"CENTRAL AIR SOUTHWEST, INC. (CUSHING, OK)",UNITED STATES OF AMERICA
CEN,-,SHUMBA,CENTRAL AIR TRANSPORT SERVICES,CENTRAL AIR TRANSPORT SERVICES,ZIMBABWE
HLF,-,HOMELAND,CENTRAL AIRLINES,"CENTRAL AIRLINES CO., LTD",CHINA
CEW,-,TRYDONAIR,CENTRAL AIRWAYS,CENTRAL AIRWAYS,CENTRAL AFRICAN REPUBLIC
CRW,-,CENTRAL AMERICAN,CENTRAL AMERICAN AIRWAYS,CENTRAL AMERICAN AIRWAYS,HONDURAS
CBK,-,STALBEK AIR,CENTRAL ASIAN SERVICES,CENTRAL ASIAN SERVICES,KYRGYZSTAN
YOG,-,YOGAN AIR,CENTRAL AVIATION,"CENTRAL AVIATION, INC. (CHICAGO, IL)",UNITED STATES OF AMERICA
CHA,-,CHARTER CENTRAL,CENTRAL FLYING SERVICE,"CENTRAL FLYING SERVICE, INC. (LITTLE ROCK, AR)",UNITED STATES OF AMERICA
CEH,-,-,CENTRAL HELICOPTER SERVICE,"CENTRAL HELICOPTER SERVICE, LTD",JAPAN
GLR,-,GLACIER,CENTRAL MOUNTAIN AIR,CENTRAL MOUNTAIN AIR LTD,CANADA
CEV,-,CENTEV,CENTRE D'ESSAIS EN VOL,CENTRE D'ESSAIS EN VOL,FRANCE
ZFZ,-,-,CENTRE IN CHARGE OF A FLIGHT INFORMATION REGION OR AN UPPER FLIGHT INFORMATION REGION (WHETHER ACC OR FIC).,CENTRE IN CHARGE OF A FLIGHT INFORMATION REGION OR AN UPPER FLIGHT INFORMATION REGION (WHETHER ACC OR FIC) WHEN THE MESSAGE IS R,ICAO
ZQZ,-,-,CENTRE IN CHARGE OF FLIGHT INFORMATION REGION OR AN UPPER FLIGHT INFORMATION REGION (WHETHER ACC OR FIC).,CENTRE IN CHARGE OF FLIGHT INFORMATION REGION OR AN UPPER FLIGHT INFORMATION REGION (WHETHER ACC OR FIC) WHEN THE MESSAGE IS REL,ICAO
CLF,-,CLIFTON,CENTRELINE AV,CENTRELINE AV,UNITED KINGDOM
ACF,-,FORCAN,CENTRO DE FORMACION AERONAUTICA DE CANARIAS,CENTRO DE FORMACION AERONAUTICA DE CANARIAS CFACA SL,SPAIN
JLH,-,CESA,CENTRO DE SERVICIO AERONAUTICO,CENTRO DE SERVICIO AERONAUTICO S.A DE C.V.,MEXICO
CWC,-,CHALLENGE CARGO,CENTURION AIR CARGO,"CENTURION AIR CARGO, INC. (MIAMI, FL)",UNITED STATES OF AMERICA
XAD,-,-,CERTIFIED AIRCRAFT DISPATCH,"CERTIFIED AIRCRAFT DISPATCH, INC. (MIAMI, FL)",UNITED STATES OF AMERICA
CEZ,-,CESSZANI,CESSZANI AVIATION,CESSZANI AVIATION,SOUTH AFRICA
CFX,-,CEEFA CHARTER,CFA AIR CHARTERS,CFA AIR CHARTERS (PTY) LTD,SOUTH AFRICA
IRU,-,CHABAHAR,CHABAHAR AIRLINE,CHABAHAR AIRLINE,IRAN
GSW,-,EIGER,CHAIR AIRLINES,CHAIR AIRLINES AG,SWITZERLAND
CHR,-,CHAIRMAN,CHAIRMAN AIRMOTIVE II,"CHAIRMAN AIRMOTIVE II, LLC",UNITED STATES OF AMERICA
CLG,-,CHALLAIR,CHALAIR AVIATION,CHALAIR AVIATION,FRANCE
CHK,-,CHALKS,CHALKS INTERNATIONAL AIRLINES,"FLYING BOAT, INC. D/B/A CHALKS INTERNATIONAL AIRLINES (FT. LAUDERDALE, FL)",UNITED STATES OF AMERICA
CLS,-,AIRISTO,CHALLENGE AIR,"CHALLENGE AIR LUFTVERKEHRS GMBH, TROISDORF",GERMANY
CHZ,-,CARGO ROCK,CHALLENGE AIR CARGO,CHALLENGE AIR CARGO LIMITED,MALTA
ICL,5C,CAL,CHALLENGE AIRLINES,CHALLENGE AIRLINES (IL) LTD.,ISRAEL
CHG,X7,CHALLENGE,CHALLENGE AIRLINES,CHALLENGE AIRLINES (BE) S.A.,BELGIUM
...,-,TIGER,CHALLENGES AVIATION,CHALLENGES AVIATION LIMITED,UNITED KINGDOM
...,-,HERITAGE,CHALLENGES LIMITED,CHALLENGES LIMITED,UNITED KINGDOM
SAW,-,SHAMWING,CHAM WING AIRLINES,CHAM WING AIRLINES,SYRIAN ARAB REPUBLIC
CCP,-,CHAMPION AIR,CHAMPION AIR,"GRAND HOLDINGS, INC. CHAMPION AIR (MANHATTAN BEACH, CA)",UNITED STATES OF AMERICA
NCH,-,CHANCHANGI,CHANCHANGI AIRLINES,CHANCHANGI AIRLINES (NIGERIA) LIMITED,NIGERIA
CHN,-,CHANNEL,CHANNEL ISLAND AVIATION,"CHANNEL ISLAND AVIATION (OXNARD, CA)",UNITED STATES OF AMERICA
WML,-,MARLIN,CHANTILLY AIR,"CHANTILLY AIR, INC. (MANASSAS, VA)",UNITED STATES OF AMERICA
CPL,-,CHAPARRAL,CHAPARRAL AIRLINES,"CHAPARRAL AIRLINES (ABILENE, TX)",UNITED STATES OF AMERICA
HMD,-,HAMMOND,CHARLIE HAMMONDS FLYING SERVICE,"CHARLIE HAMMONDS FLYING SERVICE, INC. (HOUMA, LA)",UNITED STATES OF AMERICA
RKJ,-,ARCA JET,CHARTER AIRLINES,"CHARTER AIRLINES, LLC",UNITED STATES OF AMERICA
LTC,-,CHARTER JETS,CHARTER JETS,CHARTER JETS,LITHUANIA
CTS,-,EXECUTIVE,CHARTERS EJECUTIVOS,CHARTERS EJECUTIVOS SA DE CV,MEXICO
SCS,-,SOUTHERN CHARTERS,CHARTERS LTD,CHARTERS (SOUTH AFRICAN NON SCHEDULED AIRWAYS (PTY) LTD),SOUTH AFRICA
HRT,-,CHARTRIGHT,CHARTRIGHT AIR,CHARTRIGHT AIR INC.,CANADA
CHQ,-,CHAUTAUQUA,CHAUTAUQUA AIRLINES,"CHAUTAUQUA AIRLINES (JAMESTOWN, NY)",UNITED STATES OF AMERICA
HMB,-,HUMMINGBIRD,CHC GLOBAL OPERATIONS,CHC GLOBAL OPERATIONS,CANADA
GCY,-,HELIBIRD,CHC GLOBAL OPERATIONS INTERNATIONAL,CHC GLOBAL OPERATIONS INTERNATIONAL,CANADA
RBD,-,REDBIRD,CHC HELICOPTERS CANADA,CHC HELICOPTERS CANADA INC.,CANADA
HNL,-,MAPLELEAF,CHC HELICOPTERS NETHERLANDS,CHC HELICOPTERS NETHERLANDS,NETHERLANDS
ATQ,-,COLIBRI,CHC HELICOPTERS NIGERIA,CHC HELICOPTERS NIGERIA LIMITED,NIGERIA
HKS,-,HELIBUS,CHC HELIKOPTER SERVICE,CHC HELIKOPTER SERVICE AS,NORWAY
CHM,-,-,CHEMECH AVIATION,CHEMECH AVIATION (PVT) LIMITED,PAKISTAN
UEA,-,UNITED EAGLE,CHENGDU AIRLINES,"CHENGDU AIRLINES CO., LTD",CHINA
...,-,ASTON,CHEQAIR,CHEQAIR,UNITED KINGDOM
FSS,-,ABACO,CHEROKEE AIR,CHEROKEE AIR LIMITED,BAHAMAS
CCY,-,CHERRY,CHERRY AIR,"CHERRY AIR, INC. (DALLAS, TX)",UNITED STATES OF AMERICA
CAB,-,CHESAPEAKE AIR,CHESAPEAKE AIR SERVICE,"CHESAPEAKE AIR SERVICE (PASADENA, MD)",UNITED STATES OF AMERICA
GLH,-,GULFHAWK,CHEVRON CORPORATION,CHEVRON CORPORATION,UNITED STATES OF AMERICA
CVR,-,CHEVRON,CHEVRON U.S.A.,"CHEVRON U.S.A. (NEW ORLEANS, LA)",UNITED STATES OF AMERICA
CYA,-,CHEYENNE AIR,CHEYENNE AIRWAYS,"CHEYENNE AIRWAYS, INC. (CHEYENNE, WY)",UNITED STATES OF AMERICA
CGO,-,WILD ONION,CHICAGO AIR,"CHICAGO AIR, INC. (CHICAGO, IL)",UNITED STATES OF AMERICA
WDY,-,WINDY CITY,CHICAGO JET GROUP,"CHICAGO JET GROUP, LLC (SUGAR GROVE, IL)",UNITED STATES OF AMERICA
AIO,-,AIR CHIEF,"CHIEF OF STAFF, UNITED STATES AIR FORCE","CHIEF OF STAFF, UNITED STATES AIR FORCE (ANDREWS AFB, MD)",UNITED STATES OF AMERICA
CCH,-,CHILCHOTA,CHILCHOTA TAXI AEREO,"CHILCHOTA TAXI AEREO, S.A. DE C.V.",MEXICO
ETN,-,CHIMNIR,CHIM-NIR AVIATION,CHIM-NIR AVIATION,ISRAEL
CCO,-,AVIC CARGO,CHINA AIR CARGO,"CHINA AIR CARGO CO., LTD",CHINA
CAL,CI,DYNASTY,CHINA AIRLINES,CHINA AIRLINES,TAIPEI
CKK,CK,CARGO KING,CHINA CARGO AIRLINES,CHINA CARGO AIRLINES LTD,CHINA
LHA,-,AIR CANTON,CHINA CENTRAL LONGHAO AIRLINES,"CHINA CENTRAL LONGHAO AIRLINES CO., LTD.",CHINA
FTU,-,FLIGHT UNIVERSITY,CHINA CIVIL AVIATION FLIGHT UNIVERSITY,CHINA CIVIL AVIATION FLIGHT UNIVERSITY,CHINA
CES,MU,CHINA EASTERN,CHINA EASTERN AIRLINES,"CHINA EASTERN AIRLINES CO., LTD",CHINA
CEC,-,EASTERN JET,CHINA EASTERN BUSINESS JET,"CHINA EASTERN BUSINESS JET CO. ,LTD.",CHINA
HXA,G5,CHINA EXPRESS,CHINA EXPRESS AIRLINES,"CHINA EXPRESS AIRLINES CO., LTD",CHINA
CFZ,-,ZHONGFEI,CHINA FLIGHT GENERAL AVIATION COMPANY,CHINA FLIGHT GENERAL AVIATION COMPANY,CHINA
CFA,-,FEILONG,CHINA FLYING DRAGON AVIATION,CHINA FLYING DRAGON AVIATION CO.,CHINA
CYZ,CF,CHINA POST,CHINA POSTAL AIRLINES,CHINA POSTAL AIRLINES LTD,CHINA
CSN,CZ,CHINA SOUTHERN,CHINA SOUTHERN AIRLINES,CHINA SOUTHERN AIRLINES,CHINA
CYH,-,YUHAO,CHINA SOUTHERN AIRLINES,CHINA SOUTHERN AIRLINES HENAN CO. LTD,CHINA
CSG,-,SOUTHERN CARGO,CHINA SOUTHERN AIRLINES CARGO,CHINA SOUTHERN AIRLINES CARGO,CHINA
SAG,-,AERO EAGLE,CHINA SOUTHERN AIRLINES GENERAL AVIATION,CHINA SOUTHERN AIRLINES GENERAL AVIATION LIMITED,CHINA
CXN,-,STRONG AIR,CHINA SOUTHERN AIRLINES XIONG AN AIRLINES COMPANY,CHINA SOUTHERN AIRLINES XIONG AN AIRLINES COMPANY LIMITED,CHINA
CUA,-,CHINA UNITED,CHINA UNITED AIRLINES,"CHINA UNITED AIRLINES CO., LTD.",CHINA
CHS,-,+,CHINGGIS AIRWAYS,CHINGGIS AIRWAYS,MONGOLIA
CGU,-,CHINGUETTI,CHINGUETTI AIRLINES,CHINGUETTI AIRLINES,MAURITANIA
CEP,-,CHIPOLA,CHIPOLA AVIATION,"CHIPOLA AVIATION, INC. (MARIANNA, FL)",UNITED STATES OF AMERICA
CDQ,-,CHODANG FLIGHT,CHODANG UNIVERSITY,CHODANG UNIVERSITY,REPUBLIC OF KOREA
CSX,-,CHOICE AIR,CHOICE AIRWAYS,"CHOICE AIRWAYS, INC. (SUNRISE, FL)",UNITED STATES OF AMERICA
CQN,-,CHONG QING,CHONG QING AIRLINES,"CHONG QING AIRLINES CO., LTD",CHINA
CFB,-,FOREBASE,CHONGQING FOREBASE GENERAL AVIATION,"CHONGQING FOREBASE GENERAL AVIATION CO., LTD",CHINA
CAS,-,CHRISTMAN,CHRISTMAN AIR SYSTEM,"CHRISTMAN AIR SYSTEM (WASHINGTON, PA)",UNITED STATES OF AMERICA
CHO,-,CHROME AIR,CHROME AIR SERVICES,CHROME AIR SERVICES LTD,NIGERIA
NDL,-,NEEDLE,CHRONO AVIATION,CHRONO AVIATION INC. D/B/A CHRONO AVIATION,CANADA
MBK,-,MATBLACK,CHRONO JET,CHRONO JET INC,CANADA
CHU,-,CHURCHAIR,CHURCH AIRCRAFT,"CHURCH AIRCRAFT LTD (DENVER, CO)",UNITED STATES OF AMERICA
UAX,-,UNIFORM,CHURCH FENTON UAS,UAS/AEF CHURCH FENTON,UNITED KINGDOM
CVX,-,CIACA,CIACA,CENTRO INDUSTRIAL AERONAUTICO C.A. (CIACA),VENEZUELA
CIL,-,CIAF LEASING,CIAF LEASING,CIAF LEASING,EGYPT
CRA,-,CIMAS,CIMAS,CIMAS EMERGENCY AIR RESCUE SERVICE,ZIMBABWE
WVE,-,CLEAR WAVE,CIMEX ENVIRONMENTAL,"CIMEX ENVIRONMENTAL, LLC",UNITED STATES OF AMERICA
CYC,-,CIRCADIAN,CIRCAFIAN AVIATION,CIRCADIAN AVIATION LLC,UNITED STATES
NTS,-,NITE STAR,CIRRUS AIR,"CIRRUS AIR, INC. (DALLAS, TX)",UNITED STATES OF AMERICA
XCX,-,-,CITIBANK,"CITIBANK, N.A. (NEWARK, NJ)",UNITED STATES OF AMERICA
CTV,-,SUPERGREEN,CITILINK INDONESIA,CITILINK INDONESIA,INDONESIA
VAX,-,VANTAGE,CITIZEN AIRWAYS,CITIZEN AIRWAYS,CANADA
VCI,-,CI-TOURS,CI-TOURS,CI-TOURS,COTE D'IVOIRE
LHX,VL,CITYAIR,CITY AIRLINES,CITY AIRLINES GMBH,GERMANY
GTA,-,CITY AIRWAYS,CITY AIRWAYS,CITY AIRWAYS CO. LTD,THAILAND
CIX,-,CONNEXION,CITY CONNEXION AIRLINES,CITY CONNEXION AIRLINES,BURUNDI
BCY,WX,CITY IRELAND,CITYJET,CITYJET,IRELAND
CNB,-,CITYHUN,CITYLINE HUNGARY,CITYLINE HUNGARY LTD,HUNGARY
CAP,-,CAP,CIVIL AIR PATROL,"UNITED STATES AIR FORCE AUXILIARY / CIVIL AIR PATROL (RICHMOND, VA)",UNITED STATES OF AMERICA
CPF,-,CAP-FLIGHT,CIVIL AIR PATROL,"US AIR FORCE AUXILIARY, CIVIL AIR PATROL (MAXWELL AFB, AL)",UNITED STATES OF AMERICA
BKR,-,BOX KAR,"CIVIL AIR PATROL, SOUTH CAROLINA WING","CIVIL AIR PATROL, SOUTH CAROLINA WING (COLUMBIA, SC)",UNITED STATES OF AMERICA
CIV,-,CIVAIR,CIVIL AVIATION AUTHORITY OF NEW ZEALAND,CIVIL AVIATION AUTHORITY OF NEW ZEALAND,NEW ZEALAND
CAA,-,INSPECTOR,CIVIL AVIATION AUTHORITY OF THE CZECH REPUBLIC,CIVIL AVIATION AUTHORITY OF THE CZECH REPUBLIC,CZECHIA
CKC,-,-,CKC SERVICES,"CKC SERVICES, INC. (NEWPORT BEACH, CA)",UNITED STATES OF AMERICA
FMC,-,CLAESSENS,CLAESSENS INTERNATIONAL LTD.,CLAESSENS INTERNATIONAL LTD.,UNITED KINGDOM
CLK,-,CLARKAIR,CLARK AVIATION CORP.,"CLARK AVIATION CORP. (NEW CUMBERLAND, PA)",UNITED STATES OF AMERICA
CSF,-,CALEDONIAN,CLASAIR,CLASAIR,UNITED KINGDOM
DUC,-,RICHAT,CLASS AVIATION,CLASS AVIATION,MAURITANIA
RMN,-,RAINMAN,CLASSIC FLIGHT TRAINING SERVICES,CLASSIC FLIGHT TRAINING SERVICES LTD,UNITED KINGDOM
LLT,-,CLASSIC JET,CLASSIC JET,CLASSIC JET,LITHUANIA
â€¦,-,CLASSIC WINGS,CLASSIC WINGS,CLACTON AERO CLUB 1988 LTD,UNITED KINGDOM
…,-,CLASSIC WINGS,CLASSIC WINGS,CLACTON AERO CLUB 1988 LTD,UNITED KINGDOM
CLY,-,CLAY-LACY,CLAY LACY AVIATION,"CLAY LACY AVIATION (SEATTLE, WA)",UNITED STATES OF AMERICA
CLN,-,CLEOPATRA,CLEOPATRA AVIATION,CLEOPATRA AVIATION,EGYPT
CGK,-,CLICK AIR,CLICK AIRWAYS,CLICK AIRWAYS,UNITED ARAB EMIRATES
CLI,-,CLICKJET,CLICKAIR,"CLICKAIR, S.A.",SPAIN
CLC,-,MOTHERSHIP,CLOUD 9 AIR CHARTERS,SCAMBESCO CC TRADING AS CLOUD 9 AIR CHARTERS,SOUTH AFRICA
CLZ,-,CLOUDLINE,CLOUD 9 AIR CHARTERS,CLOUD 9 AIR CHARTERS,SOUTH AFRICA
CLD,-,CLOWES,CLOWES ESTATES,CLOWES ESTATES LTD,UNITED KINGDOM
CAG,-,-,CLUB ACROBATICO MEDITERRANEO,CLUB ACROBATICO MEDITERRANEO,SPAIN
VIJ,-,AERO VIGO,CLUB AERO VIGO,CLUB AERO VIGO,SPAIN
CLT,-,-,CLUB AEROCELTA DE VUELO CON MOTOR,CLUB AEROCELTA DE VUELO CON MOTOR,SPAIN
TSX,-,-,CLUB DE VUELO TAS,CLUB DE VUELO TAS,SPAIN
CMZ,-,CEE-EM STAIRS,CM STAIR,"CM STAIR, COMPAGNIE MAURITANIENNE DES SERVICES ET TRANSPORT AERIEN",MAURITANIA
CMA,-,FRENCH CARGO,CMA CGM AIR CARGO,CMA CGM AIR CARGO,FRANCE
CMC,-,ESTERLINE,CMC ELECTRONICS,CMC ELECTRONICS INC.,CANADA
ORO,-,CAPRI,CNAIR,"CNAIR, S.A.",SPAIN
CXT,-,COASTAL,COASTAL AIR TRANSPORT,"COASTAL AIR TRANSPORT (CHRISTIANSTED, ST. CROIX)",UNITED STATES OF AMERICA
TCL,-,TRANS COASTAL,COASTAL AIR TRANSPORT,"ESCAPE AVIATION D/B/A COASTAL AIR TRANSPORT (FAIRHOPE, AL)",UNITED STATES OF AMERICA
CNG,-,SID-AIR,COASTAL AIRWAYS,"COASTAL AIRWAYS (GULFPORT, MS)",UNITED STATES OF AMERICA
CSV,-,COASTAL TRAVEL,COASTAL TRAVELS,COASTAL TRAVELS LIMITED,TANZANIA
CNS,-,CHRONOS,COBALT AIR,"COBALT AIR, LLC (PORTSMOUTH NH)",UNITED STATES OF AMERICA
FCB,-,APOLLO,COBALTAIR,COBALTAIR LIMITED,CYPRUS
QJE,-,+,COBHAM AVIATION SERVICES,COBHAM AVIATION SERVICES AUSTRALIA - AIRLINE SERVICES,AUSTRALIA
CLB,-,CALIBRATOR,COBHAM FLIGHT INSPECTION,COBHAM FLIGHT INSPECTION LTD,UNITED KINGDOM
CBR,-,STRIKE,COBRA AVIATION,COBRA AVIATION,SOUTH AFRICA
COB,-,COBRA JET,COBRA JET AVIATION,COBRA JET AVIATION,EGYPT
CBX,-,COBREX,COBREX TRANS,COBREX TRANS,ROMANIA
YGD,-,-,COCESNA,CORPORACION CENTROAMERICANA DE SERVICIOS DE NAVEGACION AEREA (COCESNA),HONDURAS
GRM,-,GERONIMO,COCHISE COUNTY SHERIFF,"ARIZONA STATE GOVERNMENT, COCHISE COUNTY SHERIFF",UNITED STATES OF AMERICA
CHC,-,CHINA HELICOPTER,COHC,CHINA OCEAN HELICOPTER CORP. - COHC,CHINA
PCI,-,PROTEA COIN,COIN AVIATION,PROTEA COIN GROUP (PTY) LTD T/A COIN AVIATION,SOUTH AFRICA
COI,-,COAVIATION,COINSPECTRA AVIACION,"COINSPECTRA AVIACION, C.A.",VENEZUELA
OLR,-,COLAEREOS,COLAEREOS,COLAEREOS,ECUADOR
CLE,-,COLEMILL,COLEMILL ENTERPRISES,"COLEMILL ENTERPRISES (NASHVILLE, TN)",UNITED STATES OF AMERICA
UAD,-,UNIFORM,COLERNE UAS,UAS/AEF COLERNE,UNITED KINGDOM
CJC,-,COLGAN,COLGAN AIR,"COLGAN AIR (MANASSAS, VA)",UNITED STATES OF AMERICA
CBL,-,COLOMBE LINE,COLOMBE AIRLINE,COLOMBE AIRLINE S.A.,BURKINA FASO
CGZ,-,COLORFUL,COLORFUL GUIZHOU AIRLINES,COLORFUL GUIZHOU AIRLINES CO. LTD.,CHINA
CYN,-,COLOR JET,COLORFUL YUNNAN GENERAL AVIATION,"COLORFUL YUNNAN GENERAL AVIATION CO., LTD.",CHINA
CCX,-,-,COLT INTERNATIONAL,"COLT INTERNATIONAL, INC.",UNITED STATES OF AMERICA
XCA,-,COLT,COLT TRANSPORTES AEREOS,COLT TRANSPORTES AEREOS S.A.,BRAZIL
WCO,-,COLUMBIA HELI,COLUMBIA HELICOPTERS,"COLUMBIA HELICOPTERS, INC. (LAKE CHARLES, LA)",UNITED STATES OF AMERICA
KLR,-,KAY-LER,COLUMBUS AIR TRANSPORT,"COLUMBUS AIR TRANSPORT, INC. (COLUMBUS, OH)",UNITED STATES OF AMERICA
GHP,-,GRASSHOPPER EX,COLVIN AVIATION,"COLVIN AVIATION, INC. (ATHENS, GA)",UNITED STATES OF AMERICA
CCS,-,COMAC EXPRESS,COMAC SHANGHAI AIRCRAFT CUSTOMER SERVICE,"COMAC SHANGHAI AIRCRAFT CUSTOMER SERVICE CO., LTD.",CHINA
CAW,-,COMMERCIAL,COMAIR,COMAIR LTD,SOUTH AFRICA
COM,-,COMAIR,COMAIR,"COMAIR, INC. (CINCINNATI, OH)",UNITED STATES OF AMERICA
GCM,-,GLOBECOM,COMAIR FLIGHT SERVICES,COMAIR FLIGHT SERVICES (PTY) LTD,SOUTH AFRICA
CDE,-,COMEX,COMED GROUP,COMED GROUP,UNITED KINGDOM
CVV,-,COMERAVIA,COMERAVIA,COMERCIAL DE AVIACION C.A. (COMERAVIA),VENEZUELA
CRS,-,COMERCIAL AEREA,COMERCIAL AEREA,"COMERCIAL AEREA, S.A. DE C.V.",MEXICO
CVJ,-,COMEREJECUTIVA,COMERCIALIZACION DE AVIACION EJECUTIVA,"COMERCIALIZACION DE AVIACION EJECUTIVA, S.A. DE C.V.",MEXICO
CGB,-,COMGLOB,COMERCIALIZACION INDUSTRIAL GLOBAL,"COMERCIALIZACION INDUSTRIAL GLOBAL, S.A. DE C.V.",MEXICO
CMG,-,SUNSPY,COMET AIRLINES,COMET AIRLINES LIMITED,NIGERIA
CMJ,-,COMFORT JET,COMFORT JET SERVICES,COMFORT JET SERVICES,TOGO
FRS,-,COMFORT SERVICIOS,COMFORT SERVICIOS AEREOS,"COMFORT SERVICIOS AEREOS, S.A. DE C.V.",MEXICO
MLM,-,LUXMALTA,COMLUX (MALTA),COMLUX (MALTA) LTD,MALTA
CXB,CS,STARLUX,COMLUX ARUBA,COMLUX ARUBA NV,NETHERLANDS
SMC,-,COMLUX,COMLUX SAN MARINO,COMLUX SAN MARINO,SAN MARINO
KAZ,-,KAZLUX,COMLUX-KZ,COMLUX-KZ JSC,KAZAKHSTAN
CMH,-,COMMODORE,COMMAIR AVIATION,COMMAIR AVIATION LIMITED,UNITED KINGDOM
WPC,-,COMMAND AIR,COMMANDAIR,COMMANDAIR C.A,VENEZUELA
CTM,-,COTAM,COMMANDEMENT DU TRANSPORT AERIEN MILITAIRE FRANCAIS,COMMANDEMENT DU TRANSPORT AERIEN MILITAIRE FRANCAIS,FRANCE
CRM,-,COMMANDERMEX,COMMANDER MEXICANA,"COMMANDER MEXICANA, S.A. DE C.V.",MEXICO
CME,-,COMMERCE BANK,COMMERCE BANK,COMMERCE BANK,UNITED STATES OF AMERICA
AUN,-,COMMON SKY,COMMON SKY,COMMON SKY A & N LUFTFAHRT GMBH,AUSTRIA
CJS,-,COMMONWEALTH,COMMONWEALTH JET SERVICE,"COMMONWEALTH JET SERVICE, INC. (SANDSTON, VA)",UNITED STATES OF AMERICA
UCA,C5,COMMUTAIR,COMMUTAIR,"COMMUTAIR (PLATTSBURGH, NY)",UNITED STATES OF AMERICA
KMZ,-,COMORES AVIATION,COMORES AVIATION INTERNATIONAL,COMORES AVIATION INTERNATIONAL,COMOROS
CPI,-,AIRCAI,COMPAGNIA AERONAUTICA ITALIANA,COMPAGNIA AERONAUTICA ITALIANA S.P.A.,ITALY
CGR,-,COMPRIP,COMPAGNIA GENERALE RIPRESEAEREE,COMPAGNIA GENERALE RIPRESEAEREE S.P.A.,ITALY
DBP,BU,AFRICAN,COMPAGNIE AFRICAINE D'AVIATION,COMPAGNIE AFRICAINE D'AVIATION (CAA),DEMOCRATIC REPUBLIC OF CONGO
CPM,-,+,COMPAGNIE MAURITANIENNE DES TRANSPORTS,COMPAGNIE MAURITANIENNE DES TRANSPORTS,MAURITANIA
AGN,-,GOLF NOVEMBER,COMPAGNIE NATIONALE AIR GABON,COMPAGNIE NATIONALE AIR GABON,GABON
BFN,-,-,COMPAGNIE NATIONALE NAGANAGANI,COMPAGNIE NATIONALE NAGANAGANI,BURKINA FASO
ATF,-,AEROTECNICAS,COMPANIA AEROTECNICAS FOTOGRAFICAS,COMPANIA AEROTECNICAS FOTOGRAFICAS,SPAIN
TAV,-,TAVISA,COMPANIA DE SERVICIOS AEREOS TAVISA,COMPANIA DE SERVICIOS AEREOS TAVISA,SPAIN
EJV,-,EJECUTIVA,COMPANIA EJECUTIVA,"COMPANIA EJECUTIVA, S.A. DE C.V.",MEXICO
MDR,-,AEROPLANOS,COMPANIA MEXICANA DE AEROPLANOS,"COMPANIA MEXICANA DE AEROPLANOS, S.A.",MEXICO
HSS,-,TAS HELICOPTEROS,COMPANIA TRANSPORTES AEREOS DEL SUR,"COMPANIA TRANSPORTES AEREOS DEL SUR, S.A.",SPAIN
CPZ,-,COMPASS,COMPASS AIRLINES,"COMPASS AIRLINES (MINNEAPOLIS, MN)",UNITED STATES OF AMERICA
ADZ,-,MIGRATOR,COMPASS CARGO AIRLINES,COMPASS CARGO AIRLINES,BULGARIA
XCO,-,+,COMPUFLIGHT OPERATIONS SERVICE,"COMPUFLIGHT OPERATIONS SERVICE, INC. (PORT WASHINGTON, NY)",UNITED STATES OF AMERICA
XCS,-,-,COMPUSERVE INCORPORATED,COMPUSERVE INCORPORATED,UNITED STATES OF AMERICA
OBJ,-,OBJETIVO,COMUNICACION GLOBAL OBJETIVO,"COMUNICACION GLOBAL OBJETIVO, S.L.",SPAIN
FGD,-,FIREGUARD,CONAIR,CONAIR GROUP INC. D/B/A CONAIR,CANADA
JCO,-,CONCIERGE,CONCIERGE U,CONCIERGE U LIMITED,UNITED KINGDOM
COD,-,CONCORDAVIA,CONCORDAVIA,CONCORDAVIA LTD,UNITED STATES OF AMERICA
CFG,DE,CONDOR,CONDOE,"CONDOR FLUGDIENST GMBH, FRANKFURT (MAIN)",GERMANY
CNR,-,CONAERO,CONDOR AERO SERVICES,"CONDOR AERO SERVICES, INC. (CULLMAN, AL)",UNITED STATES OF AMERICA
-,8Z,CONGO AIR,CONGO AIRWAYS,CONGO AIRWAYS S.A.,DRC CONGO
AAT,-,AFRICA AIRLINES,CONGO FALCON,CONGO FALCON,CONGO
CGA,-,CONGRESSIONAL,CONGRESSIONAL AIR,"CONGRESSIONAL AIR, LTD (GAITHERSBURG, MD)",UNITED STATES OF AMERICA
CBY,-,TYPHOON,CONINGSBY FTU,CONINGSBY FTU,UNITED KINGDOM
CCT,-,CONNECT,CONNECT AIR,CONNECT AIR LTD.,CANADA
CNT,-,CONNECT CARGO,CONNECT LINHAS AEREAS,CONNECT LINHAS AEREAS S.A.,BRAZIL
QAI,-,CHICKPEA,CONQUEST AIR INC.,"CONQUEST AIR INC. (MIAMI, FL)",UNITED STATES OF AMERICA
CAC,-,CONQUEST AIR,CONQUEST AIRLINES,"CONQUEST AIRLINES (BEAUMONT, TX)",UNITED STATES OF AMERICA
CAX,-,CONSORCIO,CONSORCIO AEREO DE XALAPA,CONSORCIO AEREO DE XALAPA,MEXICO
VCH,-,CONSORCIO HELITEC,CONSORCIO HELITEC,CONSORCIO HELITEC C.A.,VENEZUELA
UZA,-,CONSTANTA,CONSTANTA,CONSTANTA,UKRAINE
CAN,-,GOBER AIR,CONTACT AIR,CONTACT AIR SARL,NIGER
XCL,-,-,CONTEL ASC,"CONTEL ASC (MCLEAN, VA)",UNITED STATES OF AMERICA
CMI,-,AIR MIKE,CONTINENTAL MICRONESIA,"CONTINENTAL MICRONESIA, INC. (TAMUNING, GUAM)",UNITED STATES OF AMERICA
CON,-,CONOCO,CONTINENTAL OIL,"CONTINENTAL OIL CO. (PONCA CITY, OK)",UNITED STATES OF AMERICA
CVS,-,CONVERS,CONVERS AVIA AIRLINE,CONVERS AVIA AIRLINE,RUSSIAN FEDERATION
VCV,-,CONVIASA,CONVIASA,CONVIASA,VENEZUELA
CKA,-,COOK-AIR,COOK INLET AVIATION,"COOK INLET AVIATION, INC. (HOMER, AK)",UNITED STATES OF AMERICA
SVY,-,SURVEYOR,COOPER AERIAL SURVEYS,COOPER AERIAL SURVEYS LTD.,UNITED STATES OF AMERICA
CMP,CM,COPA,COPA AIRLINES,"COMPANIA PANAMENA DE AVIACION, S.A.",PANAMA
RPB,P5,AEROREPUBLICA,COPA AIRLINES COLOMBIA,AERO REPUBLICA S.A.,COLOMBIA
CAT,-,AIRCAT,COPENHAGEN AIRTAXI,COPENHAGEN AIRTAXI A/S,DENMARK
COP,-,COPPER STATE,COPPER STATE AIR SERVICE,"COPPER STATE AIR SERVICE, INC. (MESA, AZ)",UNITED STATES OF AMERICA
CPP,-,COPTERPLUS,COPTERPLUS FINLAND,COPTERPLUS FINLAND OY,FINLAND
CCW,-,COPTRADE AIR,COPTRADE AIR TRANSPORT,COPTRADE AIR TRANSPORT,SUDAN
COJ,-,CORAL JET,CORAL JET,CORAL JET,BERMUDA
CSE,-,+,CORAL SEAS EXPRESS,CORAL SEAS EXPRESS LIMITED,SOLOMON ISLANDS
...,-,CORAL SUN,CORAL SUN AIRWAYS,CORAL SUN AIRWAYS,KIRIBATI
CAI,XC,CORENDON,CORENDON AIRLINES,TURISTIK HAVA TASIMACILIK A.S.,TURKEY
CXI,XR,TOURISTIC,CORENDON AIRLINES EUROPE,TOURISTIC AVIATION SERVICES LTD,MALTA
CND,-,DUTCH CORENDON,CORENDON DUTCH AIRLINES,CORENDON DUTCH AIRLINES B.V.,NETHERLANDS
CNC,-,CENCOR,CORPORACION AEREO CENCOR,"CORPORACION AEREO CENCOR, S.A. DE C.V.",MEXICO
CPG,-,CORPORANG,CORPORACION AEROANGELES,"CORPORACION AEROANGELES, S.A. DE C.V.",MEXICO
CPT,-,AIR SPUR,CORPORATE AIR,"CORPORATE AIR (BILLINGS, MT)",UNITED STATES OF AMERICA
MLN,-,MILLENNIUM,CORPORATE AIR,"CORPORATE AIR, LLC (WEST MIFFLIN, PA)",UNITED STATES OF AMERICA
NJZ,-,NEOJET,CORPORATE AIR TRAVEL,"CORPORATE AIR TRAVEL, LLC",UNITED STATES OF AMERICA
CPO,-,MOKAN,CORPORATE AIRCRAFT COMPANY,"CORPORATE AIRCRAFT COMPANY (GARDNER, KS)",UNITED STATES OF AMERICA
CKE,-,CHECKMATE,CORPORATE AVIATION SERVICES,"CORPORATE AVIATION SERVICES, INC. (TULSA, OK)",UNITED STATES OF AMERICA
CBH,-,CLUB HOUSE,CORPORATE EAGLE MANAGEMENT SERVICES,"CORPORATE EAGLE MANAGEMENT SERVICES, INC. (WATERFORD, MI)",UNITED STATES OF AMERICA
CEA,-,CORP-X,CORPORATE EXPRESS AIRLINES,"CORPORATE EXPRESS AIRLINES (NASHVILLE, TN)",UNITED STATES OF AMERICA
VHT,-,VEGAS HEAT,CORPORATE FLIGHT INTERNATIONAL,"CORPORATE FLIGHT INTERNATIONAL, INC. (LAS VEGAS, NV)",UNITED STATES OF AMERICA
VTE,-,VOLUNTEER,CORPORATE FLIGHT MANAGEMENT,"CORPORATE FLIGHT MANAGEMENT (SMYRNA, TN)",UNITED STATES OF AMERICA
CJM,-,CHECKMARK,CORPORATE JET MANAGEMENT LTD,CORPORATE JET MANAGEMENT LTD,UNITED KINGDOM
CJI,-,SEA JET,CORPORATE JETS,"CORPORATE JETS, INC. (WEST MIFFLIN, PA)",UNITED STATES OF AMERICA
MND,-,CUGAT,CORPORATEJETS XXI,CORPORATEJETS XXI S.A.,SPAIN
APL,-,AEREO PRINCIPAL,CORPORATIVO AEREO PRINCIPAL,"CORPORATIVO AEREO PRINCIPAL, S.A. DE C.V.",MEXICO
CRL,SS,CORSAIR,CORSAIR INTERNATIONAL,CORSAIR S.A.,FRANCE
UAY,-,UNIFORM,COSFORD UAS,UAS/AEF COSFORD,UNITED KINGDOM
COZ,-,COSMIC AIR,COSMIC AIR,COSMIC AIR PVT. LTD,NEPAL
KOM,-,BLACKEAGLE,COSMO LINEAS AEREAS,COSMO LINEAS AEREAS S.L.,SPAIN
CER,-,COSMER,COSMOPOLITAN AIR OPERATIONS,"COSMOPOLITAN AIR OPERATIONS, S.A.P.I. DE C.V.",MEXICO
COT,-,MARA,COSTA AIRLINES,"COSTA AIRLINES, C.A.",VENEZUELA
FTE,-,-,COSTA BLANCA FLIGHT TRAINING CENTER,COSTA BLANCA FLIGHT TRAINING CENTER,SPAIN
NOT,-,COSTA NORTE,COSTA NORTE,LINEA AEREA COSTA NORTE S.A.,CHILE
CHI,-,COUGAR,COUGAR HELICOPTES,"COUGAR HELICOPTES, INC.",CANADA
CUL,-,COULSON,COULSON AVIATION USA,COULSON AVIATION USA,UNITED STATES OF AMERICA
CSD,-,DELIVERY,COURIER SERVICES,"COURIER SERVICES, INC. (TEMPE, AZ)",UNITED STATES OF AMERICA
KRS,-,ATLAS,COURSE-S,AIR COMPANY COURSE-S,RUSSIAN FEDERATION
CUT,-,COURT AIR,COURT HELICOPTERS,COURT HELICOPTERS,SOUTH AFRICA
COO,-,COVE,COVE PARTNERS,"COVE PARTNERS, LLC.",UNITED STATES OF AMERICA
...,-,AIRCOV,COVENTRY FLYING SCHOOL,COVENTRY FLYING SCHOOL,UNITED KINGDOM
...,-,COWAN,COWAN GROUP,COWAN GROUP,UNITED STATES OF AMERICA
COW,-,COWI,COWI,COWI A/S,DENMARK
COX,-,COX AVIACION,COX AVIACION,"COX AVIACION, S.A. DE C.V.",MEXICO
COY,7C,COYNE AIR,COYNE AIRWAYS,COYNE AIRWAYS LTD,UNITED KINGDOM
COS,-,YOCO,COYOTAIR,"COYOTAIR, S.A.",MEXICO
TSJ,-,TARSIER,CPI AVIATION,COMBINED PRIVATE INVESTIGATIONS CC T/A CPI AVIATION,SOUTH AFRICA
MGB,-,MOCKINGBIRD,CRANFIELD FLIGHT TRAINING,CRANFIELD FLIGHT TRAINING,UNITED KINGDOM
CHL,-,ULTRA,CRANFIELD HELICOPTERS,CRANFIELD HELICOPTERS LTD,UNITED KINGDOM
CFD,-,AERONAUT,CRANFIELD UNIVERSITY,CRANFIELD UNIVERSITY,UNITED KINGDOM
CWL,-,CRANWELL,CRANWELL FTU,CRANWELL FTU,UNITED KINGDOM
UAH,-,UNIFORM,CRANWELL UAS,AEF CRANWELL,UNITED KINGDOM
DHR,-,DARK HORSE,CREAMER PILOT SERVICES,"CREAMER PILOT SERVICES, LLC",UNITED STATES OF AMERICA
CWS,-,CRETAN,CRETAN WINGS,CRETAN WINGS,GREECE
CTN,OU,CROATIA,CROATIA AIRLINES,CROATIA AIRLINES LTD.,CROATIA
HRZ,-,CROATIAN AIR FORCE,CROATIAN AIR FORCE,CROATIAN AIR FORCE (HRVATSKO RATNO ZRAKOPLOVSTVO),CROATIA
CRF,-,CROIX ROUGE,CROIX ROUGE FRANCAISE,CROIX ROUGE FRANCAISE,FRANCE
CKL,-,SPACE,CRONOS AIRLINES BENIN,CRONOS AIRLINES BENIN,BENIN
CRX,-,CROSSAIR,CROSS AVIATION,CROSS AVIATION LTD,UNITED KINGDOM
CWX,-,CROW EXPRESS,CROW EXECUTIVE AIR,"CROW EXECUTIVE AIR, INC. (MILLBURY, OH)",UNITED STATES OF AMERICA
CKR,-,CROWN AIR,CROWN AIR SYSTEMS,CROWN AIR SYSTEMS,UNITED STATES OF AMERICA
CWN,-,CROWN AIRLINES,CROWN AIRLINES,CROWN AIRLINES,LIBYA
CRO,-,CROWN AIRWAYS,CROWN AIRWAYS,"CROWN AIRWAYS, INC. (DUBOIS, PA)",UNITED STATES OF AMERICA
VCR,-,VOE CRUISER,CRUISER LINHAS AEREAS,CRUISER LINHAS AEREAS LTDA.,BRAZIL
CTY,-,CENTURY,CRYDERMAN AIR SERVICE,"CRYDERMAN AIR SERVICE (DRAYTON PLAINS, MI)",UNITED STATES OF AMERICA
CYT,-,CRYSTAL AIR,CRYSTAL AIR,CRYSTAL AIR,UNITED STATES OF AMERICA
IRO,-,IRON AIR,CSA AIR,"CSA AIR, INC. (IRON MOUNTAIN, MI)",UNITED STATES OF AMERICA
-,7K,-,CSAFE GLOBAL,CSAFE GLOBAL,UNITED KINGDOM
CSI,-,SANDIA,CSI AVIATION,"CSI AVIATION, INC.",UNITED STATES OF AMERICA
CSM,-,CSM SERVICIOS,CSM SERVICIOS,"CSM SERVICIOS, S.A. DE C.V.",MEXICO
CUB,CU,CUBANA,CUBANA,CUBANA DE AVIACION S.A.,CUBA
DGP,-,-,CUERPO NACIONAL DE POLICIA,CUERPO NACIONAL DE POLICIA,SPAIN
CUS,-,CUSTOM,CUSTOM & BORDER PROTECTION,AUSTRALIAN CUSTOMS SERVICE - BORDER PROTECTION,AUSTRALIA
CTT,-,CATT,CUSTOM AIR TRANSPORT,"CUSTOM AIR TRANSPORT, INC. (DANIA, FL)",UNITED STATES OF AMERICA
CJE,-,CUSTOM JET,CUSTOM JET CHARTERS,"CUSTOM JET CHARTERS, LLC (WEST PALM BEACH, FL)",UNITED STATES OF AMERICA
CTF,-,CUTTER FLIGHT,CUTTER AVIATION,CUTTER AVIATION (PHOENIX AZ),UNITED STATES OF AMERICA
GSE,-,-,CV CARGO,CV CARGO S.A.,COLOMBIA
RGN,-,CYGNUS AIR,CYGNUS AIR,"CYGNUS AIR, S.A.",SPAIN
CYP,CY,CYPRUS,CYPRUS AIRWAYS,CHARLIE AIRLINES LIMITED,CYPRUS
CEF,-,CZECH AIR FORCE,CZECH AIR FORCE,CZECH AIR FORCE,CZECHIA
AHD,-,AIRHANDLING,CZECH AIR HANDLING,CZECH AIR HANDLING,CZECHIA
CSA,OK,CSA-LINES,CZECH AIRLINES,CZECH AIRLINES J.S.C.,CZECHIA
CIE,-,CZECHIA,CZECH GOVERNMENT FLYING SERVICE,CZECH GOVERNMENT FLYING SERVICE,CZECHIA
DDA,-,DUSTY,D & D AVIATION,"D & D AVIATION (SALT LAKE CITY, UT)",UNITED STATES OF AMERICA
STA,-,STAR,D.O. SYSTEMS LTD,D.O. SYSTEMS LTD,UNITED KINGDOM
DMQ,-,DALO,DAALLO AIRLINES,DAALLO AIRLINES (SOMALIA),SOMALIA
DIG,-,DAC AIR,DAC INTERNATIONAL AIRLINES,DAC INTERNATIONAL AIRLINES LTD,GHANA
IAY,-,IASON,DAEDALOS,DAEDALOS FLUGBETRIEBS GMBH,AUSTRIA
DSR,-,DAIRAIR,DAIRO AIR SERVICES,"DAIRO AIR SERVICES, LTD.",UGANDA
DKZ,-,NOMAD,DALA AIR,DALA AIR,KAZAKHSTAN
DLR,-,DALA AIR,DALA AIR SERVICES,DALA AIR SERVICES LTD,NIGERIA
DLI,-,DALIA,DALIA AIR,DALIA AIR,MOROCCO
CCD,-,XIANGJIAN,DALIAN AIRLINES,DALIAN AIRLINES CO LTD,CHINA
DAM,-,FLIGHT RESCUE,DAMES,"DAMES, DEPARTMENT OF AVIATION UNDER THE MINISTRY OF EMERGENCY SITUATION",KYRGYZSTAN
JOC,DN,JUST US,DAN AIR,DAN AIR (AOC) S.R.L.,ROMANIA
DAN,-,DANACO,DANA AIRLINES,DANA AIRLINES LIMITED,NIGERIA
DSA,-,DANBURY AIRWAYS,DANBURY AIRWAYS,"DANBURY AIRWAYS, INC. (DANBURY, CT)",UNITED STATES OF AMERICA
DOP,-,DANCOPTER,DANCOPTER,DANCOPTER A/S,DENMARK
DAF,-,DANISH AIRFORCE,DANISH AIR FORCE,DANISH AIR FORCE,DENMARK
DAR,-,DANISH ARMY,DANISH ARMY,DANISH ARMY,DENMARK
DNY,-,DANISH NAVY,DANISH NAVY,DANISH NAVY,DENMARK
VPA,-,VIP TAXI,DANUBE WINGS,VIP WINGS INC,SLOVAKIA
DHE,-,HELIDAP,DAP HELICOPTEROS,DAP HELICOPTEROS LTDA.,CHILE
DKR,-,DIMA,DARIK SKY,DARIK SKY,BULGARIA
DWW,-,PRIVATE JET,DAS PRIVATE JETS,DAS PRIVATE JETS GMBH,GERMANY
DSQ,-,DASAB AIR,DASAB AIRLINES,DASAB AIRLINES,NIGERIA
TUZ,-,UTAT,DASHOGUZ INTERNATIONAL AIRPORT,DASHOGUZ INTERNATIONAL AIRPORT,TURKMENISTAN
DGX,-,DASNA,DASNAIR,DASNAIR SA,SWITZERLAND
DAB,-,-,DASSAULT AVIATION,DASSAULT AVIATION,FRANCE
CVF,-,CLOVERLEAF,DASSAULT FALCON JET CORPORATION,"DASSAULT FALCON JET CORPORATION (S. HACKENSACK, NJ)",UNITED STATES OF AMERICA
DSO,-,DASSAULT,DASSAULT FALCON SERVICE,DASSAULT FALCON SERVICE,FRANCE
DSF,-,DASSAULT FRANCE,DASSAULT FALCON SERVICE FRANCE,DASSAULT FALCON SERVICE FRANCE,FRANCE
DTR,DX,DANISH,DAT,DANISH AIR TRANSPORT A/S,DENMARK
DNU,R6,DANU,DAT LT,"DAT LT, UAB.",LITHUANIA
DTN,-,DATA AIR,DATA INTERNATIONAL,DATA INTERNATIONAL LTD,SUDAN
XDT,-,-,DATE TRANSFORMATION CORP.,"DATE TRANSFORMATION CORP. (TURNERSVILLE, NJ)",UNITED STATES OF AMERICA
DAY,-,DAYA,DAYA AVIATION,DAYA AVIATION (PVT) LTD,SRI LANKA
DBT,-,STAR SHIP,DB AVIATION,DBT-TRANSPORTED AEREOS LDA,PORTUGAL
DCS,-,TWIN STAR,DC AVIATION,"DC AVIATION GMBH, STUTTGART",GERMANY
DCU,-,OCEAN STAR,DC AVIATION,DC AVIATION SAN MARINO S.R.L.,SAN MARINO
DCW,-,MALTA STAR,DC AVIATION,DC AVIATION LTD.,MALTA
DCF,-,DESERT STAR,DC AVIATION AL-FUTTAIM,DC AVIATION AL-FUTTAIM LLC,UNITED ARAB EMIRATES
DHC,-,DEHAVILLAND,DE HAVILLAND AIRCRAFT,DE HAVILLAND AIRCRAFT COMPANY OF CANADA LTD,CANADA
WKT,-,WHITE KNIGHT,DEA AVIATION,DEA AVIATION LTD,UNITED KINGDOM
DAA,-,DECUR,DECATUR AVIATION,"DECATUR AVIATION, INC. (DECATUR, IL)",UNITED STATES OF AMERICA
DEC,-,DECCAN CARGO,DECCAN CARGO,DECCAN CARGO & EXPRESS LOGISTICS PVT LTD,INDIA
TXA,-,TEXAIR,DEER HORN AVIATION,DEER HORN AVIATION,UNITED STATES OF AMERICA
BDJ,-,CROWN JET,DEER JET,"DEER JET (BEIJING) CO., LTD.",CHINA
DER,-,DEER JET,DEER JET,DEER JET CO. LTD,CHINA
DJH,-,JET FLAG,DEER JET AVIATION,"DEER JET AVIATION CO., LTD.",CHINA
JDC,-,JOHN DEERE,DEERE AND COMPANY,"DEERE AND COMPANY (MOLINE, IL)",UNITED STATES OF AMERICA
SYS,-,SHAWBURY,DEFENCE HELICOPTER FLIGHT SCHOOL,"DEFENCE HELICOPTER FLIGHT SCHOOL, RAF",UNITED KINGDOM
DLC,-,SOARCOPTER,DEHONG SOUTH ASIAN GENERAL AVIATION,"DEHONG SOUTH ASIAN GENERAL AVIATION CO., LTD",CHINA
DWR,-,DELAWARE,DELAWARE SKYWAYS,"DELAWARE SKYWAYS, LLC (NEW CASTLE, DE)",UNITED STATES OF AMERICA
DAS,-,TYLOS,DELMUN AVIATION SERVICES,DELMUN AVIATION SERVICES,BAHRAIN
DAL,DL,DELTA,DELTA AIR LINES,"DELTA AIR LINES, INC.",UNITED STATES OF AMERICA
DCP,-,NILECAT,DELTA CONNECTION,DELTA CONNECTION LIMITED,KENYA
DSU,-,DELTA STATE,DELTA STATE UNIVERSITY,"DELTA STATE UNIVERSITY (CLEVELAND, MS)",UNITED STATES OF AMERICA
KMB,-,KEMBLEJET,DELTAQ ENGINEERING,DELTAQ ENGINEERING AVIATION LTD,UNITED KINGDOM
DAI,-,DENA,DENA AIRWAYS,DENA AIRWAYS,IRAN
FGC,-,FORESTALES,DEPARTAMENTO DE AGRICULTURA DE LA GENERALITAT DE CATALUNA,DEPARTAMENTO DE AGRICULTURA DE LA GENERALITAT DE CATALUNA,SPAIN
...,-,ENERGY,DEPARTMENT OF ENERGY,DEPARTMENT OF ENERGY,UNITED STATES OF AMERICA
MBT,-,MANITOBA,DEPARTMENT OF INFRASTRUCTURE,"PROVINCE OF MANITOBA, AIR SERVICES BRANCH",CANADA
DOS,-,DOSAIR,DEPARTMENT OF STATE,"UNITED STATES GOVERNMENT, DEPARTMENT OF STATE INL/A",UNITED STATES OF AMERICA
JPR,-,JUMPER,DEPARTMENT OF THE INTERIOR,"UNITED STATES GOVERNMENT, DEPARTMENT OF THE INTERIOR",UNITED STATES OF AMERICA
DRY,-,DERAYA,DERAYA AIR TAXI,"DERAYA AIR TAXI, PT.",INDONESIA
DRZ,-,DERAZONA,DERAZONA AIR SERVICE,"DERAZONA AIR SERVICE, PT.",INDONESIA
DRX,-,-,DES R. CARGO EXPRESS,DES R. CARGO EXPRESS,MAURITANIA
MIZ,-,MILAZ,DESARROLLO MILAZ,"DESARROLLO MILAZ, S.A. DE C.V.",MEXICO
DJR,-,DESERT JET,DESERT JET,"DESERT JET, LLC (THERMAL, CA)",UNITED STATES OF AMERICA
DAZ,-,DEZERT AIR,DESERTAIR ALASKA,DESERT AIR TRANSPORT INC,UNITED STATES
DEM,-,DESTILA MIELES,DESTILADORA DE ALCOHOLES Y MIELES,"DESTILADORA DE ALCOHOLES Y MIELES, S.A. DE C.V.",MEXICO
DLN,-,-,DEUCALION AVIATION,DEUCALION AVIATION LIMITED,UNITED KINGDOM
GSY,-,GRAY SKY,DEVINAIRE,"DEVINAIRE, LLC",UNITED STATES OF AMERICA
DGO,-,DGO JET,DGO JET,"DGO JET, S.A. DE C.V.",MEXICO
DHK,D0,WORLD EXPRESS,DHL,DHL AIR LIMITED,UNITED KINGDOM
DAE,-,YELLOW,DHL AERO EXPRESO,"DHL AERO EXPRESO, S.A.",PANAMA
DHA,-,YELLOW TAIL,DHL AUSTRIA,DHL AIR AUSTRIA,AUSTRIA
DHV,-,WORLDSTAR,DHL AVIATION,DHL AVIATION (PTY) LTD,SOUTH AFRICA
JOS,-,-,DHL GUATEMALA,"DHL DE GUATEMALA, S.A.",GUATEMALA
DHX,ES,DILMUN,DHL INTERNATIONAL,DHL AVIATION EEMEA B.S.C.(C),BAHRAIN
DMN,-,DIAMOND ACADEMY,DIAMOND ACADEMY,DIAMOND FLIGHT ACADEMY SCANDINAVIA AB,SWEDEN
...,-,DIAMOND AIR,DIAMOND AIRCRAFT,DIAMOND AIRCRAFT UK LTD,UNITED KINGDOM
DMS,-,DIAMOND,DIAMOND SKY,DIAMOND SKY,ESTONIA
DRB,-,DIDIER,DIDIER ROUSSET BUY,DIDIER ROUSSET BUY,CHILE
...,-,DIEXIM,DIEXIM EXPRESSO,DIEXIM EXPRESSO,ANGOLA
DGT,-,DIGITAL,DIGITAL EQUIPMENT CORPORATION,"DIGITAL EQUIPMENT CORPORATION (MAYNARD, MA)",UNITED STATES OF AMERICA
DLJ,-,DING AIR,DINGLONG BUSINESS AVIATION,"DINGLONG BUSINESS AVIATION CO., LTD",CHINA
TRI,-,-,DIRECCION GENERAL DE TRAFICO,DIRECCION GENERAL DE TRAFICO,SPAIN
DIA,-,BLUE SKY,DIRECT AIR,"DIRECT AIR, INC.",UNITED STATES OF AMERICA
DAX,-,+,DIRECT AIR EXECUTIVE,DIRECT AIR EXECUTIVE LTD,UNITED KINGDOM
DCT,-,AIRTASK,DIRECT FLIGHT,DIRECT FLIGHT LTD,UNITED KINGDOM
DLF,-,RED WISENT,DIRECT FLY,DIRECT FLY SP. Z.O.O.,POLAND
DCR,-,DISCO,DISCOVERY,DISCOVERY LTD,SOUTH AFRICA
DCV,-,DISCOVERYJET,DISCOVERY AIRWAYS,DISCOVERY AIRWAYS LIMITED,NIGERIA
XDS,-,-,DISPATCH SERVICES,"DISPATCH SERVICES, INC. (MIAMI, FL)",UNITED STATES OF AMERICA
DCO,-,AEROJAZ,DISTRIBUIDORA Y COMERCIALIZADORA,DISTRIBUIDORA Y COMERCIALIZADORA JAZ SA DE CV,MEXICO
DVR,-,DIVI AIR,DIVI DIVI AIR INC.,DIVI DIVI AIR INC.,NETHERLANDS
DEE,-,TACAIR,DIXIE AIRWAYS,"TRANSPORTATION AMERICA CORPORATION D/B/A DIXIE AIRWAYS (NASHVILLE, TN)",UNITED STATES OF AMERICA
LFO,-,LUFO,DLR DEUTSCHES ZENTRUM FUER LUFT,"DLR DEUTSCHES ZENTRUM FUER LUFT-UND RAUMFAHRT E.V., BRAUNSCHWEIG",GERMANY
UDN,-,DNIPRO,DNIPROAVIA,DNIPROAVIA,UKRAINE
DKA,-,DOKIA AIR,DOKIA AIR,DOKIA AIR S.R.L.,ROMANIA
FDN,-,FLYING DOLPHIN,DOLPHIN AIR,DOLPHIN AIR,UNITED ARAB EMIRATES
DOM,-,DOME AIR,DOMERGUE AVIATION,DOMERGUE AVIATION,FRANCE
DWI,-,DOMINICAN,DOMINICAN WINGS,DOMINICAN WINGS,DOMINICAN REPUBLIC
DAC,-,DOMINION AIR,DOMINION AIR LTD.,DOMINION AIR LTD.,NIGERIA
DPH,-,-,DOMODEDOVO AIRPORT HANDLING,"DOMODEDOVO AIRPORT HANDLING, CJSC",RUSSIAN FEDERATION
DON,-,DONAIR,DONAIR FLYING CLUB,DONAIR FLYING CLUB LTD,UNITED KINGDOM
EPA,-,DONGHAI AIR,DONGHAI AIRLINES,"DONGHAI AIRLINES CO., LTD",CHINA
EPB,-,DONG JET,DONGHAI BUSINESS AVIATION COMPANY,DONGHAI BUSINESS AVIATION COMPANY LTD,CHINA
DAV,-,DANA AIR,DORNIER AVIATION NIGERIA,DORNIER AVIATION NIGERIA AIEP LTD,NIGERIA
DOR,-,DORNIER,DORNIER LUFTFAHRT,GENERAL ATOMICS AEROTEC SYSTEMS GMBH,GERMANY
DOV,-,DOVAIR,DOVE AIR SERVICES,DOVE AIR SERVICES CO. LTD,SUDAN
CBM,-,CAMBRIAN,DRAGONFLY AVIATION SERVICES,DRAGONFLY AVIATION SERVICES LIMITED,UNITED KINGDOM
CXM,-,ASIA CARGO,DRB-HICOM ASIACARGO EXPRESS,DRB-HICOM ASIACARGO EXPRESS SDN. BHD.,MALAYSIA
DRF,-,-,DREAM FLYERS TRAINING CENTER,DREAM FLYERS TRAINING CENTER,SPAIN
DRW,-,DREAM WIND,DREAM WIND AIRLINES,DREAM WIND AIRLINES,UKRAINE
DLX,-,DREAMLINE,DREAMLINE AVIATION,"DREAMLINE AVIATION, LLC (SAN FRANCISCO, CA)",UNITED STATES OF AMERICA
DRS,-,DREAMSHORE,DREAMSHORE AERO,"DREAMSHORE AERO (BAR HARBOR, ME)",UNITED STATES OF AMERICA
AMB,-,CIVIL AIR AMBULANCE,DRF STIFTUNG LUFTRETTUNG GEMEINNUTZIGE,DRF STIFTUNG LUFTRETTUNG GEMEINNUTZIGE AG ,GERMANY
DXE,OY,BLACK SWAN,DRONAMICS,DRONAMICS EUROPE AIRLINES LTD,MALTA
DRK,-,ROYAL BHUTAN,DRUK AIR,DRUK AIR,BHUTAN
DRE,-,MICHIGAN,DRUMMOND ISLAND AIR,"MICHIGAN AIRWAYS, INC. D/B/A DRUMMOND ISLAND AIR",UNITED STATES OF AMERICA
RSK,-,REDSKIN,DSWA,"DSWA, LLC (DULLES, VA)",UNITED STATES OF AMERICA
DUB,-,DUBAI,DUBAI AIRWING,DUBAI AIRWING,UNITED ARAB EMIRATES
DUK,-,LION KING,DUCAIR,DUCAIR SA,LUXEMBOURG
GGW,-,GIGAWATT,DUKE ENERGY BUSINESS SERVICES,DUKE ENERGY BUSINESS SERVICES LLC,UNITED STATES
LPD,-,LEOPARD,DUKE OF YORK,UK ROYAL/HRH DUKE OF YORK,UNITED KINGDOM
SDU,-,SANTOS,DUMONT AIRCRAFT CHARTER,"DUMONT AIRCRAFT CHARTER, LLC",UNITED STATES OF AMERICA
DUN,-,DUNAIR,DUN'AIR,DUN'AIR,MAURITANIA
PHD,-,PANHANDLE,DUNCAN AVIATION,"DUNCAN AVIATION, INC. (LINCOLN, NE)",UNITED STATES OF AMERICA
DUA,-,DUSHANBE AIR,DUSHANBE AIR,DUSHANBE AIR,TAJIKISTAN
DFS,-,DWYAIR,DWYER AIRCRAFT SALES,"DWYER AIRCRAFT SALES, INC. (MASON CITY, IA)",UNITED STATES OF AMERICA
XDY,-,-,DYNAIR SERVICES,"DYNAIR SERVICES, INC. (MCLEAN, VA)",UNITED STATES OF AMERICA
DYM,-,DYNAMIC SKY,DYNAMIC AIR,"DYNAMIC AIR, S.L.",SPAIN
EHD,-,PLATINUM AIR,E H DARBY AVIATION,"E H DARBY AVIATION (SHEFFIELD, AL)",UNITED STATES OF AMERICA
EIS,-,COOL,E.I.S. AIRCRAFT,"E.I.S. AIRCRAFT GMBH, KIEL-HOLTENAU",GERMANY
CAH,-,SMARTAIR,E+S AIR,E+S AIR,ITALY
AED,-,-,EADS CASA,EADS CASA,SPAIN
ICR,-,ICARUS FLIGHTS,EAGLE AERO,"EAGLE AERO, INC. (SCOTIA, NY)",UNITED STATES OF AMERICA
FEI,-,ARCTIC EAGLE,EAGLE AIR ICELAND,EAGLE AIR ICELAND (FLUGFELAGID ERNIR),ICELAND
EGU,-,AFRICAN EAGLE,EAGLE AVIATION,EAGLE AVIATION (U) LTD,UGANDA
GYP,-,GYPSY,EAGLE AVIATION,EAGLE AVIATION,UNITED KINGDOM
ABU,-,-,EAGLE AVIATION SERVICES,"EAGLE AVIATION SERVICES, INC. (FT. WORTH, TX)",UNITED STATES OF AMERICA
EEL,-,SOLACE,EAGLE EUROPEAN,EAGLE EUROPEAN LTD,UNITED KINGDOM
EES,-,EAGLE STAR,EAGLE EXPRESS,EAGLE EXPRESS,SERBIA
...,-,HAWK AERO,EAGLE FLIGHT TRAINING,EAGLE FLIGHT TRAINING,UNITED KINGDOM
...,-,ZIGZAG,EAGLE HELICOPTERS,MB AIR LTD (T/A EAGLE HELICOPTERS),UNITED KINGDOM
EMD,-,EAGLEMED,EAGLEMED,"BALLARD AVIATION, INC. D/B/A EAGLEMED (WICHITA, KS)",UNITED STATES OF AMERICA
EZX,-,EAGLEXPRESS AIR,EAGLEXPRESS AIR CHARTER,EAGLEXPRESS AIR CHARTER SDN. BHD.,MALAYSIA
ERX,-,EARTH AIR,EARTH AIRLINES SERVICES,EARTH AIRLINES SERVICES LIMITED,NIGERIA
ESY,-,DONOSTI,EASOFLYERS,"EASOFLYERS, S.L.",SPAIN
BAC,-,-,EAST AERO SERVICE,"EAST AERO SERVICE, LLC",RUSSIAN FEDERATION
UGX,-,CRANE,EAST AFRICAN,EAST AFRICAN,UGANDA
HSA,-,DUMA,EAST AFRICAN SAFARI AIR,EAST AFRICAN SAFARI AIR LIMITED,KENYA
ETJ,-,EAST TAJIK,EAST AIR,EAST AIR,TAJIKISTAN
EMU,-,-,EAST ASIA AIRLINES,EAST ASIA AIRLINES LTD,CHINA
ECT,-,EASTWAY,EAST COAST AIRWAYS,EAST COAST AIRWAYS (PTY) LTD,SOUTH AFRICA
JTM,-,JET COAST,EAST COAST FLIGHT SERVICES,"EAST COAST FLIGHT SERVICES, INC.",UNITED STATES OF AMERICA
ECJ,-,EASTCOAST JET,EAST COAST JETS,"EAST COAST JETS, INC. (ALLENTOWN, PA)",UNITED STATES OF AMERICA
EHN,-,EAST HORIZON,EAST HORIZON AIRLINES,EAST HORIZON AIRLINES,AFGHANISTAN
EKC,-,BLUE GOOSE,EAST KANSAS CITY AVIATION,"EAST KANSAS CITY AVIATION, INC. (GRAIN VALLEY, MO)",UNITED STATES OF AMERICA
CTK,-,COSTOCK,EAST MIDLANDS HELICOPTERS,EAST MIDLANDS HELICOPTERS,UNITED KINGDOM
...,-,PARASCOT,EAST SCOTLAND PARAGLIDING CLUB,EAST SCOTLAND PARAGLIDING CLUB,UNITED KINGDOM
DXH,-,EAST STAR,EAST STAR AIRLINES,"EAST STAR AIRLINES CO., LTD",CHINA
EWS,-,EAST WEST,EAST WEST AIRLINES,EAST WEST AIRLINES,SYRIAN ARAB REPUBLIC
EWZ,-,E-WING,EAST WING,EAST WING,KAZAKHSTAN
ESR,ZE,EASTARJET,EASTAR JET,EASTAR JET CO. LTD,REPUBLIC OF KOREA
EAL,2D,EASTERN,EASTERN AIR LINES,"EASTERN AIRLINES, LLC (HIGH POINT, NC)",UNITED STATES OF AMERICA
EZE,T3,EASTFLIGHT,EASTERN AIRWAYS,AIR KILROE LIMITED,UNITED KINGDOM
...,-,BLADERUNNER,EASTERN ATLANTIC HELICOPTERS,EASTERN ATLANTIC HELICOPTERS,UNITED KINGDOM
EAQ,-,+,EASTERN AUSTRALIA AIRLINES,EASTERN AUSTRALIA AIRLINES PTY LTD,AUSTRALIA
ECI,-,EASTERN CAROLINA,EASTERN CAROLINA AVIATION,"EASTERN CAROLINA AVIATION, INC. (RICHLANDS, NC)",UNITED STATES OF AMERICA
CTH,-,TONGHANG,EASTERN GENERAL AVIATION,"EASTERN GENERAL AVIATION CO., LTD",CHINA
EME,-,EMAIR,EASTERN METRO EXPRESS,"METRO EXPRESS, INC. D/B/A EASTERN METRO EXPRESS",UNITED STATES OF AMERICA
ESD,-,EASTINDO,EASTINDO SERVICES,EASTINDO SERVICES,INDONESIA
ISL,-,EASTLAND,EASTLAND AIR SERVICES,FLUGFELAG AUSTURLANDS,ICELAND
ETU,-,-,EASTUNION,"EASTUNION, CJSC",RUSSIAN FEDERATION
EFX,-,EASY EXPRESS,EASY FLY EXPRESS,EASY FLY EXPRESS LIMITED,BANGLADESH
EZS,-,TOPSWISS,EASY JET SWITZERLAND,EASY JET SWITZERLAND SA,SWITZERLAND
FYE,-,FLYME,EASY LINK AVIATION SERVICES,EASY LINK AVIATION SERVICES,NIGERIA
LOL,-,EASY CHARTER,EASYCHARTER,EASYCHARTER LLC,GEORGIA
EFY,-,-,EASYFLY,EASYFLY S.A. (EMPRESA AEREA DE SERVICIOS Y FACILITACION LOGISTICA INTEGRAL S.A.),COLOMBIA
EZY,U2,EASY,EASYJET,EASYJET UK LTD,UNITED KINGDOM
EJU,-,ALPINE,EASYJET EUROPE AIRLINE,EASYJET EUROPE AIRLINE GMBH,AUSTRIA
EKY,-,+,EASYSKY,"AVIATION PARTNERS, S. DE R.L. DE.C.V. D/B/A EASYSKY",UNITED STATES OF AMERICA
BCS,QY,POSTMAN,EAT LEIPZIG,"EUROPEAN AIR TRANSPORT, LEIPZIG",GERMANY
SRK,-,SHARK JET,EATIS,EATIS,FRANCE
EXC,-,ECAIR,EC CHARTER,EC CHARTER CA,VENEZUELA
ECU,-,+,EC-FLY,EC-FLY,SPAIN
EBF,-,+,ECHO AIRLINES,ECHO AIRLINES LTD.,BAHAMAS
CMN,-,CIMMARON AIRE,ECKLES AIRCRAFT CO.,"ECKLES AIRCRAFT CO. (HOLDENVILLE, OK)",UNITED STATES OF AMERICA
ECC,-,Ã‰CLAIR,ECLAIR AVIATION,ECLAIR AVIATION S.R.O,CZECHIA
ECC,-,ÉCLAIR,ECLAIR AVIATION,ECLAIR AVIATION S.R.O,CZECHIA
EJT,-,ECLIPSE JET,ECLIPSE AVIATION,"ECLIPSE AVIATION (ALBUQUERQUE, NM)",UNITED STATES OF AMERICA
ECQ,-,SKYBRIDGE,ECO AIR LIMITED,ECO AIR LIMITED,NIGERIA
EKO,-,ECOAIR,ECO AIRLINES,ECO AIRLINES SIA,LATVIA
ECW,-,ECOTRAVEL,ECO AIRWAYS,ECO AIRWAYS S.A.,BURKINA FASO
ECO,-,ECOJET,ECO JET,LINEA AEREA ECO JET S.A.,BOLIVIA
DEI,-,-,ECOAIR,ECOAIR,ALGERIA
ECX,-,AIR ECOMEX,ECOMEX AIR CARGO,"ECOMEX AIR CARGO, LDA.",ANGOLA
ECD,-,ECOTOUR,ECOTOUR,ECOTOUR,MEXICO
XCC,-,XCALAK,ECOTURISTICA DE XCALAK,"ECOTURISTICA DE XCALAK, S.A. DE C.V.",MEXICO
EDO,-,EDACOM,EDACOM,"EDACOM, D.O.O.",SLOVENIA
EDW,WK,EDELWEISS,EDELWEISS,EDELWEISS AIR AG,SWITZERLAND
EDN,-,-,EDEN,EDEN,ISRAEL
SLO,-,SLOW,EDGARTOWN AIR,"EDGARTOWN AIR, INC. (EDGARTOWN, MA)",UNITED STATES OF AMERICA
EFS,-,EFAOS,EFAOS,"EFAOS, AGENCIA DE VIAGENS E TURISMO, LDA",ANGOLA
EFE,-,EFREIGHT SUDAN,E-FREIGHT INTERNATIONAL,E-FREIGHT INTERNATIONAL LTD,SUDAN
EGM,-,EGAMS,EGAMS,ECUATOGUINEANA DE AIR ET MARITIME SERVICE - EGAMS,EQUATORIAL GUINEA
EGW,-,EGOL,EGO AIRWAYS,EGO AIRWAYS S.P.A.,ITALY
EGT,-,BULGARIAN JET,EGT JET LTD.,EGT JET LTD.,BULGARIA
MSR,MS,EGYPTAIR,EGYPT AIR,EGYPT AIR,EGYPT
MSX,-,EGYPTAIR CARGO,EGYPTAIR CARGO,EGYPTAIR CARGO,EGYPT
MSE,-,EGYPTAIR EXPRESS,EGYPTAIR EXPRESS,EGYPTAIR EXPRESS,EGYPT
EGY,-,-,EGYPTIAN AIR FORCE,EGYPTIAN AIR FORCE,EGYPT
EJX,-,-,EGYPTIAN AVIATION,EGYPTIAN AVIATION,EGYPT
FMF,-,EGYPT ACADEMY,EGYPTIAN AVIATION ACADEMY,EGYPTIAN AVIATION ACADEMY,EGYPT
EMA,-,+,EGYPTIAN AVIATION COMPANY,EGYPTIAN AVIATION COMPANY,EGYPT
ELU,-,EGYPTIAN LEISURE,EGYPTIAN LEISURE AIRLINES,EGYPTIAN LEISURE AIRLINES,EGYPT
EFD,-,EVER FLIGHT,EISELE FLUGDIENST,"EISELE FLUGDIENST GMBH, STUTTGART",GERMANY
EEM,-,EJEAERMEX,EJECUTIVO AEREO DE MEXICO,"EJECUTIVO AEREO DE MEXICO, S.A. DE C.V.",MEXICO
JME,-,JETMAN,EJME AIRCRAFT MANAGEMENT,EJME (PORTUGAL) AIRCRAFT MANAGEMENT LDA,PORTUGAL
ELY,LY,EL AL,EL AL,EL AL - ISRAEL AIRLINES LTD.,ISRAEL
CMX,-,EL CAMINANTE,EL CAMINANTE TAXI AEREO,"EL CAMINANTE TAXI AEREO, S.A. DE C.V.",MEXICO
GLQ,-,QUILADA,EL QUILADA INTERNATIONAL AVIATION,EL QUILADA INTERNATIONAL AVIATION CO. LTD,SUDAN
ESC,-,SOLAMERICA,EL SOL DE AMERICA,EL SOL DE AMERICA C.A.,VENEZUELA
ELX,-,ELAN,ELAN EXPRESS,"ELAN EXPRESS (LAS VEGAS, NV)",UNITED STATES OF AMERICA
ELG,-,ELANGENI,ELANGENI,ELANGENI GMBH,AUSTRIA
BRQ,-,BURAQAIR,EL-BURAQ AIR TRANSPORT INC.,EL-BURAQ AIR TRANSPORT INC.,LIBYA
DND,-,DINDER,ELDINDER AIRLINES,ELDINDER AIRLINES,SUDAN
EAF,-,ELECTRA,ELECTRA AIRWAYS,ELECTRA AIRWAYS,BULGARIA
WYT,-,WYTON,ELEMENTARY FLYING TRAINING SCHOOL,"2 SQN, NO 1 ELEMENTARY FLYING TRAINING SCHOOL",UNITED KINGDOM
VVA,-,LOAD SHARK,ELERON,LLC AVIATION COMPANY ELERON,UKRAINE
LVT,-,ELEVATE,ELEVATE JET,ELEVATE JET LLC,UNITED STATES OF AMERICA
EFG,-,ELIFRIULIA,ELIFRIULIA,ELIFRIULIA S.R.L.,ITALY
EOA,-,LOMBARDA,ELILOMBARDA,ELILOMBARDA S.R.L.,ITALY
ELN,-,ELIN BIRD,ELIN GROUP,ELIN GROUP LIMITED,NIGERIA
EOS,-,ELIOSSOLA,ELIOSSOLA,ELIOSSOLA S.R.L.,ITALY
RSA,-,ESRA,ELISRA AIRLINES,ELISRA AIRLINES,SUDAN
ELA,-,+,ELITALIANA,ELITALIANA SPA,ITALY
EAV,-,ELITAVIA,ELITAVIA,ELITAVIA D.O.O.,SLOVENIA
EAA,-,IMOLA,ELIT'AVIA,ELIT'AVIA INTERNATIONAL SM S.R.L,SAN MARINO
EAU,MA,ELITE,ELITAVIA MALTA,ELITAVIA MALTA LTD,MALTA
EAO,-,MARINO,ELITAVIA SAN MARINO,ELITAVIA SAN MARINO SRL,SAN MARINO
ELZ,-,ELITE AIR,ELITE AIR,ELITE AIR,UNITED STATES OF AMERICA
MNU,-,MAINER,ELITE AIRWAYS,"ELITE AIRWAYS (PORTLAND, ME)",UNITED STATES OF AMERICA
ELJ,-,TOPJET,ELITE JET,ELITE JET S.R.O.,SLOVAKIA
FGS,-,ELITELLINA,ELITELLINA,ELITELLINA S.R.L.,ITALY
GTF,-,GATOR FLIGHT,ELJ AVIATION LLC,"ELJ AVIATION LLC (SANFORD, FL)",UNITED STATES OF AMERICA
ELB,-,ELLINAIR HELLAS,ELLINAIR,ELLINAIR,GREECE
ELT,-,ELLIOTT,ELLIOTT AVIATION,"ELLIOTT AVIATION, INC. (OMAHA, NE)",UNITED STATES OF AMERICA
MGG,-,ELMAGAL,ELMAGAL AVIATION SERVICES,ELMAGAL AVIATION SERVICES CO. LTD,SUDAN
ELR,-,+,ELROM AVIATION AND INVESTMENTS,ELROM AVIATION AND INVESTMENTS,ISRAEL
ETS,-,ELTSOVKA,ELTSOVKA AIRLINES,ELTSOVKA AIRLINES,RUSSIAN FEDERATION
ELV,-,ELVETIA,ELVETIA AVIATION,ELVETIA AVIATION S.A.P.I. DE C.V.,MEXICO
...,-,ELYSIAN,ELYSIAN AIRLINES,ELYSIAN AIRLINES,CAMEROON
EAM,-,EMBASSY AIR,EMBASSY AIRLINES LIMITED,EMBASSY AIRLINES LIMITED,NIGERIA
ERU,-,RIDDLE,EMBRY-RIDDLE,EMBRY-RIDDLE AERONAUTICAL UNIVERSITY,UNITED STATES OF AMERICA
XSL,-,SATSLAB,EMBRY-RIDDLE,"SESATSLAB PROOF-OF-CONCEPT FLIGHTS, EMBRY-RIDDLE UNIVERSITY (DAYTONA BEACH, FL)",UNITED STATES OF AMERICA
EAG,-,GREENSTONE,EMERALD AIRLINES,EMERALD AIRLINES (UK) LIMITED,UNITED KINGDOM
EAI,EA,GEMSTONE,EMERALD AIRLINES,EMERALD AIRLINES IRELAND LIMITED,IRELAND
EFB,-,EMERALD JETS,EMERALD JETS,EMERALD JETS S.A.L.,LEBANON
SUM,-,SUMES,EMERCOM,FEDERAL STATE BUDGET INSTITUTION AVIATION RESCUE COMPANY OF EMERCOM OF RUSSIA,RUSSIAN FEDERATION
EMT,-,EMETEBE,EMETEBE,EMETEBE,ECUADOR
UAE,EK,EMIRATES,EMIRATES,EMIRATES,UNITED ARAB EMIRATES
EFC,-,AL WASEL,EMIRATES FTA,EMIRATES FLIGHT TRAINING ACADEMY,UNITED ARAB EMIRATES
SBC,-,SABIAN AIR,EMOYENI AIR CHARTER,MOUNT AIR CC T/A EMOYENI AIR CHARTER,SOUTH AFRICA
STJ,-,KINGSMAN,EMPER GENERAL AVIATION,"EMPER GENERAL AVIATION (SUZHOU) CO., LTD.",CHINA
EMM,-,RULER,EMPEROR AVIATION LIMITED,EMPEROR AVIATION LIMITED,MALTA
EMP,-,EMPIRE,EMPIRE AIR SERVICE,"EMPIRE AIR SERVICE, INC. (ROCHESTER, NY)",UNITED STATES OF AMERICA
CFS,-,EMPIRE AIR,EMPIRE AIRLINES,"EMPIRE AIRLINES (HAYDEN LAKE, UT)",UNITED STATES OF AMERICA
MJE,-,EMJET,EMPIRE AVIATION GROUP,EMPIRE AVIATION GROUP,UNITED ARAB EMIRATES
MPR,-,HONEY BEE,EMPIRE AVIATION SERVICES LIMITED,EMPIRE AVIATION SERVICES LIMITED,NIGERIA
ETP,-,TESTER,EMPIRE TEST PILOTS SCHOOL,EMPIRE TEST PILOTS SCHOOL,UNITED KINGDOM
AUO,-,UNIFORM OSCAR,EMPRESA AERO URUGUAY,"EMPRESA AERO URUGUAY, S.A.",URUGUAY
VNA,-,EBBA,EMPRESA AVIACION INTERAMERICANA,EMPRESA AVIACION INTERAMERICANA S.A.,URUGUAY
EMB,-,EMBRAER,EMPRESA BRASILEIRA DE AERONAUTICA,"EMPRESA BRASILEIRA DE AERONAUTICA, S/A",BRAZIL
GTV,-,GAVIOTA,EMPRESA DE AVIACION AEROGAVIOTA,"EMPRESA DE AVIACION AEROGAVIOTA, S.A.",CUBA
EML,-,EMALUSA,EMPRESA DE MELOS AEREOS,"EMA S.A., EMPRESA DE MELOS AEREOS",PORTUGAL
FLD,-,FLORIDIAN,EMPRESA FLORIDIAN,EMPRESA FLORIDIAN S.A.,URUGUAY
CNI,-,SERAER,EMPRESA NACIONAL DE SERVICIOS AEREOS,EMPRESA NACIONAL DE SERVICIOS AEREOS,CUBA
VNE,-,VENEZOLANA,EMPRESA VENEZOLANA,"EMPRESA VENEZOLANA, LINEA AEREA BOLIVARIANA",VENEZUELA
RLJ,-,REAL JET,EMPYREAL JET,"EMPYREAL JET, INC.",UNITED STATES OF AMERICA
NAK,-,ENACSCHOOL,ENAC,ENAC,FRANCE
ENF,-,ENAV CHECK,ENAV,ENAV S.P.A.,ITALY
ROM,-,ROME,ENCOMPASS AVIATION,ENCOMPASS AVIATION,UNITED STATES OF AMERICA
EDV,9E,ENDEAVOR,ENDEAVOUR AIR,"ENDEAVOUR AIR, INC.",UNITED STATES OF AMERICA
ENC,-,ENDECOTS,ENDECOTS,ENDECOTS S.A.,ECUADOR
ECR,-,ENERGIA,ENERGIA CREADORA,"ENERGIA CREADORA, S.A. DE C.V.",MEXICO
ENE,-,JET-ENER,ENERJET,"ENERJET, S.A. DE C.V.",MEXICO
ENG,-,CROSS CLAMP,ENG AVIATION,THUNDERBIRD AIRWAYS INC. D/B/A ENG AVIATION,UNITED STATES OF AMERICA
EGV,-,GLEISNER,ENRIQUE GLEISNER VIVANCO,ENRIQUE GLEISNER VIVANCO,CHILE
ESE,-,ENSENADA ESPECIAL,ENSENADA VUELOS ESPECIALES,"ENSENADA VUELOS ESPECIALES, S.A. DE C.V.",MEXICO
ENT,E4,ENTERAIR,ENTER AIR,ENTER AIR SP. Z.O.O.,POLAND
ENS,-,ENTERGY SHUTTLE,ENTERGY SERVICES,"ENTERGY SERVICES, INC. (NEW ORLEANS, LA)",UNITED STATES OF AMERICA
-,PC*,-,ENVIROTAINER,ENVIROTAINER AB,SWEDEN
ENY,MQ,ENVOY,ENVOY AIR,ENVOY AIR INC.,UNITED STATES OF AMERICA
NVO,-,ENVUELO,ENVUELO,"ENVUELO, S.L.",SPAIN
EOP,-,EOLO PLUS,EOLO PLUS,"EOLO PLUS, S.A. DE C.V.",MEXICO
IAG,-,EPAG,EPAG,EPAG - GROUPE AIR FRANCE,FRANCE
EPI,-,EPIC RED,EPIC AVIATION,EPIC FLIGHT ACADEMY/ EPIC AVIATION,UNITED STATES OF AMERICA
EPS,-,EPPS AIR,EPPS AIR SERVICE,"EPPS AIR SERVICE, INC. (ATLANTA, GA)",UNITED STATES OF AMERICA
GRV,-,EPSILON,EPSILON AVIATION,EPSILON AVIATION S.A.,GREECE
EKA,-,EQUAFLIGHT,EQUAFLIGHT SERVICE,EQUAFLIGHT SERVICE,CONGO
EKJ,-,EQUAJET,EQUAJET,EQUAJET,CONGO
EQX,-,EQUINOX,EQUINOXAIR,EQUINOXAIR S.A.S.,ECUADOR
ERR,-,ERAH,ERA AVIATION,"ERA AVIATION (ANCHORAGE, AK)",UNITED STATES OF AMERICA
ERH,-,ERA HELI,ERA HELICOPTERS,"ERA HELICOPTERS (LAKE CHARLES, LA)",UNITED STATES OF AMERICA
IRY,-,ERAM AIR,ERAM AIR,ERAM AIR,IRAN
ERE,-,AIR ERIE,ERIE AIRWAYS,"ERIE AIRWAYS, INC. (ERIE, PA)",UNITED STATES OF AMERICA
ERT,-,ERITREAN,ERITREAN AIRLINES,ERITREAN AIRLINES,ERITREA
ERN,-,ERNEST,ERNEST,ERNEST S.P.A.,ITALY
ERF,-,GULLIVER,EROFEY LLC,EROFEY LLC,RUSSIAN FEDERATION
ELD,-,-,EROPORTER,"EROPORTER, S.L.",SPAIN
ESA,-,MALAGAIR,ESCAIR,"ESCAIR, S.L.",SPAIN
EAD,-,AERO-ESCOLA,ESCOLA DE AVIACAO AEROCONDOR,"EAA - ESCOLA DE AVIACAO AEROCONDOR, SA",PORTUGAL
IEI,-,ITALIAN ARMY,ESERCITO ITALIANO,ESERCITO ITALIANO,ITALY
ECH,-,-,ESN JET SERVICE,"ESN JET SERVICE, LLC",RUSSIAN FEDERATION
ENA,-,ENA,ESPANA,"ESPANA, DIRECCION GENERAL DE AVIACION CIVIL Y TELECOMUNICACIONES",SPAIN
ESP,-,+,ESPERIA AVIATION SERVICES,ESPERIA AVIATION SERVICES S.P.A.,ITALY
ESF,E7,ESTAFETA,ESTAFETA CARGA AEREA,"ESTAFETA CARGA AEREA, S.A. DE C.V.",MEXICO
ETR,-,ESTEL,ESTELAR LATINOAMERICA,"ESTELAR LATINOAMERICA, C.A.",VENEZUELA
EEF,-,ESTONIAN AIRFORCE,ESTONIAN AIRFORCE,ESTONIAN AIRFORCE,ESTONIA
EFO,-,-,ESTOP ESTUDIOS DE FOTOGRAFIA,"ESTOP ESTUDIOS DE FOTOGRAFIA, S.A.",SPAIN
EZZ,-,ENTERPRIZE,ETF AIRWAYS,ETF AIRWAYS,CROATIA
ETD,EY,ETIHAD,ETHIAD AIRWAYS,ETIHAD AIRWAYS,UNITED ARAB EMIRATES
ETH,ET,ETHIOPIAN,ETHIOPIAN AIRLINES,ETHIOPIAN AIRLINES CORPORATION,ETHIOPIA
EMZ,-,EMOZ,ETHIOPIAN MOZAMBIQUE AIRLINES,ETHIOPIAN MOZAMBIQUE AIRLINES,MOZAMBIQUE
EYT,-,JERNAS,ETIHAD FLIGHT COLLEGE,ETIHAD FLIGHT COLLEGE,UNITED ARAB EMIRATES
ETM,-,ETRAM,ETRAM AIR WING,ETRAM AIR WING,ANGOLA
YBY,-,-,EUR RODEX,EUROPEAN REGIONAL OPMET DATA EXCHANGE (EUR RODEX),ICAO
ECN,-,EURO CONTINENTAL,EURO CONTINENTAL AIE,"EURO CONTINENTAL AIE, S.L.",SPAIN
EUD,-,-,EURO MEDITERRANEAN AIRLINES,EURO MEDITERRANEAN AIRLINES,EGYPT
ELE,-,EUROLINE,EUROAIRLINES,"EUROAIRLINES, S.L.",SPAIN
EUU,-,EUROAMERICAN,EUROAMERICAN AIR,EUROAMERICAN AIR,URUGUAY
EAK,-,EAKAZ,EURO-ASIA AIR,EURO-ASIA AIR,KAZAKHSTAN
MMZ,YU,EUROATLANTIC,EUROATLANTIC AIRWAYS,EUROATLANTIC AIRWAYS - TRANSPORTES AEREOS S.A.,PORTUGAL
SEB,,EURO AVIA,EUROAVIA AIRLINES,EUROAVIA AIRLINES LIMITED,CYPRUS
SEB,-,EURO AVIA,EUROAVIA AIRLINES,EUROAVIA AIRLINES LIMITED,CYPRUS
EUC,-,-,EUROCONTROL,EUROCONTROL,BELGIUM
ZMS,-,-,EUROCONTROL CFMU CCAMS SERVICE,EUROCONTROL CFMU CCAMS SERVICE,ICAO
ZKC,-,-,EUROCONTROL CFMU CENTRAL EXECUTIVE UNIT,EUROCONTROL CFMU CENTRAL EXECUTIVE UNIT,ICAO
ZKD,-,-,EUROCONTROL CFMU DATABASE OPERATORS,EUROCONTROL CFMU DATABASE OPERATORS,ICAO
ZMF,-,-,EUROCONTROL CFMU IFPU SYSTEM,EUROCONTROL CFMU IFPU SYSTEM,ICAO
ZMT,-,-,EUROCONTROL CFMU TAC SYSTEM,EUROCONTROL CFMU TAC SYSTEM,ICAO
ZKT,-,-,EUROCONTROL CFMU TECHNICAL MONITORING TEAM,EUROCONTROL CFMU TECHNICAL MONITORING TEAM,ICAO
ECF,-,EUROCOPTER,EUROCOPTER,EUROCOPTER,FRANCE
RDF,-,RED FOX,EUROCOPTER DEUTSCHLAND,"EUROCOPTER DEUTSCHLAND GMBH, DONAUWOERTH",GERMANY
FEN,-,FENESTRON,EUROCOPTER UK,EUROCOPTER UK LTD,UNITED KINGDOM
EEU,-,EUROFLY,EUROFLY SERVICE,EUROFLY SERVICE S.P.A.,ITALY
GOJ,-,GOJET,EUROJET AVIATION,EUROJET AVIATION LTD,UNITED KINGDOM
UJS,-,-,EUROJET SERVICE,EUROJET SERVICE,RUSSIAN FEDERATION
EJS,-,EEJAY SERVICE,EUROJET SERVIS,EUROJET SERVIS S.R.O.,CZECHIA
EUL,-,EUROLINK,EUROLINK,EUROLINK GMBH,GERMANY
ELO,-,EUROLOT,EUROLOT,EUROLOT S.A.,POLAND
EVP,-,EUROAIR,EUROPE AIR,EUROPE AIR,UKRAINE
BUC,-,EUROCHARTER,EUROPEAN AIR CHARTER,EUROPEAN AIR CHARTER,BULGARIA
PGC,-,GREEN CLUB,EUROPEAN AIRCRAFT PRIVATE CLUB,EUROPEAN AIRCRAFT PRIVATE CLUB,BELGIUM
EAX,-,AEREAS,EUROPEAN AVIATION SCHOOL OF BARCELONA,EUROPEAN AVIATION SCHOOL OF BARCELONA,SPAIN
-,SE,-,EUROPEAN CARGO,EUROPEAN CARGO LIMITED,UNITED KINGDOM
EUW,-,EUROWEST,EUROPEAN FLIGHT SERVICE,EFS EUROPEAN FLIGHT SERVICE AB,SWEDEN
FYS,-,EUROPEAN FLYERS,EUROPEAN FLYERS,EUROPEAN FLYERS,SPAIN
EKT,-,BLUE KNIGHT,EUROPEAN SAO,EUROPEAN SAO LTD.,MALTA
EPC,-,EUROPILOT,EUROPILOT CENTER,EUROPILOT CENTER,BELGIUM
ESQ,-,EUROP STAR,EUROP-STAR AIRCRAFT,EUROP-STAR AIRCRAFT GMBH,AUSTRIA
ESX,-,CATFISH,EUROSKYLINK,EUROSKYLINK LTD,UNITED KINGDOM
-,9F,-,EUROSTAR,EUROSTAR INTERNATIONAL LIMITED,UNITED KINGDOM
EWG,EW,EUROWINGS,EUROWINGS,EUROWINGS GMBH,GERMANY
OCN,4Y,OCEAN,EUROWINGS DISCOVER,EW DISCOVER GMBH,GERMANY
-,E2,-,EUROWINGS EUROPE,EUROWINGS EUROPE GMBH,AUSTRIA
EUS,-,EURUS,EURUS AVIATION,"EURUS AVIATION, S.A.P.I. DE C.V.",MEXICO
EVA,BR,EVA,EVA AIRWAYS,EVA AIRWAYS CORPORATION,TAIPEI
EVE,E9,EVELOP,EVELOP,"EVELOP AIRLINE, S.L.",SPAIN
EVK,-,EVERETT,EVERETT AVIATION,EVERETT AVIATION,KENYA
EVQ,-,EVERETT AIR,EVERETT AVIATION,EVERETT AVIATION LDA,MOZAMBIQUE
EVT,-,-,EVERETT LIMITED,EVERETT LIMITED,TANZANIA
EIA,-,EVERGREEN,EVERGREEN INTERNATIONAL AIRLINES,EVERGREEN INTERNATIONAL AIRLINES,UNITED STATES OF AMERICA
EVJ,-,EVERJETS,EVERJETS,"EVERJETS - AVIACAO EXECUTIVA, S.A.",PORTUGAL
VTS,-,EVERTS,EVERTS AIR ALASKA,"TATONDUK OUTFITTERS LTD D/B/A EVERTS AIR ALASKA / EVERTS AIR CARGO (FAIRBANKS, AK)",UNITED STATES OF AMERICA
EVL,-,EVOLEM,EVOLEM AVIATION,EVOLEM AVIATION,FRANCE
EWR,-,MAYOTTE AIR,EWA AIR,EWA AIR,FRANCE
EWE,-,-,EWAT,EWAT GMBH,AUSTRIA
EWA,-,EWEST,EWEST AIR,EWEST AIR,REPUBLIC OF KOREA
XEL,-,HELI EXCEL,EXCEL CHARTER,EXCEL CHARTER LTD,UNITED KINGDOM
VDC,-,PRIVIUM,EXCELAIR,PRIVIUM S.L. (EXCELAIR),SPAIN
XLS,-,EXCELAIRE,EXCELAIRE,"EXCELAIRE (RONKONKOMA, NY)",UNITED STATES OF AMERICA
REE,-,SKYFALL,EXCLUSIVE AVIATION,EXCLUSIVE AVIATION,BAHAMAS
...,-,BALLOON EXCLUSIVE,EXCLUSIVE BALLOONING,EXCLUSIVE BALLOONING,UNITED KINGDOM
EDA,-,CARGO LIFT,EXEC DIRECT AVIATION,EXEC DIRECT AVIATION,JAMAICA
EFT,-,ZIPLINE,EXECUFLIGHT,"EXECUFLIGHT, INC. (FORT LAUDERDALE, FL)",UNITED STATES OF AMERICA
EXD,-,PLATINUM EXEC,EXECUJET AVIATION,EXECUJET AVIATION (PTY) LTD,SOUTH AFRICA
VMP,-,VAMPIRE,EXECUJET EUROPE,EXECUJET EUROPE A/S,DENMARK
EJO,-,MIDJET,EXECUJET MIDDLE EAST,EXECUJET MIDDLE EAST,UNITED ARAB EMIRATES
LCY,-,LONDON CITY,EXECUJET UK,EXECUJET (UK) LTD,UNITED KINGDOM
EAS,-,AEROSPACE,EXECUTIVE AEROSPACE,EXECUTIVE AEROSPACE (PTY) LTD,SOUTH AFRICA
LFL,-,LIFE FLIGHT,EXECUTIVE AIR,EXECUTIVE AIR,ZIMBABWE
XAL,-,BAJANSTAR,EXECUTIVE AIR,EXECUTIVE AIR LTD (BARBADOS),BARBADOS
EAC,-,EXECAIR,EXECUTIVE AIR CHARTER,"EXECUTIVE AIR CHARTER (HONOLULU, HI)",UNITED STATES OF AMERICA
XAF,-,-,EXECUTIVE AIR FLEET,"EXECUTIVE AIR FLEET (TRENTON, NJ)",UNITED STATES OF AMERICA
BLE,-,BLUEWATER,EXECUTIVE AIR SERVICES,"EXECUTIVE AIR SERVICES, LLC (MIAMI, FL)",UNITED STATES OF AMERICA
ESM,-,EXEC AIRCRAFT,EXECUTIVE AIRCRAFT SERVICES,EXECUTIVE AIRCRAFT SERVICES S.A.L.,LEBANON
EXU,-,SACIR,EXECUTIVE AIRLINES,"EXECUTIVE AIRLINES, S.L.",SPAIN
ENK,-,SUNBIRD,EXECUTIVE AIRLINK INC.,"EXECUTIVE AIRLINK INC. (NEBO, NC)",UNITED STATES OF AMERICA
SIY,-,SERENITY,EXECUTIVE AVIATION CORPORATION,EXECUTIVE AVIATION CORPORATION,UNITED STATES OF AMERICA
VYR,-,VEYRON,EXECUTIVE AVIATION SERVICES,"EXECUTIVE AVIATION SERVICES, LLC",UNITED STATES OF AMERICA
JTR,-,JESTER,EXECUTIVE AVIATION SERVICES,EXECUTIVE AVIATION SERVICES LTD,UNITED KINGDOM
EXE,-,EXEC,EXECUTIVE FLIGHT,"EXECUTIVE FLIGHT, INC. (ARLINGTON, TX)",UNITED STATES OF AMERICA
XSR,-,AIRSHARE,EXECUTIVE FLIGHT SERVICES,"EXECUTIVE FLIGHT SERVICES, LLC",UNITED STATES OF AMERICA
XFL,-,EX-FLIGHT,EXECUTIVE FLITEWAYS,"EXECUTIVE FLITEWAYS, INC (RONKONKOMA, NY)",UNITED STATES OF AMERICA
EXH,-,EXEC HELI,EXECUTIVE HELICOPTERS,EXECUTIVE HELICOPTERS,IRELAND
EXJ,-,VOLANTE,EXECUTIVE JET CHARTER,EXECUTIVE JET CHARTER LIMITED,UNITED KINGDOM
EJM,-,JET SPEED,EXECUTIVE JET MANAGEMENT,"EXECUTIVE JET MANAGEMENT, INC. (CINCINNATI, OH)",UNITED STATES OF AMERICA
EJZ,-,-,EXECUTIVE JET SERVICES,EXECUTIVE JET SERVICES,SAO TOME AND PRINCIPE
KNZ,-,KINZE,EXECUTIVE TRAVEL AIR,"EXECUTIVE TRAVEL AIR (SHREVEPORT, LA)",UNITED STATES OF AMERICA
TEA,-,TRAVELMAX,EXECUTIVE TURBINE AVIATION,EXECUTIVE TURBINE AVIATION (PTY) LTD,SOUTH AFRICA
EXF,-,EXIMFLIGHT,EXIMFLIGHT,"EXIMFLIGHT, S.A. DE C.V.",MEXICO
EXN,-,EXIN,EXIN,EXIN,POLAND
XRC,-,TUNISIA CARGO,EXPRESS AIR CARGO,EXPRESS AIR CARGO,TUNISIA
EPR,-,EMPEROR,EXPRESS AIRWAYS,"EXPRESS AIRWAYS, D.O.O.",SLOVENIA
EAN,-,NIGERIA EXPRESS,EXPRESS AIRWAYS NIGERIA,EXPRESS AIRWAYS NIGERIA LIMITED,NIGERIA
EFA,-,EXPRESS FREIGHT,EXPRESS FREIGHTERS AUSTRALIA,EXPRESS FREIGHTERS AUSTRALIA,AUSTRALIA
EIC,-,EXCARGO,EXPRESS INTERNATIONAL CARGO CORPORATION,EXPRESS INTERNATIONAL CARGO CORPORATION,SAO TOME AND PRINCIPE
LHN,-,LONGHORN,EXPRESS ONE INTERNATIONAL,"EXPRESS ONE INTERNATIONAL, INC. (DALLAS, TX)",UNITED STATES OF AMERICA
XTO,-,EXPRESS TOURS,EXPRESS TOURS,EXPRESS TOURS,GABON
ASQ,-,ACEY,EXPRESSJET AIRLINES,EXPRESSJET AIRLINES,UNITED STATES OF AMERICA
TTX,-,TWISTER,EXTRAORDIN AIR AVIATION,"EXTRAORDIN AIR AVIATION AND CHARTER (HOUSTON, TX)",UNITED STATES OF AMERICA
XRO,-,CRAMER,EXXAERO,EXXAERO B.V,NETHERLANDS
EZR,-,EASYWAY,EZ AIR,EZ AIR B.V.,NETHERLANDS
EZJ,-,GUYANA JET,EZJET GT INC.,EZJET GT INC.,GUYANA
EZA,-,EZNIS,EZNIS AIRWAYS,EZNIS AIRWAYS LLC,MONGOLIA
EZT,-,THAI EZY,EZY AIRLINES,EZY AIRLINES,THAILAND
INP,-,-,F A NAVAL DEL PERU,F A NAVAL DEL PERU,PERU
FAP,-,FAIR SCHOOL,F AIR,F AIR,CZECHIA
EYE,-,SOCKEYE,F.S. AIR SERVICE,"F.S. AIR SERVICE, INC. (ANCHORAGE, AK)",UNITED STATES OF AMERICA
NLE,-,NELLIE,FAA - AIR SHUTTLE PROGRAM,FAA-WJH TECHNICAL CENTER AIR SHUTTLE PROGRAM,UNITED STATES OF AMERICA
AYA,-,ACADEMY AIR,FAA ACADEMY,"FEDERAL AVIATION ADMINISTRATION (FAA) ACADEMY (OKLAHOMA CITY, OK)",UNITED STATES OF AMERICA
FLC,-,FLIGHT CHECK,FAA FLIGHT INSPECTION,"UNITED STATES DEPARTMENT OF TRANSPORTATION, FEDERAL AVIATION ADMINISTRATION, FLIGHT INSPECTION SERVICES",UNITED STATES OF AMERICA
FAV,-,FAIRAVIA,FAIR AVIATION,FAIR AVIATION PTY LTD,SOUTH AFRICA
FWD,-,FAIR WIND,FAIR WIND AIR CHARTER,"FAIR WIND AIR CHARTER (STUART, FL)",UNITED STATES OF AMERICA
FFC,-,FAIROAKS,FAIROAKS FLIGHT CENTRE,FAIROAKS FLIGHT CENTRE,UNITED KINGDOM
FAI,-,MOTOR-CITY,FALCON AIR,"FALCON AIR, INC. (FLINT, MI)",UNITED STATES OF AMERICA
FAO,-,PANTHER,FALCON AIR EXPRESS,"FALCON AIR EXPRESS (MIAMI, FL)",UNITED STATES OF AMERICA
FAU,-,FALCON AIRLINE,FALCON AIRLINE,FALCON AIRLINE LIMITED,NIGERIA
FVS,-,FALCON AVIATION,FALCON AVIATION SERVICES,FALCON AVIATION SERVICES,UNITED ARAB EMIRATES
FAW,-,FALWELL,FALWELL AVIATION,"FALWELL AVIATION, INC. (LYNCHBURG, VA)",UNITED STATES OF AMERICA
FJE,-,FANJET,FANJET EXPRESS,FANJET EXPRESS,KENYA
FEA,-,FAR EASTERN,FAR EASTERN AIR TRANSPORT CORPORATION,FAR EASTERN AIR TRANSPORT CORPORATION,CHINA
FDL,-,FARMINGDALE STATE,FARMINGDALE STATE UNIVERSITY,"FARMINGDALE STATE UNIVERSITY (FARMINGDALE, NY)",UNITED STATES OF AMERICA
FAH,-,BLUE STRIP,FARNAIR HUNGARY,FARNAIR HUNGARY LTD,HUNGARY
RAF,-,FARNAS,FARNAS AVIATION SERVICES,FARNAS AVIATION SERVICES,SUDAN
QFZ,-,FARS QESHM,FARS QESHM AIR LINES,FARS QESHM AIR LINES,IRAN
FRW,-,FARWEST,FARWEST AIRLINES,"FARWEST AIRLINES, INC. (CHANDLER, AZ)",UNITED STATES OF AMERICA
FSW,-,FASO,FASO AIRWAYS,FASO AIRWAYS SARL,BURKINA FASO
PBR,-,POLAR BEAR,FAST AIR,FAST AIR LTD,CANADA
VVC,-,VIVA COLOMBIA,FAST COLOMBIA,FAST COLOMBIA S A S,COLOMBIA
FTZ,-,GREY BIRD,FASTJET AIRLINES,FASTJET AIRLINES LTD,TANZANIA
FJB,-,FASTBIRD,FASTJET ZAMBIA,FASTJET ZAMBIA LIMITED,ZAMBIA
FJW,-,ZIMBIRD,FASTJET ZIMBABWE,FASTJET ZIMBABWE LIMITED,ZIMBABWE
FAY,-,FAYBAN AIR,FAYBAN AIR SERVICES,FAYBAN AIR SERVICES,NIGERIA
SKM,-,SKYTEM,FAYETTEVILLE FLYING SERVICE,"FAYETTEVILLE FLYING SERVICE AND SCHEDULED SKYWAYS SYSTEM (FAYETTEVILLE, AR)",UNITED STATES OF AMERICA
FDP,-,-,FDS-OPS,FDS-OPS SP. Z.O.O.,POLAND
FDR,-,FEDAIR,FEDERAL AIR,FEDERAL AIR (PTY) LTD,SOUTH AFRICA
FLL,-,FEDERAL AIRLINES,FEDERAL AIRLINES,FEDERAL AIRLINES,SUDAN
DCN,-,DIPLOMATIC CLEARANCE,FEDERAL ARMED FORCES,"FEDERAL ARMED FORCES, FEDERAL REPUBLIC OF GERMANY",GERMANY
NHK,-,NIGHTHAWK,FEDERAL AVIATION ADMINISTRATION,"UNITED STATES GOVERNMENT, FEDERAL AVIATION ADMINISTRATION",UNITED STATES OF AMERICA
FPL,-,FEDPOL,FEDERAL POLICE,AUSTRALIAN FEDERAL POLICE,AUSTRALIA
FDX,FX,FEDEX,FEDEX,FEDERAL EXPRESS CORPORATION,UNITED STATES OF AMERICA
FDD,-,+,FEEDER AIRLINES,FEEDER AIRLINES,SUDAN
FXX,-,-,FELIX AIRWAYS,FELIX AIRWAYS,YEMEN
...,-,FEMA,FEMA,FEDERAL EMERGENCY MANAGEMENT AGENCY,UNITED STATES OF AMERICA
FNX,-,CRESCENT,FENIX AIR CHARTER,FENIX AIR CHARTER,UNITED STATES OF AMERICA
FFD,-,FLORIAN,FEUERWEHREINSATZ,FEUERWEHREINSATZ,GERMANY
HRE,-,HART AIR,FFH AVIATION TRAINING,"FFH SUEDWESTDEUTSCHE VERKEHRSFLIEGERSCHULE, FREIBURG",GERMANY
FFE,-,SMART TRAINER,FFL FLIGHT TRAINING,"FFL FACHSCHULE FUER LUFT-FAHRZEUGFUEHRER GMBH, MUELHEIM",GERMANY
FJI,FJ,FIJI,FIJI AIRWAYS,AIR PACIFIC LIMITED,FIJI
FJA,FJ,LINK FIJI,FIJI LINK,FIJI AIRLINES LIMITED,FIJI
HGK,-,SALAAMA,FIKA SALAAMA AIRLINES,FIKA SALAAMA AIRLINES LTD,UGANDA
FNC,-,FINALAIR CONGO,FINALAIR CONGO,FINALAIR CONGO,CONGO
FAK,-,FACTS,FINANCIAL AIRXPRESS,FINANCIAL AIRXPRESS,UNITED STATES OF AMERICA
FNS,-,FINESSE,FINESSE EXECUTIVE,FINESSE EXECUTIVE LTD,UNITED KINGDOM
FTR,-,FINISTAIR,FINIST'AIR,FINIST'AIR,FRANCE
FIN,AY,FINNAIR,FINNAIR,FINNAIR OYJ,FINLAND
FNF,-,FINNFORCE,FINNISH AIR FORCE,FINNISH AIR FORCE HEADQUARTERS,FINLAND
FNG,-,FINNGUARD,FINNISH BORDER GUARD,FINNISH BORDER GUARD,FINLAND
OPM,-,OPTIMA,FIREBLADE AVIATION,FIREBLADE AVIATION (PTY) LTD.,SOUTH AFRICA
HWK,-,FIREHAWK,FIREHAWK HELICOPTERS,"FIREHAWK HELICOPTERS, INC.",UNITED STATES OF AMERICA
AKT,-,ARCTIC,FIRST AIR,BRADLEY AIR SERVICES D/B/A FIRST AIR,CANADA
...,-,BLUETHUNDER,FIRST AIR,FIRST AIR LTD,UNITED KINGDOM
JRF,-,-,FIRST AIR TRANSPORT,"FIRST AIR TRANSPORT CO., LTD",JAPAN
GGA,-,JAWJA,FIRST FLYING SQUADRON,"FIRST FLYING SQUADRON, INC.",UNITED STATES OF AMERICA
MZT,-,ZHONG TAI,FIRST MANDARIN BUSINESS AVIATION,"FIRST MANDARIN BUSINESS AVIATION CO., LTD",CHINA
FRN,-,FIRST NATION,FIRST NATION AIRWAYS,FIRST NATION AIRWAYS (SS) LIMITED,NIGERIA
EGC,-,EAGLE CREEK,FIRST WING AIRCRAFT,"FIRST WING AIRCRAFT CHARTER AND MAINTENANCE (INDIANAPOLIS, IN)",UNITED STATES OF AMERICA
EXV,-,EXPOAVIA,FITS AVIATION,FITS AVIATION (PVT) LTD,SRI LANKA
FFV,-,SWIFT TANGO,FIVE FORTY AVIATION,FIVE FORTY AVIATION LTD,KENYA
FUL,-,ORANGE CRANE,FIVE FORTY UGANDA,FIVE FORTY UGANDA LIMITED,UGANDA
FPF,-,SIJI,FJR PRIVATE FLIGHT,FJR PRIVATE FLIGHT LLC.,UNITED ARAB EMIRATES
FLP,-,PARAPRO,FL140 PARACHUTISME BORDEAUX,FL140 PARACHUTISME BORDEAUX,FRANCE
FSX,-,FLAG,FLAGSHIP EXPRESS SERVICES,"FLAGSHIP EXPRESS SERVICES, INC. (YPSILANTI, MI)",UNITED STATES OF AMERICA
FLE,-,FLAIR,FLAIR AIRLINES,FLAIR AIRLINES LTD,CANADA
FMR,-,FLAMINGO AIR,FLAMINGO AIR,"FLAMINGO AIR, INC. (CINCINNATI, OH)",UNITED STATES OF AMERICA
FBG,-,FLEET BIG,FLEET AIR,FLEET AIR BG,BULGARIA
FRF,-,FAIRFLEET,FLEET AIR INTERNATIONAL,FLEET AIR INTERNATIONAL LTD,HUNGARY
FLR,-,FLEETAIR,FLEETAIR,FLEETAIR,SOUTH AFRICA
FXT,W2,FLEXFLIGHT,FLEXFLIGHT,FLEXFLIGHT APS,DENMARK
TIX,-,MATRIX,FLEXFLIGHT,FLEXFLIGHT S.R.L,SAN MARINO
LXJ,-,FLEXJET,FLEXJET,"FLEXJET LLC (RICHARDSON, TX)",UNITED STATES OF AMERICA
FJO,-,FLEX MALTA,FLEXJET,FLEXJET OPERATIONS MALTA LIMITED,MALTA
FLJ,-,FLEXAIR,FLEXJET,FLEXJET OPERATIONS LTD,UNITED KINGDOM
EQT,-,EQUITY,FLIGHT ACADEMY BLACKPOOL,FLIGHT ACADEMY BLACKPOOL,UNITED KINGDOM
FCK,-,NAV CHECKER,FLIGHT CALIBRATION SERVICES,"FCS, FLIGHT CALIBRATION SERVICES, BRAUNSCHWEIG",GERMANY
VOR,-,FLIGHT CAL,FLIGHT CALIBRATION SERVICES,FLIGHT CALIBRATION SERVICES LTD,UNITED KINGDOM
FCE,-,FLIGHT CHOICE,FLIGHT CHOICE,"MAXAIR CHARTER, INC",UNITED STATES OF AMERICA
FCG,-,-,FLIGHT CONSULTING GROUP,"FCG - FLIGHT CONSULTING GROUP LTD, LV",LATVIA
FCP,-,FLIGHTCORP,FLIGHT CORPORATION,FLIGHT CORPORATION LTD,NEW ZEALAND
FDZ,-,BLUE LUX,FLIGHT DECK SUPPORT,FLIGHT DECK SUPPORT,LUXEMBOURG
BAD,-,BADLANDS,FLIGHT DEVELOPMENT,"FLIGHT DEVELOPMENT, LLC (WATKINS, CO)",UNITED STATES OF AMERICA
FLX,-,FLIGHT EXPRESS,FLIGHT EXPRESS,"FLIGHT EXPRESS, INC. (ORLANDO, FL)",UNITED STATES OF AMERICA
ZIZ,-,INFORMACION,FLIGHT INFORMATION CENTRE,FLIGHT INFORMATION CENTRE,ICAO
ZEZ,-,-,FLIGHT INFORMATION DATA BASE,FLIGHT INFORMATION DATA BASE,ICAO
CFI,-,CHINA JET,FLIGHT INSPECTION CENTER OF THE GENERAL ADMINISTRATION OF CIVIL AVIATION OF CHINA,FLIGHT INSPECTION CENTER OF THE GENERAL ADMINISTRATION OF CIVIL AVIATION OF CHINA,CHINA
LTS,-,SPECAIR,FLIGHT INSPECTIONS AND SYSTEMS,"FLIGHT INSPECTIONS AND SYSTEMS, CJSC",RUSSIAN FEDERATION
ACT,-,AMERICAN CHECK,FLIGHT LINE,"FLIGHT LINE, INC. (DENVER, CO)",UNITED STATES OF AMERICA
MIT,-,MATCO,FLIGHT LINE,"FLIGHT LINE, INC. (JACKSON, MS)",UNITED STATES OF AMERICA
TDE,-,TELLURIDE,FLIGHT ONE,"TELAVIA D/B/A FLIGHT ONE, INC. (TELLURIDE, CO)",UNITED STATES OF AMERICA
FOI,-,-,FLIGHT OPS INTERNATIONAL,"FLIGHT OPS INTERNATIONAL (JAMAICA, NY)",UNITED STATES OF AMERICA
OPT,-,OPTIONS,FLIGHT OPTIONS,"FLIGHT OPTIONS (JOHNSON CITY, NY)",UNITED STATES OF AMERICA
ZFP,-,-,FLIGHT PLAN PROCESSING CENTER OF ATMB,"FLIGHT PLAN PROCESSING CENTER OF ATMB, CAAC.",CHINA
FSN,-,-,FLIGHT PLAN SOLUTIONS,"FLIGHT PLAN SOLUTIONS (SAN FRANCISCO, CA)",UNITED STATES OF AMERICA
FPC,-,PRO CONNECT,FLIGHT PRO INTERNATIONAL,"FLIGHT PRO INTERNATIONAL, LLC",UNITED STATES OF AMERICA
SFY,-,SKY FLITE,FLIGHT SAFETY ACADEMY,FLIGHT SAFETY ACADEMY,UNITED STATES OF AMERICA
CBN,-,CARBONDALE,FLIGHT SCHOOL,SOUTHERN ILLINOIS UNIVERSITY D/B/A FLIGHT SCHOOL,UNITED STATES OF AMERICA
FST,-,FLIGHTRON,FLIGHT SUPPORT INC.,FLIGHT SUPPORT INC.,UNITED STATES OF AMERICA
...,-,TWINPIN,FLIGHT TRAINING COLLEGE,FLIGHT TRAINING COLLEGE (UK),UNITED KINGDOM
AYR,-,CYGNET,FLIGHT TRAINING EUROPE,FLIGHT TRAINING EUROPE S.L.,SPAIN
FWR,-,FLIGHTAWARE,FLIGHTAWARE,"FLIGHTAWARE (HOUSTON, TX)",UNITED STATES OF AMERICA
CSK,-,CASCADE,FLIGHTCRAFT,"FLIGHTCRAFT, INC. (PORTLAND, OR)",UNITED STATES OF AMERICA
FEX,-,FLIGHTEXEC,FLIGHTEXEC,FLIGHTEXEC,CANADA
FTL,-,FLIGHT-AVIA,FLIGHTLINE,FLIGHTLINE,SPAIN
FLZ,-,FLIGHTLINK,FLIGHTLINK,FLIGHTLINK LIMITED,TANZANIA
KNT,-,KINETIC,FLIGHTPATH,FLIGHTPATH CHARTER AIRWAYS INC.,CANADA
FSR,-,FLIGHTSTAR,FLIGHTSTAR CORPORATION,"FLIGHTSTAR CORPORATION, THE (SAVOY, IL)",UNITED STATES OF AMERICA
FWK,-,FLIGHTWORKS,FLIGHTWORKS,"FLIGHTWORKS, INC. (KENNESAW, GA)",UNITED STATES OF AMERICA
FAZ,-,FLINT AIR,FLINT AVIATION SERVICES,"FLINT AVIATION SERVICES, INC. (FLINT, MI)",UNITED STATES OF AMERICA
FLA,-,BLUEROCK,FLITE,FLITE,MALTA
FOW,-,-,FLITEPORT,FLITEPORT,UNITED ARAB EMIRATES
FAS,-,FLORIDA CARGO,FLORIDA AIR CARGO,"FLORIDA AIR CARGO (OPA LOCKA, FL)",UNITED STATES OF AMERICA
FBN,-,FLORIDA TRANSPORT,FLORIDA AIR TRANSPORT,"FLORIDA AIR TRANSPORT, INC. (OPA LOCKA, FL)",UNITED STATES OF AMERICA
FCL,-,FLORIDA COASTAL,FLORIDA COASTAL AIRLINES,"FLORIDA COASTAL AIRLINES, INC. (FORT PIERCE, FL)",UNITED STATES OF AMERICA
FFS,-,FORESTRY,FLORIDA DEPT OF AGRICULTURE,"FLORIDA DEPT OF AGRICULTURE (TALLAHASSEE, FL)",UNITED STATES OF AMERICA
FFY,-,FLYERS AIR,FLORIDA FLYERS FLIGHT ACADEMY,"FLORIDA FLYERS FLIGHT ACADEMY, INC.",UNITED STATES OF AMERICA
FJS,-,FLORIDAJET,FLORIDA JET SERVICE,"FLORIDA JET SERVICE, INC. (FORT LAUDERDALE, FL)",UNITED STATES OF AMERICA
FWL,-,FLO WEST,FLORIDA WEST INTERNATIONAL AIRWAYS,"FLORIDA WEST INTERNATIONAL AIRWAYS, INC. (MIAMI, FL)",UNITED STATES OF AMERICA
DCM,-,DOT COM,FLTPLAN,"FLTPLAN, LLC (SOUTHBURY, CT)",UNITED STATES OF AMERICA
FFN,-,-,FLY & FUN,"FLY & FUN, S.L.",SPAIN
VNX,-,VANCE,FLY ADVANCE,"FLY ADVANCE (BLUE BELL, PA)",UNITED STATES OF AMERICA
FZW,-,FRESH EXPRESS,FLY AFRICA - ZIMBABWE,FLY AFRICA - ZIMBABWE,ZIMBABWE
BER,-,BERLIN,FLY AIR41,FLY AIR41 AIRWAYS D.O.O.,CROATIA
KPO,-,KRYPTO,FLY ALLIANCE,"FLY ALLIANCE, INC",UNITED STATES OF AMERICA
EDR,-,BIRDVIEW,FLY ALWAYS,FLY ALWAYS,SURINAME
FAJ,-,AMANJET,FLY AMAN,FLY AMAN,SYRIAN ARAB REPUBLIC
-,EQ,-,FLY ANGOLA,"FLY AO-LINHAS AEREAS, LIMITADA",ANGOLA
FLB,-,ROSSIGNOL,FLY ART,FLY ART,CHAD
BFX,-,BLUE FOX,FLY AWAY,FLY AWAY GMBH & CO. KG,GERMANY
FBA,IF,IRAQ EXPRESS,FLY BAGHDAD,FLY BAGHDAD AIRLINES,IRAQ
FBY,-,BAI FLY,FLY BAI,"FLY BAI, S.L.",SPAIN
FBC,-,BLUE CRANE,FLY BLUE CRANE,FLY BLUE CRANE,SOUTH AFRICA
FDU,-,EURASIAN,FLY DUSHANBE AIRLINES,FLY DUSHANBE AIRLINES,TAJIKISTAN
FGW,-,GANGWON,FLY GANGWON,FLY GANGWON,REPUBLIC OF KOREA
ELF,-,ELLASJET,FLY GR8,FLY GR8 S.A.,GREECE
NVJ,-,NOUVINTER,FLY INTERNATIONAL AIRWAYS,FLY INTERNATIONAL AIRWAYS,TUNISIA
FJM,-,GREENHEART,FLY JAMAICA AIRWAYS,FLY JAMAICA AIRWAYS LIMITED,JAMAICA
FJK,-,+,FLY JET,FLY JET.KZ,KAZAKHSTAN
FJR,-,SOLITAIRE AIR,FLY JORDAN,SOLITAIRE AIR (FLY JORDAN),JORDAN
FKZ,-,KUMBA,FLY KUMBA,FLY KUMBA,ZIMBABWE
LIL,-,LILIES,FLY LILI,SC FLY LILI SRL,ROMANIA
FIL,-,FLYLINE,FLY LINE,FLY LINE S.L.,SPAIN
ANW,-,ANGEL WINGS,FLY ME,FLY ME (PTY) LTD,SOUTH AFRICA
FLN,WV,BRAVE,FLY NAMIBIA,FLYNAMIBIA AVIATION (PTY) LTD.,NAMIBIA
FOE,-,FIRST EAGLE,FLY ONE AIRLINES,FLY ONE AIRLINES,ROMANIA
FOH,-,ORION,FLY ORION AIRWAYS,FLY ORION AIRWAYS,CYPRUS
FPY,OG,PLAYER,FLY PLAY,FLY PLAY HF.,ICELAND
PVV,-,SUNDAY,FLY PRO,FLY PRO SRL,MOLDOVA
FRB,-,RAKWAY,FLY RAK,FLY RAK,UNITED ARAB EMIRATES
FSQ,-,KYRGYZ BIRD,FLY SKY AIRLINES,FLY SKY KYRGYZSTAN SRL,KYRGYZSTAN
FSG,-,ROMCARGO,FLY SKY AIRLINES,FLY SKY ROMANIA SRL,ROMANIA
FSU,-,UKRAINE BIRD,FLY SKY AIRLINES,FLY SKY UKRAINE LLC,UKRAINE
SJF,-,HARMATTAN,FLY SKYJET,FLY SKYJET,NIGER
FTY,-,FLY TYROL,FLY TYROL,ABC BEDARFSFLUG GMBH,AUSTRIA
FCH,-,SKY UNION,FLY UNION,FLY UNION,TAJIKISTAN
VYU,-,VAAYU,FLY VAAYU,VAAYU GROUP,UNITED ARAB EMIRATES
PYN,-,POYSTON,FLY WALES,HAVERFORDWEST AIR CHARTER SERVICES,UNITED KINGDOM
FYO,-,YEMEN WINGS,FLY YEMEN AIRLINES,FLY YEMEN AIRLINES,YEMEN
VAW,-,SOFIA JET,FLY2SKY,FLY2SKY,BULGARIA
FFA,-,SUNSHINE,FLY4,FLY4 AIRLINES GREEN LTD,IRELAND
FSF,-,ROCKY,FLY7,FLY7 FINLAND,FINLAND
FAD,-,PURPLE,FLYADEAL,FLYADEAL,SAUDI ARABIA
FYA,-,FLYANT,FLYANT,SERVICIOS AEREOS INTEGRALES S.A. (FLYANT),SPAIN
AYN,-,ARYSTAN,FLYARYSTAN,FLYARYSTAN,KAZAKHSTAN
MDW,-,MEDWING,FLYAWESOME,FLYAWESOME LIMITED,MALTA
BEE,BE,JERSEY,FLYBE,JERSEY EUROPEAN T/A FLYBE,UNITED KINGDOM
FLG,9E,KRISH,FLYBIG,BIG CHARTER PRIVATE LIMITED,UNITED STATES OF AMERICA
FBZ,-,BONDI,FLYBONDI,FLYBONDI,ARGENTINA
FBS,-,BOSNIA AIR,FLYBOSNIA,FLYBOSNIA,BOSNIA AND HERZEGOVINA
FLO,-,FLYCOM,FLYCOM,FLYCOM D.O.O.,SLOVENIA
FCA,-,COOPAIR,FLY-COOP AIR SERVICE,FLY-COOP AIR SERVICE,HUNGARY
FDK,-,DAMAVIA,FLYDAMAS,FLYDAMAS,SYRIAN ARAB REPUBLIC
FDB,FZ,SKY DUBAI,FLYDUBAI,DUBAI AVIATION CORPORATION,UNITED ARAB EMIRATES
FEG,FT,SKY EGYPT,FLYEGYPT,FLYEGYPT,EGYPT
JRE,-,JET SHARE,FLYEXCLUSIVE,"LGM ENTERPRISES, LLC.",UNITED STATES OF AMERICA
FEL,-,-,FLYEXEC,FLYEXEC,LEBANON
FMX,-,FASTMEX,FLYFAST,"FLYFAST, S.A. DE C.V.",MEXICO
FFM,-,FIREFLY,FLYFIREFLY,FLYFIREFLY SDN BHD,MALAYSIA
FOF,-,FOFA,FLYFOFA AIRWAYS,FLYFOFA AIRWAYS,SOUTH AFRICA
GCW,-,GLOBAL CREW,FLYGAC,FLYGAC A/S,DENMARK
FGG,-,BLUEFINCH,FLYGLOBAL CHARTER,FLYGLOBAL CHARTER SDN. BHD.,MALAYSIA
FLY,-,-,FLYGO,"FLYGO, S.L.",SPAIN
FPA,-,-,FLYGPRESTANDA,FLYGPRESTANDA AB,SWEDEN
TOR,SX,HOMERUN,FLYGTA AIRLINES,FLYGTA INC.,CANADA
FYN,-,FLANDY,FLYINDO AVIASI NUSANTARA,PT. FLYINDO AVIASI NUSANTARA,INDONESIA
FBX,-,BUSINESS JET,FLYING BUSINESS AVIATION,FLYING BUSINESS AVIATION,MEXICO
FLS,-,RAPIDOS,FLYING FAST,"FLYING FAST, S.A. DE C.V.",MEXICO
FYL,-,FLYING LUX,FLYING GROUP LUXEMBOURG,FLYING GROUP LUXEMBOURG S.A.,LUXEMBOURG
FHG,-,FLYING HOPE,FLYING HOPE,FLYING HOPE E.V.,GERMANY
FLM,-,-,FLYING LAMM,FLYING LAMM S.L.,SPAIN
...,-,PICTURE,FLYING PICTURES,FLYING PICTURES (AERIAL FILM SERVICES) LTD,UNITED KINGDOM
FYG,-,FLYING GROUP,FLYING SERVICE,FLYING SERVICE NV,BELGIUM
...,-,NEWSFLIGHT,FLYING TV,FLYING TV LTD,UNITED KINGDOM
FGP,-,FLYING CENTER,FLYING-RESEARCH CENTER,FLYING-RESEARCH AEROGEOPHYSICAL CENTER LTD,RUSSIAN FEDERATION
FON,-,FLYINGTON,FLYINGTON FREIGHTS,FLYINGTON FREIGHTS LIMITED,INDIA
FYJ,-,FASTJET,FLYJET,FLYJET SP. Z.O.O.,POLAND
FLK,-,FLYLINK,FLYLINK EXPRESS,FLYLINK EXPRESS S.A.,SPAIN
MNT,-,MONTSERRAT,FLYMONTSERRAT,MONTSERRAT AIRWAYS LTD (T/A FLYMONTSERRAT),UNITED KINGDOM
KNE,XY,NAS EXPRESS,FLYNAS,FLYNAS COMPANY CLOSED JOINT STOCK COMPANY,SAUDI ARABIA
FIA,5F,FIA AIRLINES,FLYONE,FLYONE S.R.L.,MOLDOVA
FIE,-,ARMRIDER,FLYONE ARMENIA,FLYONE ARMENIA,ARMENIA
FPI,-,PERSIA,FLYPERSIA,FLYPERSIA,IRAN
FOX,FS,GREENSTAR,FLYR,FLYR AS,NORWAY
LOX,-,LOX JET,FLYRICH,FLYRICH LLC,UNITED STATES OF AMERICA
FTM,-,FLYTEAM,FLYTEAM AVIATION,FLYTEAM AVIATION LTD,UNITED KINGDOM
FHV,-,PATROL,FLYVERHJEMMEVAERNET,FLYVERHJEMMEVAERNET,DENMARK
FYW,-,MAISBRASIL,FLYWAYS,FLYWAYS LINHAS AEREAS LTDA.,BRAZIL
FEM,-,ZIM AIRLINK,FLYWELL AIRLINE,FLYWELL AIRLINE,ZIMBABWE
FMG,-,HUSKY,FMG VERKEHRSFLIEGERSCHULE,"FMG VERKEHRSFLIEGERSCHULE, BUEREN",GERMANY
FMI,-,GECKO,FMI AIR,FMI AIR,MYANMAR
FNB,-,-,FNA,FNA,ISRAEL
FKS,-,FOCUS,FOCUS AIR,"OMEGA AIR HOLDINGS, LLC D/B/A FOCUS AIR",UNITED STATES OF AMERICA
FOP,-,FOKKER SERVICES,FOKKER AIRCRAFT SERVICES,FOKKER AIRCRAFT SERVICES,NETHERLANDS
NOF,-,FONNA,FONNAFLY,FONNAFLY SJO AS,NORWAY
FAF,-,FRENCH AIR FORCE,FORCE AERIENNE FRANCAISE,FORCE AERIENNE FRANCAISE,FRANCE
NYB,-,BELGIAN NAVY,FORCE NAVALE BELGE,FORCE NAVALE BELGE,BELGIUM
AYB,-,BELGIAN ARMY,FORCE TERRESTRE BELGE,FORCE TERRESTRE BELGE,BELGIUM
KJD,-,ALGERIAN AIRFORCE,FORCES AERIENNES ALGERIENNES,FORCES AERIENNES ALGERIENNES,ALGERIA
FRD,-,FORD,FORD MOTOR COMPANY,"FORD MOTOR COMPANY (DETROIT, MI)",UNITED STATES OF AMERICA
FFL,-,FOREFLIGHT,FOREFLIGHT,"FOREFLIGHT, LLC",UNITED STATES OF AMERICA
FOR,-,FORMULA,FORMULA ONE MANAGEMENT LIMITED,FORMULA ONE MANAGEMENT LIMITED,UNITED KINGDOM
FRX,-,FORT AERO,FORT AERO,FORT AERO,ESTONIA
FOA,-,FORTUNE AIR,FORTUNE AIR,FORTUNE AIR (PTY) LTD,SOUTH AFRICA
WHB,-,HOSHAM AIR,FORTY EIGHT AVIATION,FORTY EIGHT AVIATION CO. LTD,SUDAN
MLA,-,MILE-AIR,FORTY-MILE AIR,"FORTY-MILE AIR (TOK, AK)",UNITED STATES OF AMERICA
FSA,-,FOSTER-AIR,FOSTER AVIATION,"FOSTER AVIATION (NOME, AK)",UNITED STATES OF AMERICA
JFY,-,YEOMAN,FOSTER YEOMAN LTD.,FOSTER YEOMAN LTD.,UNITED KINGDOM
FSC,-,FOUR STAR,FOUR STAR GARGO,"FOUR STAR AVIATION D/B/A FOUR STAR GARGO (ST. THOMAS, VI)",UNITED STATES OF AMERICA
WDS,-,WINDS,FOUR WINDS AVIATION,"FOUR WINDS AVIATION LTD. (COLORADO SPRINGS, CO)",UNITED STATES OF AMERICA
FIX,-,FOX AVIATION,FOX AVIATION,FOX AVIATION,SLOVENIA
FRA,-,RUSHTON,FR AVIATION,FR AVIATION LTD,UNITED KINGDOM
BWY,-,BROADWAY,FRADU,FLEET REQUIREMENTS AIR DIRECTION UNIT,UNITED KINGDOM
FDO,-,FRENCH CUSTOM,FRANCE DOUANES,FRANCE DOUANES,FRANCE
FNY,-,FRENCH NAVY,FRANCE MARINE NATIONALE,FRANCE MARINE NATIONALE,FRANCE
FRC,-,FRANCONIA,FRANCONIA AIR SERVICE,FRANCONIA AIR SERVICE GMBH,GERMANY
FHY,FH,FREEBIRD AIR,FREEBIRD AIRLINES,FREEBIRD AIRLINES (HURKUS HAVAYOLU TASIMACILIK VE TICARET A.S.),TURKEY
FHM,-,EUROBIRD,FREEBIRD AIRLINES EUROPE,FREEBIRD AIRLINES EUROPE LIMITED,MALTA
FDJ,-,FREEDOM JET,FREEDOM AIR,FREEDOM AIR LLC,UNITED STATES OF AMERICA
FFF,-,INTER FREEDOM,FREEDOM AIR SERVICES,FREEDOM AIR SERVICES LTD,NIGERIA
SMK,-,FREEDOM SOMALI,FREEDOM AIRLINE,FREEDOM AIRLINE EXPRESS LTD,SOMALIA
FDM,-,LIBERTY,FREEDOM AIRLINES,"FREEDOM AIRLINES, INC. (BINGHAMTON, NY)",UNITED STATES OF AMERICA
FDT,-,FREEDOM EAGLE,FREEDOM AIRLINES EXPRESS,FREEDOM AIRLINES EXPRESS LTD.,KENYA
BUY,FA*,BERMUDA,FREEDOM II,FREEDOM II BERMUDA LTD.,BERMUDA
TEX,-,BIG TEX,FREEDOM JETS,FREEDOM JETS,UNITED STATES OF AMERICA
FSJ,-,FREE SKY,FREESKY AVIATION,"FREESKY AVIATION CO., LTD",CHINA
FRG,-,FREIGHT RUNNERS,FREIGHT RUNNERS EXPRESS,"FREIGHT RUNNERS EXPRESS, INC. (MILWAUKEE, WI)",UNITED STATES OF AMERICA
FBU,BF,FRENCH BEE,FRENCH BEE,FRENCH BEE SAS,FRANCE
FRR,-,FRESH AIR,FRESH AIR,FRESH AIR LTD,NIGERIA
BZY,-,BREEZY,FRESH AIR AVIATION,"FRESH AIR AVIATION (CHARLEVOIX, MI)",UNITED STATES OF AMERICA
FAL,-,FRIENDSHIP,FRIENDSHIP AIR ALASKA,"FRIENDSHIP AIR ALASKA (FAIRBANKS, AK)",UNITED STATES OF AMERICA
FLF,-,FRIEND AIR,FRIENDSHIP AIRLINES,FRIENDSHIP AIRLINES LTD,UGANDA
EMJ,-,LIGHT HOUSE,FRIENDSHIP AIRWAYS,"FRIENDSHIP AIRWAYS (FORT LAUDERDALE, FL)",UNITED STATES OF AMERICA
FFT,F9,FRONTIER FLIGHT,FRONTIER AIRLINES,"FRONTIER AIRLINES, INC. (DENVER, CO)",UNITED STATES OF AMERICA
FTA,-,FRONTIER-AIR,FRONTIER FLYING SERVICE,"FRONTIER FLYING SERVICE, INC. (FAIRBANKS, AK)",UNITED STATES OF AMERICA
FRO,-,FROST,FROST,FROST AIR APS,DENMARK
FSB,-,SEABIRD,FSB FLUGSERVICE & DEVELOPMENT,"FSB FLUGSERVICE & DEVELOPMENT GMBH, BERLIN-SCHOENEFELD",GERMANY
FTC,-,FANTASTIC,FTC AVIATION,FTC AVIATION,SAN MARINO
FGO,C0*,RED CARGO,FTL AIRLINES,FTL GROUP,FRANCE
FTJ,-,HU TAI,FU TAI BUSINESS JETS,FU TAI BUSINESS JETS CO. LTD.,CHINA
FAG,-,FUAER,FUERZA AEREA ARGENTINA,FUERZA AEREA ARGENTINA,ARGENTINA
FAC,-,COLOMBIAN AIR FORCE,FUERZA AEREA COLOMBIANA,FUERZA AEREA COLOMBIANA,COLOMBIA
FPR,-,+,FUERZA AEREA DEL PERU,FUERZA AEREA DEL PERU,PERU
FAE,-,ECUADORIAN AIR FORCE,FUERZA AEREA ECUATORIANA,FUERZA AEREA ECUATORIANA,ECUADOR
FAM,-,FAMEX,FUERZA AEREA MEXICANA,FUERZA AEREA MEXICANA,MEXICO
FUJ,-,FUJAIRAH,FUJAIRAH AVIATION CENTRE,FUJAIRAH AVIATION CENTRE,UNITED ARAB EMIRATES
FDA,-,FUJI DREAM,FUJI DREAM AIRLINES,FUJI DREAM AIRLINES,JAPAN
GAX,-,GRAND AIRE,FULL EXPRESS,"FULL EXPRESS, INC. (SWANTON, OH)",UNITED STATES OF AMERICA
FUC,-,FUMICAR,FUMICAR,FUMICAR,ECUADOR
FMA,-,FAASA,FUMIGACION AEREA ANDALUZA,"FUMIGACION AEREA ANDALUZA, S.A.",SPAIN
FUP,-,FUMIPALMA,FUMIPALMA,FUMIPALMA,ECUADOR
FUS,-,FUMISOL,FUMISOL,FUMISOL,ECUADOR
ROG,-,REGO,FUNDACION REGO,FUNDACION REGO,SPAIN
HYN,-,FANTASIA,FUNIAN JET AVIATION,SHENZHEN FUNIAN JET AVIATION,CHINA
FJT,-,FUTURE AIR,FUTURE AIR,"FUTURE AIR CO., LTD.",CHINA
FUM,-,FUNLINE,FUXION LINE MEXICO,"FUXION LINE MEXICO, S.A. DE C.V.",MEXICO
FZA,FU,STRAIT AIR,FUZHOU AIRLINES,FUZHOU AIRLINES CO. LTD.,CHINA
FTX,-,TERRA DYNAMICS,FX TERRADYNAMICS,FX TERRADYNAMICS SA DE CV,MEXICO
GML,-,GEEANDEL,G & L AVIATION,G & L AVIATION,SOUTH AFRICA
GBK,-,GABON AIRLINES,GABON AIRLINES,GABON AIRLINES,GABON
GBC,-,GABON CARGO,GABON AIRLINES CARGO,GABON AIRLINES CARGO,GABON
GBE,-,GABEX,GABON EXPRESS,GABON EXPRESS,GABON
GRT,-,-,GABON-AIR-TRANSPORT,GABON-AIR-TRANSPORT,GABON
GDR,-,GADAIR LINES,GADAIR EUROPEAN AIRLINES,"GADAIR EUROPEAN AIRLINES, S.L.",SPAIN
CPK,-,CEDAR,GAGARIN COSMONAUT TRAINING CENTER,FEDERAL STATE BUDGETARY ORGANIZATION GAGARIN RESEARCH & TEST COSMONAUT TRAINING CENTER,RUSSIAN FEDERATION
GFC,-,GAIL FORCE,GAIL FORCE EXPRESS,"GAIL FORCE EXPRESS (JANESVILLE, WI)",UNITED STATES OF AMERICA
GNJ,-,GAIN JET,GAIN JET AVIATION,GAIN JET AVIATION S.A.,GREECE
GJI,-,GAINSTAR,GAINJET IRELAND,GAINJET IRELAND LTD,IRELAND
SWF,-,GALAIR,GALAIR INTERNATIONAL,GALAIR INTERNATIONAL LIMITED,UNITED KINGDOM
GLY,-,GALAXY AVIATION,GALAXY AVIATION,GALAXY AVIATION (PVT) LTD,PAKISTAN
GAS,-,GALENA SERVICE,GALENA AIR SERVICE,"GALENA AIR SERVICE (GALENA, AK)",UNITED STATES OF AMERICA
GTR,GH,GALISTAIR,GALISTAIR,GALISTAIR TRADING LIMITED,MALTA
GAJ,-,GAMA JET,GAMA AVIATION,"GAMA AVIATION, LLC (SHELTON, CT)",UNITED STATES OF AMERICA
GKY,-,GAMA CAYMAN,GAMA AVIATION,GAMA AVIATION (CAYMAN) SEZC,CAYMAN ISLANDS
GSH,-,GAMAMENA,GAMA AVIATION,GAMA AVIATION FZC,UNITED ARAB EMIRATES
GMA,-,GAMA,GAMA AVIATION,GAMA AVIATION LTD,UNITED KINGDOM
GAH,-,GAMHELICO,GA-MA HELICOPTERE,GA-MA HELICOPTERE,FRANCE
GBQ,-,GAMBIA BIRD,GAMBIA BIRD AIRLINES,GAMBIA BIRD AIRLINES LIMITED,GAMBIA
GNR,-,GAMBIA INTERNATIONAL,GAMBIA INTERNATIONAL AIRLINES LTD,GAMBIA INTERNATIONAL AIRLINES LTD,GAMBIA
NML,-,NEWMILL,GAMBIA NEW MILLENNIUM AIR,GAMBIA NEW MILLENNIUM AIR,GAMBIA
GMJ,-,GAMISA,GAMISA AVIACION,"GAMISA AVIACION, S.L.",SPAIN
GSA,-,GARDEN STATE,GARDEN STATE AIRLINES,"GARDEN STATE AIRLINES, INC. (SHREWSBURY, NJ)",UNITED STATES OF AMERICA
GMN,-,GARMIN,"GARMIN, INC.","GARMIN, INC.",UNITED STATES OF AMERICA
GIA,GA,INDONESIA,GARUDA INDONESIA,"GARUDA INDONESIA AIRWAYS, PT.",INDONESIA
EGO,-,GAUTENG,GAUTENG AIR CARGO,GAUTENG AIR CARGO CC,SOUTH AFRICA
GVN,-,GAVINA,GAVINA,GAVINA,SPAIN
GZP,-,GAZPROM,GAZPROMAVIA,GAZPROMAVIA,RUSSIAN FEDERATION
GBX,-,GEEBEE LINK,GB AIRLINK,"GB AIRLINK, INC. (FT. LAUDERDALE, FL)",UNITED STATES OF AMERICA
KNM,-,KINGDOM,GB HELICOPTERS,GB HELICOPTERS,UNITED KINGDOM
GCC,-,GECAS,GE CAPITAL AVIATION SERVICES,GENERAL ELECTRIC CAPITAL AVIATION SERVICES,IRELAND
FFU,-,FERRANTI,GEC MARCONI AVIONICS LTD,GEC MARCONI AVIONICS LTD,UNITED KINGDOM
...,-,HELIRACE,GEKO AIR SERVICES,GEKO AIR SERVICES,UNITED KINGDOM
GAI,-,SURGUT STAR,GELIX AIRLINES,GELIX AERO,RUSSIAN FEDERATION
GLX,-,RUSSIAN BIRD,GELIX AIRLINES,GELIX AIRLINES,RUSSIAN FEDERATION
DBC,-,DIAMOND BACK,GEMINI AIR GROUP,"GEMINI AIR GROUP, INC. (SCOTTSDALE, AZ)",UNITED STATES OF AMERICA
GDB,-,BELGIAN GENDARMERIE,GENDARMERIE BELGE,GENDARMERIE BELGE,BELGIUM
FGN,-,FRANCE GENDARME,GENDARMERIE NATIONALE,GENDARMERIE NATIONALE,FRANCE
GWS,-,GENAIR,GENERAL AIRWAYS,GENERAL AIRWAYS,SOUTH AFRICA
GTH,-,GOTHAM,GENERAL AVIATION FLYING SERVICES,"GENERAL AVIATION FLYING SERVICES (TETERBORO, NJ)",UNITED STATES OF AMERICA
GNZ,-,GONZO,GENERAL AVIATION SERVICES,GENERAL AVIATION SERVICES LTD.,POLAND
GMC,-,GENERAL MOTORS,GENERAL MOTORS CORPORATION,"GENERAL MOTORS CORPORATION (YPSILANTI, MI)",UNITED STATES OF AMERICA
GEN,-,GENSA-BRASIL,GENERAL SERVICES AVIATION,GENSA - GENERAL SERVICES AVIATION,BRAZIL
GGG,-,GENESIS,GENESIS GLOBAL AVIATION,GENESIS GLOBAL AVIATION LTD,NIGERIA
GNX,-,AEROGENEX,GENEX LTD,GENEX LTD,BELARUS
NMG,-,TIANJIAO AIR,GENGHIS KHAN AIRLINES,"GENGHIS KHAN AIRLINES CO., LTD.",CHINA
GOC,-,GEOCUBA,GEOCUBA,GEOCUBA,CUBA
GSL,-,SURVEY-CANADA,GEOGRAPHIC AIR SURVEYS,GEOGRAPHIC AIR SURVEYS LTD.,CANADA
IGT,-,SKY IKA,GEORGIAN AIRLINES,GEORGIAN AIRLINES,GEORGIA
TGZ,A9,TAMAZI,GEORGIAN AIRWAYS,GEORGIAN AIRWAYS LTD.,GEORGIA
FGA,-,GEORGIA FED,GEORGIAN AVIATION FEDERATION,GEORGIAN AVIATION FEDERATION,GEORGIA
AUG,-,GEO UNIVERSITY,GEORGIAN AVIATION UNIVERSITY,GEORGIAN AVIATION UNIVERSITY,GEORGIA
GAF,-,GERMAN AIR FORCE,GERMAN AIR FORCE,GERMAN AIR FORCE,GERMANY
GER,ZQ,GERMAN EAGLE,GERMAN AIRWAYS,GERMAN AIRWAYS FLUGGESELLSCHAFT GMBH & CO KG,GERMANY
GAM,-,GERMAN ARMY,GERMAN ARMY,GERMAN ARMY,GERMANY
RWL,-,RHEINTRAINER,GERMAN FLIGHT ACADEMY,"RWL GERMAN FLIGHT ACADEMY GMBH, MOENCHENGLADBACH",GERMANY
OCC,-,-,GERMAN FORCES OPERATIONS CONTROL,GERMAN FORCES OPERATIONS CONTROL,GERMANY
GNY,-,GERMAN NAVY,GERMAN NAVY,GERMAN NAVY,GERMANY
PCT,-,POLLUTION PATROL,GERMAN NAVY POLLUTION PATROL,GERMAN NAVY POLLUTION PATROL,GERMANY
GMI,-,GERMANIA,GERMANIA,GERMANIA,GERMANY
GWI,-,GERMAN WINGS,GERMANWINGS,"GERMANWINGS GMBH, KOELN",GERMANY
GDN,-,-,GERRY S DNATA,"GERRY S DNATA, M/S",PAKISTAN
GPL,-,GESPLANE,GESPLANE SERVICIOS AEREOS,"GESPLANE SERVICIOS AEREOS, S.L.",SPAIN
GES,-,GESTAIR,GESTAIR,"GESTAIR, S.A.",SPAIN
CYG,-,-,GESTAIR CARGO,"CORPORATION YGNUS AIR, S.A. (GESTAIR CARGO)",SPAIN
GSM,-,GESTAIR MALTA,GESTAIR MALTA,GESTAIR AVIATION MALTA,MALTA
GET,-,AIR FLOW,GET HIGH,"GET HIGH, UNIPESSOAL LDA",PORTUGAL
DML,-,DREAMLAND,GETJET AIRLINES,GETJET AIRLINES LATVIA,LATVIA
GJT,GW,GETJET,GETJET AIRLINES,"GETJET AIRLINES, UAB",LITHUANIA
...,-,GEVA AVIATION,GEVA AVIATION,GEVA AVIATION,ISRAEL
GFD,-,KITE,GFD MBH,"GFD GESELLSCHAFT FUER FLUGZIELDARSTELLUNG MBH, HOHN",GERMANY
GMS,-,GHADAMES,GHADAMES AIR,GHADAMES AIR,LIBYA
GHF,-,GHANA AIRFORCE,GHANA AIRFORCE,GHANA AIRFORCE,GHANA
GIN,-,-,GIANAIR,GIANAIR LTD,GHANA
NTC,-,NIGHT CHASE,GIBSON AVIATION,"GIBSON AVIATION (EAU CLAIRE, WI)",UNITED STATES OF AMERICA
GIO,-,GIO-AVIA,GIO,GIO D.O.O.,SLOVENIA
GGL,-,GIRA GLOBO,GIRA GLOBO,GIRA GLOBO LDA.,ANGOLA
GSJ,-,GROSSJET,G-JET,G-JET,CZECHIA
UAJ,-,UNIFORM,GLASGOW UAS,UAS/AEF GLASGOW,UNITED KINGDOM
RAG,-,RAGLAN,GLENCORE CANADA CORPORATION,XSTRATA NICKEL (RAGLAN MINE),CANADA
HTY,-,HELITY,GLOBAL AERONAUTICS SOLUTIONS CORP,"GLOBAL AERONAUTICS SOLUTIONS CORP, S.L.",SPAIN
GAA,Z5,GLOBAL AFRICA,GLOBAL AFRICA AVIATION,GLOBAL AFRICA AVIATION,ZIMBABWE
RPS,-,RESPONSE,GLOBAL AIR CHARTER,"GLOBAL AIR CHARTER, INC. (ENGLEWOOD, CO)",UNITED STATES OF AMERICA
GJE,-,GLOBAL JETS,GLOBAL AIR CHARTERS,"GLOBAL AIR CHARTERS (TETERBORO, NJ)",UNITED STATES OF AMERICA
GLB,-,GLOBAL,GLOBAL AIR COMPANY,GLOBAL AIR COMPANY LIMITED LIABILITY PARTNERSHIP,UKRAINE
GBS,-,GLOBAL SERVE,GLOBAL AIR SERVICES NIGERIA,GLOBAL AIR SERVICES NIGERIA LTD,NIGERIA
GAK,-,AVIAGROUP,GLOBAL AIR TRANSPORT,GLOBAL AIR TRANSPORT,LIBYA
GLC,-,+,GLOBAL AIRCARGO,GLOBAL AIRCARGO CO.,BAHRAIN
GAW,-,SKYCRAWLER,GLOBAL AIRLIFT LIMITED,GLOBAL AIRLIFT LIMITED,KENYA
GLV,-,AVANTI,GLOBAL AVANTI,GLOBAL AVANTI,VENEZUELA
GBH,-,-,GLOBAL AVIA HANDLING,GLOBAL AVIA HANDLING LIMITED COMPANY,RUSSIAN FEDERATION
GBF,-,NIMBA,GLOBAL AVIATION,GLOBAL AVIATION,BURKINA FASO
MSS,-,GLOBE MASTER,GLOBAL AVIATION,GLOBAL AVIATION SARL,MAURITANIA
GBB,-,GLOBE,GLOBAL AVIATION OPERATIONS,GLOBAL AVIATION OPERATIONS (PTY) LTD,SOUTH AFRICA
GXA,-,GEMINI,GLOBAL CROSSING AIRLINES,GLOBAL CROSSING AIRLINES,UNITED STATES OF AMERICA
GSP,-,GLOBAL SCHOOL,GLOBAL FLIGHT SCHOOL,GLOBAL FLIGHT SCHOOL,PORTUGAL
NSM,-,THUNDERCLOUD,GLOBAL JET,"GLOBAL JET CORPORATION (SCOTTSDALE, AZ",UNITED STATES OF AMERICA
GJW,-,PLATA,GLOBAL JET ARUBA,GLOBAL JET ARUBA V.B.A.,NETHERLANDS
GLJ,-,GLOBAL AUSTRIA,GLOBAL JET AUSTRIA,GLOBAL JET AUSTRIA GMBH,AUSTRIA
SVW,-,SILVER ARROWS,GLOBAL JET LUXEMBOURG,GLOBAL JET LUXEMBOURG S.A.,LUXEMBOURG
GAV,-,GRAVITY,GLOBAL REACH AVIATION,GLOBAL REACH AVIATION A/S,DENMARK
GSK,-,GLOBAL SKY,GLOBAL SKY AIRCHARTER,"GLOBAL SKY AIRCHARTER CORPORATION (FT. LAUDERDALE, FL)",SPAIN
GST,-,SUPERTANK,GLOBAL SUPERTANKER,GLOBAL SUPERTANKER,UNITED STATES OF AMERICA
XGS,-,-,GLOBAL SYSTEMS,"GLOBAL SYSTEMS, INC.",UNITED STATES OF AMERICA
XGW,-,-,GLOBAL WEATHER DYNAMICS,"GLOBAL WEATHER DYNAMICS, INC.",UNITED STATES OF AMERICA
GWW,-,GLOBAL WINGS,GLOBAL WINGS,GLOBAL WINGS SEZC LTD,CAYMAN ISLANDS
GAC,-,DREAM TEAM,GLOBEAIR,GLOBEAIR AG,AUSTRIA
CTU,-,CITYWINGS,GLOBUS,GLOBUS,RUSSIAN FEDERATION
GCK,-,GLOCK,GLOCK AVIATION,GLOCK AVIATION GMBH,AUSTRIA
GAR,-,GLORY AIR,GLORY AIRLINE,GLORY AIRLINE,NIGERIA
GME,-,GLOBE MERIDIAN,GM HELICOPTERS,"GM HELICOPTERS 102 NE CO., LTD",LAO
GMG,-,GEE-EM HELICOPTERS,GM HELICOPTERS,GM HELICOPTERS,LATVIA
HGT,-,HIGHTECH,GMJ AIR SHUTTLE,"GMJ AIR SHUTTLE, LLC (MCCLELLAN, CA)",UNITED STATES OF AMERICA
GOE,-,+,GO AIR TRANSPORT,GO AIR TRANSPORT CO. LTD,SUDAN
GOW,G8,GOAIR,GO FIRST,GO AIRLINES (INDIA) PRIVATE LIMITED,INDIA
RLX,6G,RELAX,GO2SKY,"GO2SKY, S.R.O.",SLOVAKIA
GGE,-,ECUATO GUINEA,GOBIERNO DE LA REPUBLICA DE GUINEA ECUATORIAL,GOBIERNO DE LA REPUBLICA DE GUINEA ECUATORIAL,EQUATORIAL GUINEA
GOF,-,GOF-AIR,GOF-AIR,"GOF-AIR, S.A. DE C.V.",MEXICO
GJS,G7,LINDBERGH,GOJET AIRLINES,"GOJET AIRLINES, LLC. (ST. LOUIS, MO)",UNITED STATES OF AMERICA
GYS,-,-,GOJET AVIATION,GO JET AVIATION HAVACILIK ANONIM SIRKETI,TURKEY
GLO,G3,GOL TRANSPORTE,GOL INTELLIGENT AIRLINES,Gol Linhas Aéreas Inteligentes S.A,BRAZIL
GLO,G3,GOL TRANSPORTE,GOL INTELLIGENT AIRLINES,Gol Linhas AÃ©reas Inteligentes S.A,BRAZIL
PGG,-,GOLD AVIATION,GOLD AVIATION,APG GOLD AVIATION,VENEZUELA
GDK,-,GOLDECK FLUG,GOLDECK-FLUG,GOLDECK-FLUG GES.M.B.H.,AUSTRIA
GMR,-,GOLDEN MYANMAR,GOLDEN MYANMAR AIRLINES,"GOLDEN MYANMAR AIRLINES, PUBLIC COMPANY LTD",MYANMAR
GPA,-,GOLD PAC,GOLDEN PACIFIC AIRLINES,"KINGMAN AVIATION, INC. D/B/A GOLDEN PACIFIC AIRLINES (KINGMAN, AZ)",UNITED STATES OF AMERICA
GOS,-,GOLDEN SKY,GOLDEN SKY AIRLINE,GOLDEN SKY AIRLINE,LIBYA
GLD,-,GOLDEN STAR,GOLDEN STAR AIR CARGO,GOLDEN STAR AIR CARGO CO. LTD,SUDAN
GWZ,-,SUN BURN,GOLDEN WINGS CHARTER,GOLDEN WINGS CHARTER (BAHAMAS),BAHAMAS
GLE,-,GOLIAF AIR,GOLIAF AIR,GOLIAF AIR,SAO TOME AND PRINCIPE
GOM,-,GOMEL,GOMEL AIRLINES,GOMEL AIRLINES,BELARUS
IES,-,-,GOMEL MINISTRY FOR EMERGENCY SITUATIONS,GOMEL ENGINEER S INSTITUTE OF THE MINISTRY FOR EMERGENCY SITUATIONS,BELARUS
BGC,-,YANDU,GOOD JET,"GOOD JET CO., LTD",CHINA
RDR,-,RED STAR,GOODRIDGE,GOODRIDGE (UK) LTD,UNITED KINGDOM
GOP,-,GOSPA AIR,GOSPA AIR,"GOSPA AIR, S.A. DE C.V.",MEXICO
QUE,-,QUEBEC,GOUVERNEMENT DU QUEBEC,"GOUVERNEMENT DU QUEBEC, SERVICE AERIEN GOUVERNEMENTAL",CANADA
NAM,-,NAM,GOVERNMENT AIR TRANSPORT SERVICES,GOVERNMENT AIR TRANSPORT SERVICES (GATS),NAMIBIA
YAY,-,-,GOVERNMENT CIVIL AVIATION AUTHORITY,GOVERNMENT CIVIL AVIATION AUTHORITY,ICAO
...,-,AJMAN,GOVERNMENT OF AJMAN,GOVERNMENT OF AJMAN,UNITED ARAB EMIRATES
ONT,-,ONTARIO GOVERNMENT,GOVERNMENT OF ONTARIO,GOVERNMENT OF ONTARIO (MINISTRY OF NATURAL RESOURCES),CANADA
GSI,-,SLOVENIA,GOVERNMENT OF THE REPUBLIC OF SLOVENIA,GOVERNMENT OF THE REPUBLIC OF SLOVENIA,SLOVENIA
GPX,-,IVORY,GP AVIATION,GP AVIATION LTD.,BULGARIA
GPR,-,GPM AEROSERVICIO,GPM AEROSERVICIO,"GPM AEROSERVICIO, S.A. DE C.V.",MEXICO
GRC,-,GRACE FLIGHT,GRACE FLIGHT OF AMERICA,"GRACE FLIGHT OF AMERICA (ADDISON, TX)",UNITED STATES OF AMERICA
GFM,-,PARROT,GRAFAIR,GRAFAIR FLIGHT MANAGMENT AB,SWEDEN
GND,-,GRAND VEGAS,GRAND AIRWAYS,"GRAND AIRWAYS, INC. (LAS VEGAS, NV)",UNITED STATES OF AMERICA
CVU,-,CANYON VIEW,GRAND CANYON AIRLINES,"GRAND CANYON AIRLINES, INC. (GRAND CANYON, AZ)",UNITED STATES OF AMERICA
GDC,-,GRAND CHINA,GRAND CHINA AIR,"GRAND CHINA AIR CO., LTD",CHINA
GRN,-,GRANDE,GRANDE AVIATION,GRANDE AVIATION,UNITED STATES OF AMERICA
GSC,-,GRANDSTAR CARGO,GRANDSTAR CARGO INTERNATIONAL AIRLINES,"GRANDSTAR CARGO INTERNATIONAL AIRLINES CO., LTD",CHINA
GUN,-,HOOT,GRANT AVIATION,"GRANT AVIATION, INC. (ANCHORAGE, AK)",UNITED STATES OF AMERICA
LMK,-,LANDMARK,GRANTEX AVIATION,GRANTEX AVIATION,UNITED KINGDOM
SXZ,-,SOCALAIR,GREAT CIRCLE AVIATION,"GREAT CIRCLE AVIATION, LLC (SAN MARCOS, CA)",UNITED STATES OF AMERICA
GLU,-,LAKES CARGO,GREAT LAKES AIRWAYS,GREAT LAKES AIRWAYS (U) LTD,UGANDA
GLA,-,LAKES AIR,GREAT LAKES AVIATION,"GREAT LAKES AVIATION LTD (SPENCER, IA)",UNITED STATES OF AMERICA
GWL,-,GREAT WALL,GREAT WALL AIRLINES,"GREAT WALL AIRLINES CO., LTD",CHINA
GWA,-,G-W AIR,GREAT WESTERN AIR,"GREAT WESTERN AIR, INC. (SAN DIEGO, CA)",UNITED STATES OF AMERICA
HGB,-,GREATER BAY,GREATER BAY AIRLINES,GREATER BAY AIRLINES COMPANY LIMITED,CHINA
GWG,-,GREEN AFRICA,GREEN AFRICA AIRWAYS,GREEN AFRICA AIRWAYS LIMITED,NIGERIA
GNF,-,GREEN FLAG,GREEN FLAG AVIATION,GREEN FLAG AVIATION CO.LTD,SUDAN
GRE,-,HELIX,GREENLANDCOPTER,GREENLANDCOPTER A/S,DENMARK
GAG,-,GEEBIRD,GREYBIRD AVIATION GROUP,GREYBIRD AVIATION GROUP,DENMARK
RZN,-,REDZONE,GRIDIRON AIR,"GRIDIRON AIR, LLC",UNITED STATES OF AMERICA
VGH,-,-,GROUND HANDLING CONTROL CENTER,GROUND HANDLING CONTROL CENTER LLC,RUSSIAN FEDERATION
GHA,-,SUTTER,GROUP HOLDINGS AVIATION,"GROUP HOLDINGS AVIATION, LLC (FORT WORTH, TX)",UNITED STATES OF AMERICA
GTS,-,TRANSGROUP,GROUPE TRANSAIR,GROUPE TRANSAIR,SENEGAL
GOZ,-,GROZNYY AVIA,GROZNYY AVIA,GROZNYY AVIA JSC,RUSSIAN FEDERATION
GPM,-,GRUPOMED,GRUP AIR-MED,GRUP AIR-MED S.A.,SPAIN
GFV,-,GRUPO- AFA,GRUPO AERONAUTICO AFA,"GRUPO AERONAUTICO AFA, S.A. DE C.V.",MEXICO
GVA,-,GRUPOVA,GRUPO AERONAUTICO OVA,"GRUPO AERONAUTICO OVA, S.A. DE C.V.",MEXICO
QPL,-,QUPULA,GRUPO DESARROLLADOR QPULA,GRUPO DESARROLLADOR QPULA,MEXICO
NQN,-,LASA,GRUPO LASA,GRUPO LASA SRL,ARGENTINA
MYO,-,MAYORAL,GRUPO MAYORAL,"DOMINGUEZ TOLEDO, S.A. (GRUPO MAYORAL)",SPAIN
OAR,-,BOSS AIR,GRUPO ONE AIR AVIACION,"GRUPO ONE AIR AVIACION, S.L.",SPAIN
GMT,-,GRUPOMONTERREY,GRUPOAEREO MONTERREY,"GRUPOAEREO MONTERREY, S.A. DE C.V.",MEXICO
GRP,-,AIR FOX,GRYPHON AIR,"GRYPHON AIR, LLC",UNITED STATES OF AMERICA
GRF,-,SIMBA,GRYPHON AIRLINES,GRYPHON AIRLINES SA (PTY) LTD,SOUTH AFRICA
GRG,-,LELO,GRYPHONAIR,GRYPHON AIR CARGO,GEORGIA
GSG,-,+,GS AVIATION,GS AVIATION (GAMBIA) LIMITED,GAMBIA
GSS,-,CARGO BIRD,GSS AIRLINE,GSS AIRLINE S.R.L,SAN MARINO
GTX,-,BIG-DEE,GTA AIR,"GTA AIR, INC. (LANCASTER, TX)",UNITED STATES OF AMERICA
BNH,-,BAONENG JET,GUANGZHOU BAONENG BUSINESS AVIATION,"GUANGZHOU BAONENG BUSINESS AVIATION CO., LTD.",CHINA
GCI,-,ITALIAN COAST GUARD,GUARDIA COSTIERA ITALIANA,GUARDIA COSTIERA ITALIANA,ITALY
GRA,-,FLEX,GUARDIAN AIR ASSET MANAGEMENT,GUARDIAN AIR ASSET MANAGEMENT (PTY) LTD,SOUTH AFRICA
...,-,GOOD NEWS,GUAY TULLIEMET AVIATION,GUAY TULLIEMET AVIATION LTD,UNITED KINGDOM
GHL,-,GUILIN ROTOR,GUILIN GENERAL AVIATION COMPANY,"GUILIN GENERAL AVIATION COMPANY, LTD.",CHINA
GNC,-,GUINEA CARGO,GUINEA CARGO,GUINEA CARGO,EQUATORIAL GUINEA
GUJ,-,GUJARATAIR,GUJARAT AIRWAYS,GUJARAT AIRWAYS,INDIA
TSU,-,TRANSAUTO,GULF & CARIBBEAN CARGO,"GULF & CARIBBEAN CARGO, INC. (WATERFORD, MI)",UNITED STATES OF AMERICA
GFA,GF,GULF AIR,GULF AIR,GULF AIR,BAHRAIN
GBA,-,GULF BAHRAIN,GULF AIR BAHRAIN,GULF AIR BAHRAIN B.S.C.,BAHRAIN
GAT,-,GULF TRANS,GULF AIR INC.,"GULF AIR INC. (NEW IBERIA, LA)",UNITED STATES OF AMERICA
GAE,-,GULF AVIATION,GULF AVIATION,"SHENZHEN GULF AVIATION CO., LTD.",CHINA
GCN,-,GULF CENTRAL,GULF CENTRAL AIRLINES,"GULF CENTRAL AIRLINES INC. (MELBOURNE, FL.)",UNITED STATES OF AMERICA
GMD,-,GULF MED,GULF MED AVIATION SERVICES,GULF MED AVIATION SERVICES LTD.,MALTA
GWC,-,GULF WINGS,GULF WINGS,GULF WINGS,UNITED ARAB EMIRATES
GLF,-,GULFSTREAM TEST,GULFSTREAM AEROSPACE,"GULFSTREAM AEROSPACE (SAVANNAH, GA)",UNITED STATES OF AMERICA
GFS,-,GULFSTAR,GULFSTREAM AIRLINES,"GULFSTREAM AIRLINES, INC. (SOUTH WINDSOR, CT)",UNITED STATES OF AMERICA
GUL,-,GULL-AIR,GULL AIR,"GULL AIR (SO. YARMOUTH, MA)",UNITED STATES OF AMERICA
GBG,-,VAGABOND,GULLIVAIR,GULLIVAIR,BULGARIA
GUM,-,GUM AIR,GUM AIR,GUM AIR N.V.,SURINAME
GDH,-,RISING SUN,GUNEYDOGU HAVACILIK ISLETMESI,GUNEYDOGU HAVACILIK ISLETMESI LTD STD,TURKEY
CBG,GX,GREEN CITY,GX AIRLINES,GUANGXI BEIBU GULF AIRLINES CO. LTD.,CHINA
HHH,-,CORINIUM,H H HELICOPTERS,H H HELICOPTERS LTD,UNITED KINGDOM
HSN,-,JAGUAR,H.S. AVIATION,"H.S. AVIATION CO., LTD",THAILAND
UHO,-,HELIOPS,H3OPERATIONS,LLC H3OPERATIONS,UKRAINE
HIS,-,-,HADID INTERNATIONAL SERVICES,HADID INTERNATIONAL SERVICES,PAKISTAN
FMS,-,HADI,HADISON AVIATION,HADISON AVIATION,SUDAN
HAG,-,HAGELAND,HAGELAND AVIATION SERVICES,"HAGELAND AVIATION SERVICES, INC. (ANCHORAGE, AK)",UNITED STATES OF AMERICA
POW,-,AIRNET,HAGONDALE LIMITED,HAGONDALE LIMITED,UNITED KINGDOM
HHN,HR,ROOSTER,HAHN AIR,"HAHN AIR-LINES GMBH, DREIEICH",GERMANY
HAI,-,-,HAI AU AVIATION,HAI AU AVIATION JOINT STOCK COMPANY,VIET NAM
CHH,HU,HAINAN,HAINAN AIRLINES,"HAINAN AIRLINES HOLDING CO., LTD.",CHINA
HNX,-,SUPERB,HAINAN AVIATION ACADEMY,HAINAN AVIATION ACADEMY CO. LTD.,CHINA
HLS,-,-,HAITI AIR FREIGHT,HAITI AIR FREIGHT,HAITI
HAM,-,-,HAITI AMBASSADOR AIRLINES,HAITI AMBASSADOR AIRLINES,HAITI
HTI,-,HAITI INTERNAITONAL,HAITI INTERNATIONAL AIR,HAITI INTERNATIONAL AIR S.A.,HAITI
HRB,-,HAITI AIRLINE,HAITI INTERNATIONAL AIRLINE,HAITI INTERNATIONAL AIRLINE,HAITI
HTN,-,-,HAITI NORTH AIRLINE,HAITI NORTH AIRLINE,HAITI
HTC,-,HAITI TRANSAIR,HAITI TRANS AIR,HAITI TRANS AIR S.A.,HAITI
HBC,-,HALISA,HAITIAN AVIATION LINE,HAITIAN AVIATION LINE S.A.,HAITI
HKL,-,HAK AIRLINE,HAK AIR,HAK AIR LIMITED,NIGERIA
HLH,-,HALA AIR,HALA AIR,HALA AIR CO.,SUDAN
HTP,-,HALA EXPRESS,HALA AIR,HALA AIR,LIBYA
HCV,-,CREOLE,HALCYON AIR CABO VERDE,HALCYON AIR CABO VERDE,CABO VERDE
HGA,-,HALLA,HALLA AIRLINES,HALLA AIRLINES LTD,SOMALIA
HSK,-,HALLA SKY,HALLA SKY AIR,HALLA SKY AIR,REPUBLIC OF KOREA
JRH,-,BLUETIP,HALSTEDS AVIATION CORPORATION,JR INVESTMENTS T/A HALSTEDS AVIATION CORPORATION,ZIMBABWE
HJL,-,BIZJET,HAMLIN JET,HAMLIN JET LTD,UNITED KINGDOM
HML,-,HAMSAL,HAMSAL AIR SERVICES LIMITED,HAMSAL AIR SERVICES LIMITED,NIGERIA
HNR,-,HANAIR,HANA,HAITI NATIONAL AIRLINES (HANA),HAITI
WVA,-,WABASH VALLEY,HAND D AVIATION,"HAND D AVIATION (TERRE HAUTE, IN)",UNITED STATES OF AMERICA
HHG,-,HANERGY JET,HANERGY JET,"HANERGY JET CO., LTD",CHINA
HGR,-,HANG,HANGAR 8,HANGAR 8 LTD,UNITED KINGDOM
HAH,-,HANMA,HANHWA BUSINESS JET AIRLINES,"HANHWA BUSINESS JET AIRLINES CO., LTD",CHINA
GKS,-,SWARN,HANS AIRWAYS,HANS AIRWAYS,UNITED KINGDOM
HSF,-,HAN-SEO FLIGHT,HANSEO UNIVERSITY,HANSEO UNIVERSITY,REPUBLIC OF KOREA
HPY,-,HAPPY TRAVEL,HAPPY AIR TRAVELLERS,"HAPPY AIR TRAVELLERS CO., LTD",THAILAND
HFI,-,-,HAPPY FLIGHT INTERNATIONAL,HFIS - HAPPY FLIGHT INTERNATIONAL SUPPORT SARL,SWITZERLAND
HYJ,-,HAPPY JET,HAPPY JET,"HAPPY JET CO., LTD",CHINA
IQP,-,IQRA PAKISTAN,HAPPY LANDINGS,HAPPY LANDINGS (FLIGHT TRAINING),PAKISTAN
HBA,-,HARBOR AIR,HARBOR AIR,"TRAIL LAKE FLYING SERVICE, INC. D/B/A HARBOR AIR",UNITED STATES OF AMERICA
HAR,-,HARBOR,HARBOR AIRLINES,"HARBOR AIRLINES (OAK HARBOR, WA)",UNITED STATES OF AMERICA
HRC,-,HARCO,HARCO AVIATION,"HARCO AVIATION (HOUSTON, TX)",UNITED STATES OF AMERICA
HDM,-,HOG,HARLEY-DAVISON,HARLEY-DAVISON MOTOR COMPANY,UNITED STATES OF AMERICA
HAO,-,HARTY,HARTY AVIATION,HARTY AVIATION,EGYPT
HIA,-,-,HASKIN AVIATION,"HASKIN AVIATION, LLC",UNITED STATES OF AMERICA
NBR,-,NORBROOK,HAUGHEY AIR,HAUGHEY AIR LTD,UNITED KINGDOM
HAV,-,HAVILAH,HAVILAH AIR SERVICES,HAVILAH AIR SERVICES,NIGERIA
HAL,HA,HAWAIIAN,HAWAIIAN AIRLINES,HAWAIIAN AIRLINES,UNITED STATES OF AMERICA
HKI,-,HAWKEYE,HAWKAIRE,WACHOVIA FLIGHT OPERATIONS D/B/A HAWKAIRE,UNITED STATES OF AMERICA
HKB,-,CLASSIC,HAWKER BEECHCRAFT,"HAWKER BEECHCRAFT CORPORATION (WICHITA, KS)",UNITED STATES OF AMERICA
RCJ,-,NEWPIN,HAWKER BEECHCRAFT,HAWKER BEECHCRAFT LTD,UNITED KINGDOM
HAY,-,HAYA,HAYA AVIATION SERVICES,HAYA AVIATION SERVICES LIMITED,SAUDI ARABIA
ETI,-,JETHAWK,H-BIRD AVIATION SERVICE,H-BIRD AVIATION SERVICES AB,SWEDEN
KPA,-,KUN PENG,HE NAN AIRLINES,"HE NAN AIRLINES CO., LTD",CHINA
HCO,-,CONGO LIFT,HEAVY LIFT CONGO,HEAVY LIFT CONGO,CONGO
HBH,NS,HEBEI AIR,HEBEI AIRLINES,"HEBEI AIRLINES CO., LTD",CHINA
HSJ,-,BAOSHENG,HEBEI HONGSHENG JET,"HEBEI HONGSHENG JET CO., LTD",CHINA
EJE,-,VOODOO,HEBEI TONGHE GENERAL AVIATION,"HEBEI TONGHE GENERAL AVIATION CO., LTD.",CHINA
HBR,-,HEBRIDEAN,HEBRIDEAN AIR SERVICES,HEBRIDEAN AIR SERVICES,UNITED KINGDOM
HCB,-,HELEN,HELENAIR,HELENAIR (BARBADOS),BARBADOS
HLY,-,WHISPER,HELI AIR,HELI AIR LTD,UNITED KINGDOM
HLR,-,HELI BULGARIA,HELI AIR SERVICES,HELI AIR SERVICES,BULGARIA
HCC,-,HELIANCO,HELI AND CO,HELI AND CO S.A.,BELGIUM
HEB,-,HELIBERNINA,HELI BERNINA,HELI BERNINA AG,SWITZERLAND
FNI,-,+,HELI HOLLAND OFFSHORE,HELI HOLLAND OFFSHORE B.V.,NETHERLANDS
HLI,-,HELI SAINT-TROPEZ,HELI SECURITE,HELI SECURITE,FRANCE
HSC,-,-,HELI SERVICE,HELI SERVICE INC.,JAPAN
HSO,-,HELISERVICE,HELI SERVICE INTERNATIONAL,"HELI SERVICE INTERNATIONAL GMBH, BREMERHAVEN",GERMANY
HAC,-,HELI MOUNT,HELI SKY,HELI SKY,KYRGYZSTAN
HLU,-,HELI UNION,HELI UNION,HELI UNION HELI PRESTATIONS,FRANCE
SWC,-,SWEDCOPTER,HELIAIR SWEDEN,HELIAIR SWEDEN AB,SWEDEN
MCM,-,HELI AIR,HELI-AIR-MONACO,HELI-AIR-MONACO,MONACO
HIL,-,HELI ALPES,HELI-ALPES,HELI-ALPES SA,SWITZERLAND
HMC,-,HELIAMERICA,HELIAMERICA DE MEXICO,"HELIAMERICA DE MEXICO, S.A. DE C.V.",MEXICO
HEA,-,HELIAVIA,HELIAVIA,"HELIAVIA-TRANSPORTE AEREO, LDA",PORTUGAL
CDY,-,CADDY,HELIAVIATION,HELIAVIATION LIMITED,UNITED KINGDOM
HIB,-,HELIBRAVO,HELIBRAVO,"HELIBRAVO AVIACAO, LDA.",PORTUGAL
HCH,-,HELICA,HELICA,"HELICOPTEROS DEL CARIBE, C.A. (HELICA)",VENEZUELA
HLC,-,HELICAP,HELICAP,HELICAP,FRANCE
HLG,-,HELICAPITAL,HELICAPITAL,HELICAPITAL,MEXICO
COV,-,HELICENTRE,HELICENTRE COVENTRY,SIGNCHOOSE LTD T/A HELICENTRE COVENTRY,UNITED KINGDOM
HLL,-,FUSION,HELICENTRE LIVERPOOL,HELICENTRE LIVERPOOL LTD,UNITED KINGDOM
HCK,-,HELI-CHARTER,HELI-CHARTER,HELI-CHARTER LTD,UNITED KINGDOM
HCS,-,HELIWALES,HELICHARTER WALES,HELICHARTER WALES LTD,UNITED KINGDOM
HEM,-,HECOMEX,HELICO,HELICO DE MEXICO SA DE CV,MEXICO
HKO,-,+,HELICO,HELICO APS,DENMARK
OCE,-,HELIOCEAN,HELICOCEAN,HELICOCEAN,FRANCE
HEL,-,HELICOL,HELICOL,HELICOL. HELICOPTEROS NACIONALES DE COLOMBIA,COLOMBIA
HCP,-,HELI CZECH,HELICOPTER,HELICOPTER,CZECHIA
...,-,PACKMAN,HELICOPTER & AIRCRAFT SUPPORT SERVICES,HELICOPTER & AIRCRAFT SUPPORT SERVICES,UNITED KINGDOM
JKY,-,JOCKEY,HELICOPTER & AVIATION SERVICES,HELICOPTER & AVIATION SERVICES LTD,UNITED KINGDOM
ZHZ,-,-,HELICOPTER AIR TRAFFIC CONTROL,HELICOPTER AIR TRAFFIC CONTROL,ICAO
HMO,-,HELI-CORP,HELICOPTER OPERATIONS MEXICO,"HELICOPTER OPERATIONS MEXICO, S. DE R.L. DE C.V.",MEXICO
RGA,-,REGA,HELICOPTER RESCUE GUARD,SWISS AIR AMBULANCE LTD (HELICOPTER RESCUE GUARD),SWITZERLAND
HSM,-,HELIMALT,HELICOPTER SERVICE MALTA,HELICOPTER SERVICE MALTA LIMITED,MALTA
TOA,-,TOPCAT,HELICOPTER SERVICES,HELICOPTER SERVICES LTD,UNITED KINGDOM
HTM,-,HELITRAVEL,HELICOPTER TRAVEL MUNICH,HTM HELICOPTER TRAVEL MUNICH GMBH,GERMANY
HWH,-,HELIWORLD,HELICOPTER WORLD,HELICOPTER WORLD,SPAIN
SCP,-,SKY COPTER,HELICOPTER.PL,HELICOPTER.PL S.A.,POLAND
HCF,-,EAGLE,HELICOPTERFLIGHTS LTD,HELICOPTERFLIGHTS LTD,MALTA
HAP,-,HELIPERSONAL,HELICOPTEROS AERO PERSONAL,"HELICOPTEROS AERO PERSONAL, S.A. DE C.V.",MEXICO
HAA,-,AGROFORESTAL,HELICOPTEROS AGROFORESTAL,HELICOPTEROS AGROFORESTAL LTDA.,CHILE
HDC,-,HELICATALUNA,HELICOPTEROS DE CATALUNA,"HELICOPTEROS DE CATALUNA, S.A.",SPAIN
HCG,-,+,HELICOPTEROS DE GUATEMALA,HELICOPTEROS DE GUATEMALA,GUATEMALA
HEF,-,-,HELICOPTEROS DEL MARE NOSTRUM,"HELICOPTEROS DEL MARE NOSTRUM, S.A.",SPAIN
HEV,-,HELIJECUTIVO,HELICOPTEROS EJECUTIVOS,"HELICOPTEROS EJECUTIVOS, S.A. DE C.V.",MEXICO
HIC,-,+,HELICOPTEROS INSULARES,"HELICOPTEROS INSULARES, S.L.",SPAIN
BLM,-,HELI PER,HELICOPTEROS PERSONALES,"HELICOPTEROS PERSONALES, S.A.",PANAMA
HEN,-,HELINAC,HELICOPTEROS Y VEHICULOS NACIONALES AEREOS,"HELICOPTEROS Y VEHICULOS NACIONALES AEREOS, S.A. DE C.V.",MEXICO
DMR,-,HELIDOSA,HELIDOSA AVIATION GROUP,HELIDOSA AVIATION GROUP,DOMINICAN REPUBLIC
HDB,-,HELIDEE,HELIDUBAI,HELIDUBAI,UNITED ARAB EMIRATES
HEE,-,HELIEJECUTIVO,HELIEJECUTIVO,"HELIEJECUTIVO, S.A. DE C.V.",MEXICO
...,-,HELIFLIGHT,HELIFLIGHT,HELIFLIGHT (UK) LIMITED,UNITED KINGDOM
HHE,-,HELI HOLLAND,HELI-HOLLAND,HELI-HOLLAND B.V.,NETHERLANDS
HRA,-,ERICA,HELI-IBERICA,"HELI-IBERICA, S.A.",SPAIN
HIF,-,HIFSA,HELI-IBERICA FOTOGRAMETRIA,HELI-IBERICA FOTOGRAMETRIA S.L.,SPAIN
JBA,-,HELIJET,HELIJET INTERNATIONAL,HELIJET INTERNATIONAL INC.,CANADA
HJT,-,HELTAIR,HELIJETIC AIR,HELIJETIC AIR,SUDAN
HLP,-,HELIPISTAS,HELIPISTAS,HELIPISTAS S.L.,SPAIN
HPL,-,HELIPORTUGAL,HELIPORTUGAL,"HELIPORTUGAL - TRABALHOS E TRANSPORTE AEREO, REPRESENTACOES, IMPORTACAO E EXPORTACAO, LDA",PORTUGAL
HSE,-,HELISCAN,HELISCAN,HELISCAN AS,NORWAY
HSV,-,VERTIFLIGHT,HELISERVICES,HELISERVICES (HK) LTD,CHINA
HLV,-,SERVI HELI,HELISERVICIO,"HELISERVICIO, S.A. DE C.V.",MEXICO
HTS,-,HELISAS,HELISTAR,HELISTAR SAS,COLOMBIA
HSR,-,HELISTAR,HELISTAR,HELISTAR,GREECE
BBO,-,BABCOCK,HELISUL,HELISUL,PORTUGAL
HSW,-,HELIBERICA,HELISWISS IBERICA,"HELISWISS IBERICA, S.A.",SPAIN
HSI,-,HELISWISS,HELISWISS INTERNATIONAL,HELISWISS INTERNATIONAL AG,SWITZERLAND
NHS,-,-,HELISYS JAPAN,HELISYS JAPAN INC.,JAPAN
HLT,-,HELITAFE,HELITAFE,"HELITAFE, S.A. DE C.V.",MEXICO
RDL,-,RED LIFT,HELI-TEAM,HELI-TEAM AS,NORWAY
HDR,-,HELITRANS,HELITRANS,HELITRANS AS,NORWAY
HTA,9I,HELI TRANSAIR,HELITRANS,HELI TRANSAIR EUROPEAN AIR SERVICES GMBH,GERMANY
HLB,-,-,HELITRANSPYRINEES,"HELITRANSPYRINEES, S.L.",SPAIN
HTH,-,ALBORAN,HELITT LINEAS AEREAS,"HELITT LINEAS AEREAS, S.A.",SPAIN
...,-,DARK STAR,HELIWHIZZ,HELIWHIZZ LTD,UNITED KINGDOM
HLW,-,HELIWORKS,HELIWORKS,HELIWORKS LTDA.,CHILE
HTB,-,HELIX-CRAFT,HELIX-CRAFT AVIATION,HELIX-CRAFT AVIATION,PANAMA
HAF,-,HELLENIC AIR FORCE,HELLENIC AIR FORCE,HELLENIC AIR FORCE,GREECE
HLA,-,HELLENIC ARMY,HELLENIC ARMY,HELLENIC ARMY,GREECE
HNA,-,HELLENIC NAVY,HELLENIC NAVY,GREEK NAVY (HELLENIC NAVY),GREECE
HLJ,-,HELLOJETS,HELLO JETS,HELLO JETS S.R.L,ROMANIA
OAW,2L,HELVETIC,HELVETIC AIRWAYS,HELVETIC AIRWAYS AG,SWITZERLAND
FIH,-,FINNHEMS,HEMS HALLINNOINTI,HEMS HALLINNOINTI OY,FINLAND
HMS,-,HEMUS AIR,HEMUS AIR,HEMUS AIR,BULGARIA
HDL,-,HENDELL,HENDELL AVIATION,HENDELL AVIATION OY,FINLAND
HGH,-,HENLEY,HENLEY AIR,HENLEY AIR PTY LTD,SOUTH AFRICA
HER,-,HERA,HERA FLIGHT,HERA FLIGHT,UNITED STATES OF AMERICA
HED,-,FLAPJACK,HERITAGE AVIATION DEVELOPMENTS,HERITAGE AVIATION DEVELOPMENTS LTD,UNITED KINGDOM
SSH,-,SNOWSHOE,HERITAGE FLIGHT,"HERITAGE AVIATION, INC. D/B/A HERITAGE FLIGHT, LLC (S. BURLINGTON, VT)",UNITED STATES OF AMERICA
RDK,-,RED DUKE,HERMANN HOSPITAL,"MEMORIAL HERMANN HOSPITAL SYSTEM LIFE FLIGHT (HOUSTON, TX)",UNITED STATES OF AMERICA
MRX,-,SPEEDMARK,HERMEN'S MARKAIR EXPRESS,"HERMEN'S MARKAIR EXPRESS (ST. MARY'S, AK)",UNITED STATES OF AMERICA
HRN,-,HERONAIR,HERON LUFTFAHRT,"HERON LUFTFAHRT GMBH & CO. KG, WALDSHUT-TIENGEN",GERMANY
SPN,-,SEPAHAN,HESA AIRLINES,HESA AIRLINES,IRAN
HST,-,HESTON,HESTON AIRLINES,"HESTON AIRLINES, UAB",LITHUANIA
HUS,-,HEUSSLER,HEUSSLER AIR SERVICE CORP,"HEUSSLER AIR SERVICE CORP (BUFFALO, NY)",UNITED STATES OF AMERICA
HGG,-,HI AIR,HI AIR,HI AIR,REPUBLIC OF KOREA
HFY,5K,SKY FLYER,HI FLY,HI FLY,PORTUGAL
HFM,3L*,MOONRAKER,HI FLY,HI FLY LTD,MALTA
HBN,HG,FINCH,HIBERNIAN AIRLINES,HIBERNIAN AIRLINES,IRELAND
...,-,HIELDS,HIELDS AVIATION,HIELDS AVIATION,UNITED KINGDOM
HHS,-,HIJET,HI-JET HELICOPTER SERVICES,HI-JET HELICOPTER SERVICES N.V.,SURINAME
HWA,-,HILLWOOD,HILLWOOD AIRWAYS,HILLWOOD AIRWAYS LLC,UNITED STATES OF AMERICA
HIM,-,HIMALAYA,HIMALAYA AIRLINES,HIMALAYA AIRLINES PVT. LTD.,NEPAL
HND,-,HINTERLAND,HINTERLAND AVIATION,HINTERLAND AVIATION PTY LTD,AUSTRALIA
HYM,-,SKY MOLDOVA,HISKY,HISKY,MOLDOVA
HYS,-,SKY EUROPE,HISKY EUROPE,HISKY EUROPE,ROMANIA
HSH,-,HISPANICA,HISPANICA DE AVIACION,HISPANICA DE AVIACION S.A.,SPAIN
BWJ,-,BELLAWING,HK BELLAWINGS JET,HK BELLAWINGS JET LIMITED,CHINA
HKE,UO,HONGKONG SHUTTLE,HK EXPRESS,HONG KONG EXPRESS AIRWAYS LTD,HONG KONG
HBL,-,-,HKJ BERMUDA,HKJ BERMUDA LTD.,UNITED KINGDOM
HOB,-,HOBBY JET,HL AIRCRAFT,HL AIRCRAFT LLC,UNITED STATES OF AMERICA
SRD,-,BRITISH COASTGUARD,HM COASTGUARD,HIS MAJESTY'S COASTGUARD,UNITED KINGDOM
SRD,-,COASTGUARD,HM COASTGUARD,HIS MAJESTY'S COASTGUARD,UNITED KINGDOM
NTH,-,NORTH AIR,HOKKAIDO AIR SYSTEM,"HOKKAIDO AIR SYSTEM CO., LTD",JAPAN
ABH,-,-,HOKURIKU-KOUKUU,"HOKURIKU-KOUKUU CO., LTD",JAPAN
HIN,-,HOLDING GROUP,HOLDING INTERNATIONAL GROUP,"HOLDING INTERNATIONAL GROUP, S.A. DE C.V.",MEXICO
HOL,-,HOLIDAY,HOLIDAY AIRLINES,"HOLIDAY AIRLINES, INC. (MORRISTOWN, NJ)",UNITED STATES OF AMERICA
HES,-,HOLIDAY EUROPE,HOLIDAY EUROPE,HOLIDAY EUROPE,BULGARIA
PJC,-,PITTSBURGH JET,HOLMAN LEASING SYSTEMS,"HOLMAN LEASING SYSTEMS, INC., PITTSBURGH JET CENTER ( ZELIENOPLE, PA)",UNITED STATES OF AMERICA
HTR,-,HOLSTEN,HOLSTENAIR LUFTVERKEHRSSERVICE,"HOLSTENAIR LUFTVERKEHRSSERVICE GMBH & CO. BETRIEBS-KG, LUEBECK",GERMANY
HON,-,HONDA TEST,HONDA AIRCRAFT COMPANY,"HONDA AIRCRAFT COMPANY, INC. (GREENSBORO, NC)",UNITED STATES OF AMERICA
HAS,-,HONDURAS AIR,HONDURAS AIR,"AEROCARIBE DE HONDURAS, S. DE R.L. (HONDURAS AIR)",HONDURAS
HNW,-,HONEYWELL,HONEYWELL INTERNATIONAL INC.,HONEYWELL INTERNATIONAL INC.,UNITED STATES OF AMERICA
HKC,RH,MASCOT,HONG KONG AIR CARGO,HONG KONG AIR CARGO CARRIER,HONG KONG
CRK,HX,BAUHINIA,HONG KONG AIRLINES,HONG KONG AIRLINES LTD,HONG KONG
HKJ,-,+,HONG KONG AIRLINES CORPORATE JET MANAGEMENT LTD,HONG KONG AIRLINES CORPORATE JET MANAGEMENT LTD,HONG KONG
HDA,-,DRAGON,HONG KONG DRAGON AIRLINES,HONG KONG DRAGON AIRLINES (HDA),HONG KONG
HKG,-,HONGKONG GOVERNMENT,HONG KONG GOVERNMENT FLYING SERVICE,GOVERNMENT FLYING SERVICE OF THE HONG KONG SPECIAL ADMINISTRATIVE REGION,CHINA
HEX,-,HONIARA CARGO,HONIARA CARGO EXPRESS,HONIARA CARGO EXPRESS,SOLOMON ISLANDS
HOP,A5,AIR HOP,HOP!,AIR FRANCE HOP,FRANCE
HPJ,-,HOPA-JET,HOP-A-JET,"HOP-A-JET, INC. (FT. LAUDERDALE, FL)",UNITED STATES OF AMERICA
HPK,-,HOPSCOTCH AIR,HOPSCOTCH AIR,"HOPSCOTCH AIR, INC. (FARMINGDALE, NY)",UNITED STATES OF AMERICA
QXE,QX,HORIZON AIR,HORIZON AIR,"HORIZON AIR INDUSTRIES, INC.",UNITED STATES OF AMERICA
KOK,-,KOKO,HORIZON AIR SERVICE,"HORIZON AIR SERVICE (HONOLULU, HI)",UNITED STATES OF AMERICA
...,-,HORIZON ACADEMY,HORIZON INTERNATIONAL FLIGHT ACADEMY,HORIZON INTERNATIONAL FLIGHT ACADEMY,UNITED ARAB EMIRATES
HDI,-,DINAMICOS,HOTELES DINAMICOS,"HOTELES DINAMICOS, S.A. DE C.V.",MEXICO
HOV,-,SKY ELITE,HOVERFLY,HOVERFLY DIVISIONE SAM S.R.L.,ITALY
HOZ,-,OZCA,HOZCA AVIATION,HOZCA AVIATION S.A. DE C.V.,MEXICO
HWD,-,FLITEWISE,HPM INVESTMENTS,HPM INVESTMENTS LTD,UNITED KINGDOM
AHT,-,HELIAPRA,HTA HELICOPTEROS,"HTA HELICOPTEROS, LDA",PORTUGAL
HUB,-,HUB,HUB AIRLINES,"HUB AIRLINES, INC. (FT. WAYNE, IN)",UNITED STATES OF AMERICA
WLF,-,SKY BLUE,HUBEI SKY-BLUE,"HUBEI SKY-BLUE INTERNATIONAL AVIATION ACADEMY CO., LTD",CHINA
CHX,-,CHRISTOPH,"HUBSCHRAUBER IM LUFTRETTUNGSDIENST, BERLIN","HUBSCHRAUBER IM LUFTRETTUNGSDIENST, BERLIN",GERMANY
GMH,-,HUGHES,HUGHES FLYING SERVICE,"HUGHES FLYING SERVICE, INC. (MIAMI, FL)",UNITED STATES OF AMERICA
WHR,-,TANGI,HUMMINGBIRD AVIATION,"HUMMINGBIRD AVIATION, LLC (HAMMOND, LA)",UNITED STATES OF AMERICA
USW,-,AKSAR,HUMO AIR,HUMO AIR,UZBEKISTAN
HUF,-,HUNGARIAN AIRFORCE,HUNGARIAN AIRFORCE,HUNGARIAN AIRFORCE,HUNGARY
MML,-,TRANS MONGOLIA,HUNNU AIR,HUNNU AIR,MONGOLIA
HZM,-,HUZIMA,HUZIMA,HUZIMA,ECUADOR
HYC,-,HYDRO CARGO,HYDRO AIR FLIGHT OPERATIONS,HYDRO AIR FLIGHT OPERATIONS,SOUTH AFRICA
HYD,-,HYDRO,HYDRO QUEBEC,HYDRO QUEBEC,CANADA
HYP,-,HYPERION,HYPERION AVIATION,HYPERION AVIATION LTD,MALTA
RSY,-,RUSSIAN SKY,I FLY LTD,I FLY LTD,RUSSIAN FEDERATION
BNX,-,AIR BARINAS,I.A.A.C.A. (L.A.I.),I.A.A.C.A. (L.A.I.),VENEZUELA
IDG,-,INDIGO,I.D.G. TECHNOLOGY AIR,I.D.G. TECHNOLOGY AIR,CZECHIA
IVN,-,-,I.T.A.,IVOIRIENNE DE TRANSPORTS AERIENS (I.T.A.),COTE D'IVOIRE
SWQ,WQ,SWIFTFLIGHT,IAERO AIRWAYS,"INTERSTATE EQUIPMENT LEASING, INC. D/B/A SWIFT AIR (PHOENIX, AZ)",UNITED STATES OF AMERICA
IMC,-,MY CHARTER,IAMC PVT. LTD.,IAMC PVT. LTD.,PAKISTAN
FNK,-,FUNKY,IAS ITZEHOER AIRSERVICE,IAS ITZEHOER AIRSERVICE GMBH,GERMANY
MDI,-,MED OPS,IAS MEDICAL,IAS MEDICAL LTD,UNITED KINGDOM
MMY,-,MARMOT,IASCO FLIGHT TRAINING,"IASCO FLIGHT TRAINING (REDDING, CA)",UNITED STATES OF AMERICA
IAT,XB,-,IATA,INTERNATIONAL AIR TRANSPORT ASSOCIATION (IATA),CANADA
IAX,-,ABBY AIR,IAXPRESS,ISLAND EXPRESS AIR INC.,CANADA
CSQ,-,CHASQUI,IBC AIRWAYS,"IBC AIRWAYS, INC. (MIAMI, FL)",UNITED STATES OF AMERICA
MJB,-,-,IBERFLY,"IBERFLY, S.L.",SPAIN
IBE,IB,IBERIA,IBERIA,"IBERIA - LINEAS AEREAS DE ESPANA, SOCIEDAD ANONIMA OPERADORA",SPAIN
IBS,I2,IBEREXPRES,IBERIA EXPRESS,"COMPANIA OPERADORA DE CORTO Y MEDIO RADIO IBERIA EXPRESS, S.A.U.",SPAIN
IBR,-,IBERTOUR,IBERTOUR SERVICIOS AEREOS,IBERTOUR SERVICIOS AEREOS S.L.U.,SPAIN
IWD,-,IBERWORLD,IBERWORLD AIRLINES,"IBERWORLD AIRLINES, S.A.",SPAIN
IAC,-,IBEX AIRLINES,IBEX AIR,IBEX AIR CHARTER,LEBANON
IBC,-,IBEX CHARTER,IBEX AIR CHARTER,IBEX AIR CHARTER S.A.R.L.,LEBANON
IBX,FW,IBEX,IBEX AIRLINES,"IBEX AIRLINES CO., LTD",JAPAN
KBX,-,SKYBEX,IBEX-U.L. ,IBEX-U.L. SP. Z.O.O.,POLAND
AKI,-,-,IBK-PETRA,"IBK-PETRA, SUDAN",SUDAN
IBL,-,CATOVAIR,IBL AVIATION,IBL AVIATION LTD,MAURITIUS
IAN,-,IBOM,IBOM AIRLINES,IBOM AIRLINES LIMITED,NIGERIA
ICO,-,-,ICAO,INTERNATIONAL CIVIL AVIATION ORGANIZATION (ICAO),CANADA
RAC,-,TUZLA AIR,ICAR AIR,ICAR AIR,BOSNIA AND HERZEGOVINA
ICD,-,ICARO,ICARO,ICARO,ECUADOR
ICW,-,-,ICARO SERVICIOS AEREOS,"ICARO SERVICIOS AEREOS, S.L.",SPAIN
ICE,FI,ICEAIR,ICELANDAIR,ICELANDAIR EHF.,ICELAND
ICG,-,ICELAND COAST,ICELANDIC COAST GUARD,ICELANDIC COAST GUARD,ICELAND
ICN,-,ICONAIR,ICONAIR,ICONAIR (PVT) LTD,PAKISTAN
ICF,-,INCHARTER,ICS-AERO,ICS-AERO SM S.R.L.,SAN MARINO
IFL,-,EIFEL,IFL GROUP,"IFL GROUP, INC. (WATERFORD, MI)",UNITED STATES OF AMERICA
IFM,-,ICOPTER,IFLY,IFLY S.A.,GREECE
IFY,-,IFLYER,I-FLY AIR,I FLY AIR SOLUTIONS LTD,KENYA
IKR,-,IKAROS,IKAROS FLY,IKAROS FLY APS,DENMARK
IKK,-,IKIAIR,IKI INTERNATIONAL AIRLINES,IKI INTERNATIONAL AIRLINES,JAPAN
CIO,-,CIOCCO,IL CIOCCO INTERNATIONAL TRAVEL SERVICE,IL CIOCCO INTERNATIONAL TRAVEL SERVICE SRL,ITALY
ILA,-,ILAN ARAD,ILAN ARAD,ILAN ARAD,ISRAEL
ILD,-,-,ILERDAIR,"ILERDAIR, S.L.",SPAIN
IAR,-,ILIAMNA AIR,ILIAMNA AIR TAXI,"ILIAMNA AIR TAXI INC. (ILIAMNA, AK)",UNITED STATES OF AMERICA
IDT,-,IDOT,ILLINOIS DEPARTMENT OF TRANSPORTATION,"ILLINOIS DEPARTMENT OF TRANSPORTATION (SPRINGFIELD, IL)",UNITED STATES OF AMERICA
BMG,-,BOOMERANG,IMAGE AIR CHARTER,IMAGE AIR CHARTER LTD,CANADA
IMG,-,IMAGINE,IMAGINE AIR JET SERVICES,"IMAGINE AIR JET SERVICES, LLC",UNITED STATES OF AMERICA
IAL,-,IMATONG,IMATONG AIRLINES,IMATONG AIRLINES LTD,KENYA
IMD,-,JETBULL,IMD AIRWAYS,"IMD AIRWAYS, S.L.",SPAIN
EXA,-,CANADIANEXECAIRE,IMP GROUP,IMP GROUP LTD,CANADA
HPE,-,HOPE AIR,IMPERATIVE PRODUCTIONS,"IMPERATIVE PRODUCTIONS, LLC",UNITED STATES OF AMERICA
IMI,-,IMPERIALAEREO,IMPERIAL AEROTRANSPORTE,"IMPERIAL AEROTRANSPORTE, S.A. DE C.V.",MEXICO
JTI,-,JETCLIPPER,IMPERIALJET EUROPE,"IMPERIALJET EUROPE GMBH, HALLBERGMOOS",GERMANY
IMT,-,IMTREC,IMTREC AVIATION,IMTREC AVIATION,CAMBODIA
...,-,CIVILAIR,INAC,INAC - INSTITUTO NACIONAL DE AVIACAO CIVIL,PORTUGAL
IAA,-,ANFIBIOS,INAER AVIONES ANFIBIOS,"INAER AVIONES ANFIBIOS, S.A.U.",SPAIN
IEK,-,INAER EUSKADI,INAER EUSKADI,"INAER EUSKADI, S.A.",SPAIN
ING,-,INAER GALICIA,INAER GALICIA,"INAER GALICIA, S.L.",SPAIN
IHP,-,+,INAER HELICOPTER PORTUGAL,INAER HELICOPTER PORTUGAL LDA,PORTUGAL
INR,-,INAER HELICOPTEROS,INAER HELICOPTEROS,"INAER HELICOPTEROS, S.A.",SPAIN
IOF,-,INAER OFFSHORE,INAER HELICOPTEROS OFF-SHORE,"INAER HELICOPTEROS OFF-SHORE, S.A.",SPAIN
IIL,-,INDIA INTER,INDIA INTERNATIONAL AIRWAYS,INDIA INTERNATIONAL AIRWAYS (P) LTD,INDIA
IFC,-,INDIAN AIRFORCE,INDIAN AIR FORCE,INDIAN AIR FORCE,INDIA
ISU,-,INDY STATE,INDIANA STATE UNIVERSITY,INDIANA STATE UNIVERSITY,UNITED STATES
IAO,-,INDIA FIRST,INDIAONE AIR,GSEC MONARCH AND DECCAN AVIATION PRIVATE LIMITED,INDIA
IGO,6E,IFLY,INDIGO,INTERGLOBE AVIATION PRIVATE LTD (T/A INDIGO),INDIA
AXC,-,AIRSPUP,INDOCHINA AIRLINES,INDOCHINA AIRLINES JOINT STOCK COMPANY,VIET NAM
IDO,-,INDOKHMER,INDOCHINA AIRLINES,INDOCHINA AIRLINES,CAMBODIA
IDA,-,INTRA,INDONESIA AIR TRANSPORT,"INDONESIA AIR TRANSPORT, PT.",INDONESIA
AWQ,-,WAGON AIR,INDONESIA AIRASIA,"INDONESIA AIRASIA, PT.",INDONESIA
ITN,-,TITAN LUX,INDUSTRIAS TITAN,"INDUSTRIAS TITAN, S.A.",SPAIN
FFI,-,INFINIT,INFINIT AIR,"INFINIT AIR, S.L.",SPAIN
IFG,-,INFINITY,INFINITY FLIGHT GROUP,INFINITY FLIGHT GROUP,UNITED STATES OF AMERICA
INS,-,-,INFLITE THE JET CENTRE,INFLITE THE JET CENTRE,UNITED KINGDOM
XLT,-,INFRAERO,INFRAERO,EMPRESA BRASILEIRA DE INFRA-ESTRUTURA AEROPORTUARIA - INFRAERO,BRAZIL
INI,-,INITIUM,INITIUM AVIATION,INITIUM AVIATION,SPAIN
IME,-,LARK AIR,INNER MONGOLIA EXPRESS,"INNER MONGOLIA EXPRESS CO.,LTD.",CHINA
BFK,-,NORTHERN EXPRESS,INNER MONGOLIA NORTHERN EXPRESS,"INNER MONGOLIA NORTHERN EXPRESS GENERAL AVIATION CO., LTD",CHINA
BUG,-,HEXBUG,INNOVATION FIRST,INNOVATION FIRST,UNITED STATES OF AMERICA
INC,-,INSELAIR,INSEL AIR INTERNATIONAL,INSEL AIR INTERNATIONAL N.V.,NETHERLANDS
LVS,-,SIGNIA,INSIGNIA AVIACION,"INSIGNIA AVIACION, S.A. DE C.V.",MEXICO
ICC,-,CARTO,INSTITUTO CARTOGRAFICO DE CATALUNA,INSTITUTO CARTOGRAFICO DE CATALUNA,SPAIN
IFJ,-,IFAJET,INSTITUTO DE FORMACAO AERONAUTICA,IFA-INSTITUTO DE FORMACAO AERONAUTICA,PORTUGAL
ITI,-,INTAIRLINE,INTAIRLINE,INTAIRLINE,FRANCE
INL,-,INTAL AVIA,INTAL AVIA,INTAL AVIA,KYRGYSTAN
INT,-,INTEGRA,INTEGRA MAP & GEOINFORMACION CONSULTING,"INTEGRA MAP & GEOINFORMACION CONSULTING, S.L.",SPAIN
...,-,SKY ANGELS,INTENSIVE CARE AIR AMBULANCE,INTENSIVE CARE AIR AMBULANCE,KENYA
ILN,-,INLINE,INTER AIR LINES,INTER AIR LINES (PTY) LTD SOUTH AFRICA,SOUTH AFRICA
INB,-,INTERBUILD,INTER BUILD,INTER BUILD LLC,TAJIKISTAN
IIA,-,INTER ILES,INTER ILES AIR,INTER ILES AIR,COMOROS
IIC,-,INTER AIR,INTER ISLAND AIR CHARTER,INTER ISLAND AIR CHARTER (MARSH HARBOUR),BAHAMAS
CAR,-,QUEBEC ROMEO,INTER RCA,INTER RCA,CENTRAL AFRICAN REPUBLIC
ITA,-,CAFEX,INTER-AIR,"INTER-AIR, INC. (DENVER, CO)",UNITED STATES OF AMERICA
IWY,-,ISLANDWAYS,INTERCARIBBEAN AIRWAYS,INTERCARIBBEAN AIRWAYS LTD.,UNITED KINGDOM
ICY,-,INTERCITY,INTERCITY AIR,INTERCITY AIR SDN BHD,MALAYSIA
ICH,-,INTERCONTINENTAL,INTERCONTINENTAL AIRWAYS,INTERCONTINENTAL AIRWAYS (GAMBIA) LIMITED,GAMBIA
ICT,-,CONTAVIA,INTERCONTINENTAL DE AVIACION,INTERCONTINENTAL DE AVIACION LTDA.,COLOMBIA
ICP,-,CHOPER,INTERCOPTERS,"INTERCOPTERS, S.A.",SPAIN
IFF,-,INTERFREIGHTER,INTERFREIGHT FORWARDING,INTERFREIGHT FORWARDING LTD.,SUDAN
IGN,-,DIVINE AIR,INTERGUIDE AIR,INTERGUIDE AIR LIMITED,NIGERIA
UGL,-,UGLY VAN,INTER-ISLAND AIR,"INTER-ISLAND AIR, INC. (KAHULUI, HI)",UNITED STATES OF AMERICA
AIJ,-,ABC AEROLINEAS,INTERJET,"ABC AEROLINEAS, S.A. DE C.V.",MEXICO
MTF,-,INTERJET,INTERJET,INTERJET S.R.L.,ITALY
IJW,-,JET WEST,INTERJET WEST,"INTERJET WEST, INC.",UNITED STATES OF AMERICA
ITK,-,INTERLINK,INTERLINK AIRLINES,INTERLINK AIRLINES (PTY) LTD,SOUTH AFRICA
IMA,-,INTER-MOUNTAIN,INTER-MOUNTAIN AIRWAYS,"INTER-MOUNTAIN AIRWAYS (BOULDER, CO)",UNITED STATES OF AMERICA
ITC,-,-,INTERNATIONAL AIR CARRIER ASSOCIATION,INTERNATIONAL AIR CARRIER ASSOCIATION (IACA),BELGIUM
JLF,-,JETLYFT,INTERNATIONAL AIR CHARTERS,"RIVERSIDE CHARTER, LLC",UNITED STATES OF AMERICA
RGD,-,KUWAIT CARGO,INTERNATIONAL AIR COMPANY,WORLD AIR CARGO COMPANY (INTERNATIONAL AIR COMPANY),KUWAIT
VST,-,-,INTERNATIONAL AIRNAVIGATION SERVICE EAST,INTERNATIONAL AIRNAVIGATION SERVICE EAST,RUSSIAN FEDERATION
IFR,-,-,INTERNATIONAL FLIGHT RESOURCES,"INTERNATIONAL FLIGHT RESOURCES, LLC (INDIAN RIVER SHORES, FL)",UNITED STATES OF AMERICA
IFX,-,IFTA,INTERNATIONAL FLIGHT TRAINING ACADEMY,"INTERNATIONAL FLIGHT TRAINING ACADEMY (BAKERSFIELD, CA)",UNITED STATES OF AMERICA
IJA,-,I-JET,INTERNATIONAL JET AVIATION SERVICES,"INTERNATIONAL JET AVIATION SERVICES (ENGLEWOOD, CO)",UNITED STATES OF AMERICA
IJM,-,JET MANAGEMENT,INTERNATIONAL JET MANAGEMENT,I.J.M. INTERNATIONAL JET MANAGEMENT GMBH,AUSTRIA
YNY,-,-,INTERNATIONAL NOTAM OFFICE,INTERNATIONAL NOTAM OFFICE,ICAO
RXC,-,+,INTERNATIONAL RED CROSS RED CRESCENT,INTERNATIONAL FEDERATION OF RED CROSS AND RED CRESCENT SOCIETIES (IFRC),SWITZERLAND
RSQ,-,SKYMEDIC,INTERNATIONAL SOS,INTERNATIONAL SOS WINDHOEK,NAMIBIA
ITH,-,INTRANS NIGERIA,INTERNATIONAL TRANS-AIR,INTERNATIONAL TRANS-AIR LTD,NIGERIA
ITP,-,-,INTERNATIONAL TRIP PLANNING SERVICES,"INTERNATIONAL TRIP PLANNING SERVICES, LLC (HOUSTON, TX)",UNITED STATES OF AMERICA
IPT,-,INTERPORT,INTERPORT CORPORATION,"INTERPORT CORPORATION (PORTLAND, ME)",UNITED STATES OF AMERICA
ITS,-,INTER-STATE,INTER-STATE AVIATION,"INTER-STATE AVIATION, INC. (PULLMAN, WA)",UNITED STATES OF AMERICA
TMG,-,TRILINES,INTRA ASIA AIRLINES,"TRI MG INTRA ASIA AIRLINES, PT.",INDONESIA
HKV,-,HUCAVEN,INVERSIONES HUCAVEN,INVERSIONES HUCAVEN C.A.,VENEZUELA
INM,-,INDUCA,INVERSIONES MANDUCA,"INVERSIONES MANDUCA, C.A.",VENEZUELA
IMO,-,INVERMOCA,INVERSIONES MORAIMA,"INVERSIONES MORAIMA, C. A-.",VENEZUELA
ICA,-,TIRYKA,INVERSIONES TIRYKA,INVERSIONES TIRYKA C.A.,VENEZUELA
DCY,-,DUCOY,INVERSIONES Y PROMOCIONES DUCOY,"INVERSIONES Y PROMOCIONES DUCOY, S.L.",SPAIN
...,-,INVICTA,INVICTA RADIO,INVICTA RADIO,UNITED KINGDOM
IAE,-,IRAERO,IRAERO,"IRAERO, AIRCOMPANY",RUSSIAN FEDERATION
IRA,IR,IRANAIR,IRAN AIR,IRAN NATIONAL AIRLINES CORP. (IRAN AIR),IRAN
IRB,B9,AIRTOUR,IRAN AIRTOUR,IRAN AIR TOURS CO.,IRAN
IRC,EP,ASEMAN,IRAN ASEMAN,IRAN ASEMAN AIRLINE,IRAN
IHC,-,HELIRAN,IRAN HELICOPTER COMPANY,IRAN HELICOPTER COMPANY,IRAN
IGC,-,+,IRAQ GATE,IRAQ GATE,IRAQ
IAW,-,IRAQI,IRAQI AIRWAYS,IRAQI AIRWAYS,IRAQ
IPF,-,IRAQI PRESIDENTIAL FLIGHT,IRAQI PRIME MINISTER,IRAQI PRIME MINISTER OFFICE,IRAQ
IRL,-,IRISH,IRISH AIR CORPS,IRISH AIR CORPS,IRELAND
XMR,-,AUTHORITY,IRISH AVIATION AUTHORITY,"IRISH AVIATION AUTHORITY, FLIGHT CHECK DEPARTMENT",IRELAND
LVB,-,SILVERBIRD,IRS AIRLINES,IRS AIRLINES,NIGERIA
KCE,-,KACEY,IRVING OIL,IRVING OIL TRANSPORT LTD,CANADA
ISF,-,-,ISAF,INTERNATIONAL STABILISATION ASSISTANCE FORCE,UNITED KINGDOM
MKU,-,MOKU,ISLAND AIR,"ISLAND AIR (HONOLULU, HI)",UNITED STATES OF AMERICA
IML,-,MAL AIR,ISLAND AIR,ISLAND AIR LIMITED,FIJI
ISI,-,ISLANDMEX,ISLAND AIR,"ISLAND AIR, S.A. DE C.V.",MEXICO
ILF,-,ISLAND FLIGHT,ISLAND AIR CHARTERS,"ISLAND AIR CHARTERS, INC. (FT. LAUDERDALE, FL)",UNITED STATES OF AMERICA
XYZ,-,RAINBIRD,ISLAND AIR EXPRESS,"ISLAND AIR EXPRESS (FRIDAY HARBOR, WA)",UNITED STATES OF AMERICA
ISA,-,ISLAND,ISLAND AIRLINES,"ISLAND AIRLINES, INC. (NANTUCKET, MA)",UNITED STATES OF AMERICA
DQA,-,SKY SURFER,ISLAND AVIATION,ISLAND AVIATION,MALDIVES
SOY,-,SORIANO,ISLAND AVIATION,"ISLAND AVIATION, INC.",PHILIPPINES
IAV,-,ISLAND FLYER,ISLAND AVIATION,ISLAND AVIATION LTD,UNITED KINGDOM
IOM,-,ISLE AVIA,ISLAND AVIATION,ISLAND AVIATION AND TRAVEL LTD,UNITED KINGDOM
IDC,-,ISLAND DEV,ISLAND DEVELOPMENT COMPANY,ISLAND DEVELOPMENT COMPANY LTD,SEYCHELLES
SDY,-,SANDY ISLE,ISLAND EXPRESS,"ISLAND EXPRESS (FT. LAUDERDALE, FL)",UNITED STATES OF AMERICA
EXP,-,ISLAND EXPRESS,ISLAND EXPRESS AIR,ISLAND EXPRESS AIR,UNITED STATES OF AMERICA
IOE,-,ISLAND OIL,ISLAND OIL EXPLORATION,ISLAND OIL EXPLORATION LIMITED,SAO TOME AND PRINCIPE
ITM,-,ISLAND TYME,ISLAND TYME,"TAB ASSOCIATES, INC. DBA ISLAND TYME",UNITED STATES OF AMERICA
ISH,-,ISLAND HOP,ISLAND WINGS,ISLAND WINGS INC,UNITED STATES OF AMERICA
IWL,-,ISLAND WINGS,ISLAND WINGS,ISLAND WINGS LIMITED,BAHAMAS
ISW,-,PINTADERA,ISLAS AIRWAYS,ISLAS AIRWAYS,SPAIN
IGS,-,ISLA GRANDE,ISLE GRANDE FLYING SCHOOL,"ISLE GRANDE FLYING SCHOOL (HATO REY, PR)",UNITED STATES OF AMERICA
ISV,-,-,ISLENA DE INVERSIONES,"ISLENA DE INVERSIONES, S.A.",HONDURAS
IAF,-,ISRAEL AIRFORCE,ISRAELI AIR-FORCE,ISRAELI AIR-FORCE,ISRAEL
ISR,6H,ISRAIR,ISRAIR AIRLINES,ISRAIR AIRLINES AND TOURISM LTD,ISRAEL
ITY,AZ,ITARROW,ITA AIRWAYS,ITALIA TRASPORTO AEREO S.P.A.,ITALY
ITL,-,ITALFLY,ITALFLY,ITALFLY S.R.L.,ITALY
IPM,-,AEROITA,ITAPEMIRIM TRANSPORTES AEREOS,ITAPEMIRIM TRANSPORTES AEREOS,BRAZIL
IKA,-,ITEK-AIR,ITEK AIR,ITEK AIR,RUSSIA
FDF,-,-,IVV FEMIDA,"IVV FEMIDA, LTD",RUSSIAN FEDERATION
IXR,-,X BIRD,IXAIR,IXAIR,FRANCE
IZA,-,IZHAVIA,IZHAVIA,IZHAVIA,RUSSIAN FEDERATION
IZM,-,IZMIR,IZMIR HAVAYOLLARI,IHY IZMIR HAVAYOLLARI A.S.,TURKEY
JYP,-,CORP-FLIGHT,J & P CORPORATE FLIGHTS,"J & P CORPORATE FLIGHTS, S.A. DE C.V.",MEXICO
JDA,-,JAY DEE,J D AVIATION,J D AVIATION,UNITED KINGDOM
HEG,-,-,J.J. GRADIN AVIACION,J.J. GRADIN AVIACION,SPAIN
LTD,-,LIGHTSPEED,JA AIR CHARTER,EXECUTIVE EXPRESS AVIATION D/B/A JA AIR CHARTER,UNITED STATES OF AMERICA
WNE,-,CRUSH,JACKSON FAMILY WINES,JACKSON FAMILY WINES,UNITED STATES OF AMERICA
JAE,-,JADE CARGO,JADE CARGO INTERNATIONAL,"JADE CARGO INTERNATIONAL CO., LTD",CHINA
JGL,-,-,JAGSON AIRLINES,JAGSON AIRLINES LIMITED,INDIA
JFE,-,JAMAICA CARGO,JAMAICA FAR EAST LIMITED,JAMAICA FAR EAST LIMITED,JAMAICA
JMA,JM,CHUI,JAMBOJET,JAMBOJET LIMITED,KENYA
JAX,-,JANAIR,JANAIR,"JANAIR, INC. (DALLAS, TX)",UNITED STATES OF AMERICA
JAN,-,JANES,JANES AVIATION LTD,JANES AVIATION LTD,UNITED KINGDOM
JAC,-,COMMUTER,JAPAN AIR COMMUTER,"JAPAN AIR COMMUTER CO., LTD.",JAPAN
JAL,JL,JAPANAIR,JAPAN AIRLINES,"JAPAN AIRLINES CO., LTD",JAPAN
JGA,-,-,JAPAN GENERAL AVIATION SERVICE,"JAPAN GENERAL AVIATION SERVICE CO., LTD.",JAPAN
JAW,-,JASMINE,JASMIN AIRWAYS,JASMIN AIRWAYS,TUNISIA
JWD,-,WIJAYA AIR,JAYAWIJAYA DIRGANTARA,"JAYAWIJAYA DIRGANTARA, PT.",INDONESIA
JZR,J9,JAZEERA,JAZEERA AIRWAYS,JAZEERA AIRWAYS,KUWAIT
JZA,QK,JAZZ,JAZZ,JAZZ AVIATION LP,CANADA
JCB,-,JAYSEEBEE,JCB,J C BAMFORD (EXCAVATORS) LTD.,UNITED KINGDOM
JJA,7C,JEJU AIR,JEJU AIR,"JEJU AIR CO., LTD.",REPUBLIC OF KOREA
JEM,-,JEMAX,JEMAX AVIATION,JEMAX AVIATION (PTY) LTD.,SOUTH AFRICA
JEN,-,JENIS,JENIS AIR,JENIS AIR LLC,KAZAKHSTAN
XLD,-,-,JEPPESEN,"JEPPESEN DATA PLAN, INC. (SAN FRANCISCO, CA)",UNITED STATES OF AMERICA
CHF,-,CHAO FEI,JEPPESEN INTERNATIONAL FLIGHT COLLEGE,"TIANJIN JEPPESEN INTERNATIONAL FLIGHT COLLEGE CO., LTD",CHINA
JPN,-,JETPLAN,JEPPESEN UK,JEPPESEN UK LTD,UNITED KINGDOM
EXS,LS,CHANNEX,JET 2,JET2.COM LTD,UNITED KINGDOM
JEA,-,JETA,JET AIR,JET AIR LTD,POLAND
JSI,-,SISTEMA,JET AIR GROUP,"JET AIR GROUP, JOINT STOCK COMPANY",RUSSIAN FEDERATION
SOZ,-,SATCO,JET AIRLINES,JET AIRLINES,KAZAKHSTAN
JAI,-,JET AIRWAYS,JET AIRWAYS,"JET AIRWAYS, M/S (INDIA) PVT LTD",INDIA
JAA,-,JET ASIA,JET ASIA AIRWAYS,"JET ASIA AIRWAYS CO., LTD",THAILAND
JBD,-,MAGENTA JET,JET AVIATION,JET AVIATION GERMANY,GERMANY
PJS,-,JETAVIATION,JET AVIATION,"JET AVIATION, BUSINESS JETS AG",SWITZERLAND
JBD,-,MAGENTA JET,JET AVIATION DEUTSCHLAND,JET AVIATION BUSINESS JETS DEUTSCHLAND GMBH,GERMANY
JAS,-,JET SETTER,JET AVIATION FLIGHT SERVICES,"JET AVIATION FLIGHT SERVICES, INC. (TETERBORO, NJ)",UNITED STATES OF AMERICA
JML,-,MALTA JET,JET AVIATION FLIGHT SERVICES,JET AVIATION FLIGHT SERVICES (MALTA) LTD.,MALTA
JTB,-,-,JET BUDGET,JET BUDGET,NETHERLANDS
JCT,-,JET CHARTER,JET CHARTER,"JET CHARTER, INC. (FRANKLIN LAKES, NJ)",UNITED STATES OF AMERICA
QNZ,-,QANTAS JET CONNECT,JET CONNECT,JET CONNECT LTD,NEW ZEALAND
EDG,-,JET EDGE,JET EDGE,"WESTERN AIR CHARTER, INC. D/B/A JET EDGE (SCOTTSDALE, AZ)",UNITED STATES OF AMERICA
CEO,-,JETSET,JET EKSEKUTIF TRAVYA,JET EKSEKUTIF TRAVYA,INDONESIA
XCH,-,EXCHANGE,JET EXCHANGE,JET EXCHANGE,UNITED KINGDOM
JEI,-,JET EXECUTIVE,JET EXECUTIVE INTERNATIONAL,"JET EXECUTIVE INTERNATIONAL CHARTER GMBH & CO. KG,",GERMANY
CFT,-,CASPER FREIGHT,JET FREIGHTERS,"JET FREIGHTERS, INC. (PORTLAND, ME)",UNITED STATES OF AMERICA
JIT,-,JET IT,JET IT,JET IT,UNITED STATES OF AMERICA
JLS,-,-,JET LINE,JET LINE STP,SAO TOME AND PRINCIPE
JTL,-,JET LINX,JET LINX AVIATION,"JET LINX AVIATION, LLC (OMAHA, NE)",UNITED STATES OF AMERICA
JLG,-,LOGISTICS,JET LOGISTICS,"JET LOGISTICS, INC. (RALEIGH, NC)",UNITED STATES OF AMERICA
JMG,-,TRE TORRE,JET MANAGEMENT SAN MARINO,JET MANAGEMENT SAN MARINO S.R.L.,SAN MARINO
CRE,-,CREAM CITY,JET OUT,"JET OUT, LLC",UNITED STATES OF AMERICA
JPV,-,JETPOOL,JET POOL,JET POOL NETWORK LUFTVERKEHRS GMBH,AUSTRIA
JPK,-,-,JET PORT REGION,JET PORT REGION LLC,RUSSIAN FEDERATION
ILE,-,-,JET PORT SOUTH,"JET PORT SOUTH, LLC",RUSSIAN FEDERATION
JCA,-,SPARTAN,JET POWER ARUBA,JET POWER ARUBA CHARTERS & TRANSPORTATION COMPANY V.B.A.,NETHERLANDS
JRY,-,JET READY,JET READY,JET READY,SPAIN
FJX,-,-,JET SKY CARGO,JET SKY CARGO AND AIR CHARTER LIMITED,KENYA
JDI,-,JEDI,JET STORY,JET STORY SP. Z.O.O.,POLAND
JSS,-,-,JET STREAM INTERNATIONAL,JET STREAM INTERNATIONAL,PAKISTAN
JNS,-,AFRICAN QUEEN,JET SUPPORT SERVICES,JET SUPPORT SERVICES LIMITED,NIGERIA
PXJ,-,PHOENIX JET,JET TEAM,"JET TEAM, INC. (GILBERT, AZ)",UNITED STATES OF AMERICA
JTN,-,JET TEST,JET TEST,JET TEST INTL.,UNITED STATES OF AMERICA
JVW,-,JETVIEW,JET VIEW,JETVIEW GMBH,AUSTRIA
JTT,-,MOSCOW JET,JET-1999,JET-2000,RUSSIAN FEDERATION
JRO,-,-,JETAEROFUELS,"JETAEROFUELS, LLC",RUSSIAN FEDERATION
JAG,-,JETALLIANCE,JETALLIANCE FLUGBETRIEB,JETALLIANCE FLUGBETRIEB AG,AUSTRIA
JBC,-,JETBEE,JETBEE CZECH,JETBEE CZECH S.R.O.,CZECHIA
JBU,B6,JETBLUE,JETBLUE,"JETBLUE AIRWAYS CORPORATION (NEW YORK, NY)",UNITED STATES OF AMERICA
JCL,-,JETCALL,JETCALL,JETCALL GMBH & CO. KG,GERMANY
ILM,-,BIRDMAN,JETCAPITAL AVIATION,"JETCAPITAL AVIATION, S.A.",PORTUGAL
...,-,JETCARE,JET-CARE,JET-CARE INTERNATIONAL LTD,UNITED KINGDOM
JLN,-,JET LINE,JETCLUB MALTA,JETCLUB MALTA LIMITED,MALTA
UEJ,-,JETCORP,JETCORP,"UNITED EXECUTIVE JET, INC. D/B/A JETCORP (CHESTERFIELD, MO)",UNITED STATES OF AMERICA
JTE,-,JETEX,JETEX,NATIONAL JET EXPRESS T/A JETEX,AUSTRALIA
JFS,-,SERVIJET,JETFLIGHT SERVICES,"JETFLIGHT SERVICES, S.A. DE C.V.",MEXICO
JEF,-,JETFLITE,JETFLITE,"JETFLITE OY, FINLAND",FINLAND
JFL,-,BLUE DANUBE,JETFLY AIRLINE,JETFLY AIRLINE GMBH,AUSTRIA
JFA,-,MOSQUITO,JETFLY AVIATION,JETFLY AVIATION S.A.,LUXEMBOURG
JGO,-,JETGO,JETGO,JETGO AUSTRALIA HOLDINGS PTY LTD.,AUSTRALIA
JTH,-,HOUSE,JETHOUSE,JETHOUSE LTD,MALTA
JTC,-,JETICA,JETICA,JETICA,RUSSIAN FEDERATION
KBD,-,JET KEY,JETKEY,JETKEY,FRANCE
JKH,-,JETKONTOR,JETKONTOR,JETKONTOR AG,GERMANY
JLX,-,KEN JET,JETLINK EXPRESS,JETLINK EXPRESS LIMITED,KENYA
JLL,-,LITE JET,JETLITE,JETLITE (INDIA) LTD,INDIA
JMK,-,JET MAGIC,JETMAGIC,JETMAGIC LTD,MALTA
JNL,-,JETNETHERLANDS,JETNETHERLANDS,JETNETHERLANDS,NETHERLANDS
JNX,-,NEXA,JETNEXA,FLY DREAMS LLC DBA JETNEXA,UNITED STATES OF AMERICA
JNV,-,JETNOVA,JETNOVA,"JETNOVA DE AVIACION EJECUTIVA, S.A.",SPAIN
JTY,-,JETOLOGY,JETOLOGY,JETOLOGY,AUSTRIA
OPS,-,OPS-JET,JET-OPS,JET-OPS,UNITED ARAB EMIRATES
JOE,-,JET-EUROPE,JET-OPS EUROPE,JET-OPS EUROPE LTD,BULGARIA
JPH,-,-,JETPORT,"JETPORT SPB, LLC",RUSSIAN FEDERATION
JPO,-,JETPRO,JETPRO,"JETPRO, S.A. DE C.V.",MEXICO
JRT,-,JETRIGHT,JETRIGHT AIR MANAGEMENT,"JETRIGHT AIR MANAGEMENT, LLC",UNITED STATES OF AMERICA
JEP,-,JET PERSONALES,JETS PERSONALES,JETS PERSONALES S.A.,SPAIN
OHC,-,OHIO-CHARTER,JET-SELECT,"JET-SELECT (COLUMBUS, OH)",UNITED STATES OF AMERICA
JAT,-,ROCKSMART,JETSMART,JETSMART SPA,CHILE
JAP,-,RED SMART,JETSMART AIRLINES,JETSMART AIRLINES PERU SAC,PERU
JEC,-,JETROCK,JETSMART AIRLINES,JETSMART AIRLINES SAS,COLOMBIA
JES,-,SMARTBIRD,JETSMART AIRLINES,JETSMART AIRLINES S.A.,ARGENTINA
JPL,-,SEQUOIA,JETSPLUS,JETSPLUS,UNITED STATES OF AMERICA
JPM,-,PREMIER JETS,JETSPREMIER,JETSPREMIER S.A. DE C.V.,MEXICO
JST,JQ,JETSTAR,JETSTAR,JETSTAR AIRWAYS PTY. LTD,AUSTRALIA
JSA,3K,JETSTAR ASIA,JETSTAR ASIA,JETSTAR ASIA AIRWAYS PTE LTD,SINGAPORE
JKT,-,KAITAK,JETSTAR HONG KONG,JETSTAR HONG KONG AIRWAYS LIMITED,CHINA
JJP,-,ORANGE LINER,JETSTAR JAPAN,"JETSTAR JAPAN CO., LTD",JAPAN
JSH,-,STREAM AIR,JET-STREAM,JET-STREAM LTD,HUNGARY
JSC,-,CONGO RIVER,JETSTREAM AVIATION,JETSTREAM AVIATION CONGO,CONGO
JSP,-,SPOOLER,JETSTREAM AVIATION,"JETSTREAM AVIATION INC (BOISE, ID)",UNITED STATES OF AMERICA
JXT,-,VANNIN,JETSTREAM EXECUTIVE TRAVEL,JETSTREAM EXECUTIVE TRAVEL LTD,UNITED KINGDOM
RSP,-,RED STRIPE,JETSUITE AIR,"SUPERIOR AIR CHARTER DBA JETSUITE AIR (MEDFORD, OR)",UNITED STATES OF AMERICA
JTD,-,JET TIME,JETTIME,JETTIME AS,DENMARK
JWX,-,JETWAYS,JETWAYS AIRLINES,JETWAYS AIRLINES,KENYA
FKW,-,FIKES,JF AIR TRAFFIC,"JF AIR TRAFFIC, INC.",UNITED STATES OF AMERICA
JLB,-,JHONLIN,JHONLIN AIR TRANSPORT,"JHONLIN AIR TRANSPORT, PT.",INDONESIA
JCI,-,-,JIAC,JORDAN INTERNATIONAL AIR CARGO COMPANY (JIAC),JORDAN
JSU,-,SU JET,JIANGSU JET,JIANGSU JET CO. LTD.,CHINA
JDL,-,JINGDONG,JIANGSU JINGDONG CARGO AIRLINES,JIANGSU JINGDONG CARGO AIRLINES,CHINA
CJX,-,AIR CRANE,JIANGXI AIR COMPANY,JIANGXI AIR COMPANY LIMITED,CHINA
KXA,-,FINDER AIR,JIANGXI EXPRESS,JIANGXI EXPRESS COMMUTER AVIATION CO. LTD.,CHINA
JSW,-,JIGSAW,JIGSAW PROJECT,JIGSAW PROJECT (BRISTOW HELICOPTERS LTD),UNITED KINGDOM
FUH,-,GALLANT,JILIN FIRST INTERNATIONAL AVIATION ACADEMY,"JILIN FIRST INTERNATIONAL AVIATION ACADEMY CO., LTD",CHINA
HKN,-,HANKINS,JIM HANKINS AIR SERVICE,"JIM HANKINS AIR SERVICE, INC. (JACKSON, MS)",UNITED STATES OF AMERICA
JNA,LJ,JIN AIR,JIN AIR,"JIN AIR CO., LTD",REPUBLIC OF KOREA
JGJ,-,GLOBAL JINGGONG,JINGGONG GLOBALJET,"JINGGONG GLOBALJET (ZHEJIANG) JET CO., LTD",CHINA
JHK,-,SHENGLI,JINSHENG GENERAL AVIATION,"XI AN AVIATION BASE JINSHENG GENERAL AVIATION CO., LTD",CHINA
JXX,-,COCONUT,JINXIANG AIRLINES,JINXIANG AIRLINES,CHINA
QJT,-,JIU TIAN,JIUTIAN INTERNATIONAL FLIGHT ACADEMY,QINGDAO JIUTIAN INTERNATIONAL FLIGHT ACADEMY,CHINA
JIV,-,JIV AIR,JIVAIR,JIVAIR AB,SWEDEN
JVE,-,HURON,JIVE AVIATION,JIVE AVIATION LP,CANADA
TKM,-,TACOMA,JM FAMILY AVIATION,"JM FAMILY AVIATION (FT. LAUDERDALE, FL)",UNITED STATES OF AMERICA
JMC,-,JAYEMMSEE,JMC AIRLINES,JMC AIRLINES LIMITED,UNITED KINGDOM
JHN,-,AIR JOHNSON,JOHNSON AIR,"JOHNSON AIR, INC. (BATAVIA, NY)",UNITED STATES OF AMERICA
JNJ,-,JOIN JET,JOIN JET,JOINJET A/S,DENMARK
JMM,-,JOICOMAIR,JOINT MILITARY COMMISSION,JOINT MILITARY COMMISSION (JMC) NUBA MOUNTAINS - SUDAN,SUDAN
JSV,-,-,JOMO AIR SERVICE,"JOMO AIR SERVICE CO., LTD",JAPAN
JNK,-,JONIKA,JONIKA,AIRCOMPANY 'JONIKA' LLC,UKRAINE
JON,-,JOON,JOON,JOON,FRANCE
JAV,R5,JORDAN AVIATION,JORDAN AVIATION,JORDANIAN ENTERPRISE FOR AIR NAVIGATION AND AVIATION SERVICES (JATE) - JORDAN AVIATION,JORDAN
RJZ,-,JORDAN AIR FORCE,JORDANIAN AIR FORCE,ROYAL JORDANIAN AIR FORCE,JORDAN
ENZ,-,ENZO,JOTA AVIATION,JOTA AVIATION LTD,UNITED KINGDOM
JNY,-,ROCK BAND,JOURNEY AVIATION,"JOURNEY AVIATION, LLC",UNITED STATES OF AMERICA
JOY,-,JOY AIR,JOY AIR,"JOY AIR CO., LTD",CHINA
DOJ,-,JUSTICE,JPATS,"UNITED STATES DEPARTMENT OF JUSTICE PRISONER AND ALIEN TRANSPORTATION SERVICE (JPATS) (EL PASO, TX)",UNITED STATES OF AMERICA
-,1R,-,JR TECHNOLOGIES,JR TECHNOLOGIES IRELAND,IRELAND
JSJ,-,JS CHARTER,JS AIR,JS AIR (PRIVATE) LIMITED,PAKISTAN
JSX,-,BIGSTRIPE,JSX AIR,DELUX PUBLIC CHARTER LLC,UNITED STATES OF AMERICA
JTA,NU,JAI OCEAN,JTA,"JAPAN TRANSOCEAN AIR CO., LTD.",JAPAN
JUR,-,JUNKERS,JU-AIR,JU-AIR,SWITZERLAND
JUC,-,JUBA CARGO,JUBA CARGO SERVICES,JUBA CARGO SERVICES & AVIATION CO. LTD,SUDAN
JUB,-,JUBBA,JUBBA AIRWAYS,JUBBA AIRWAYS,SOMALIA
JBW,-,AIRJUB,JUBBA AIRWAYS (K),JUBBA AIRWAYS (K) LIMITED,KENYA
DKE,-,DUKE,JUBILEE AIRWAYS,JUBILEE AIRWAYS LTD,UNITED KINGDOM
JUM,-,-,JUMP AVIATION,"JUMP AVIATION, S.L.",SPAIN
DKH,HO,AIR JUNEYAO,JUNEYAO AIR,"JUNEYAO AIRLINES CO., LTD",CHINA
JSY,-,JUNG SKY,JUNG SKY,JUNG SKY,CROATIA
JKN,-,JUNKANOO AIR,JUNKANOO AIR,KSA CHARTERS LTD DBA JUNKANOO AIR,BAHAMAS
JUA,-,JUPITER GAMBIA,JUPITER AIRLINES,JUPITER AIRLINES LIMITED,GAMBIA
JPJ,-,JUPITERJET,JUPITER JET,AIRCOMPANY JUPITER JET LLP,KAZAKHSTAN
JKR,-,JOKER,JUSTICE AIR,JUSTICE AIR INC.,UNITED STATES OF AMERICA
OPN,-,OPEN AIR,K & R AVIATION,"K & R AVIATION (ROCKVILLE, MD)",UNITED STATES OF AMERICA
KSA,-,SKY CAMEL,K.S. AVIA,K.S. AVIA,LATVIA
KTA,-,CITY LINK,K2 AIRWAYS,K2 AIRWAYS,PAKISTAN
KVT,-,ALL AFRICA,K5 AVIATION,K5 TRANSPORT LOGISTICS (PTY) LTD T/A K5 AVIATION,SOUTH AFRICA
KAY,-,KAYAK,K5-AVIATION,"K5-AVIATION GMBH, GAMMELSDORF",GERMANY
QNK,-,KABO,KABO AIR TRAVELS,KABO AIR TRAVELS,NIGERIA
KBL,-,KABUL AIR,KABUL AIR,KABUL AIR,AFGHANISTAN
KAI,-,KAISER,KAISER AIR,"KAISER AIR, INC. (OAKLAND, CA)",UNITED STATES OF AMERICA
KFS,-,KALITTA,KALITTA,"KALITTA FLYING SERVICE, INC. (MORRISTOWN, TN)",UNITED STATES OF AMERICA
CKS,K4,CONNIE,KALITTA AIR,"KALITTA AIR, LLC (YPSILANTI, MI)",UNITED STATES OF AMERICA
KII,-,DRAGSTER,KALITTA CHARTERS,KALITTA CHARTERS II LLC,UNITED STATES OF AMERICA
KMF,RQ,KAMGAR,KAM AIR,KAM AIR,AFGHANISTAN
KMK,-,KAMAKA,KAMAKA AIR,"KAMAKA AIR, INC.",UNITED STATES OF AMERICA
KAE,-,KANGALA,KANGALA AIR EXPRESS,KANGALA AIR EXPRESS,BURKINA FASO
KND,-,KANNITHI AIR,KANNITHI AVIATION,"KANNITHI AVIATION CO., LTD",THAILAND
KAN,-,KANSAS,KANSAS HIGHWAY PATROL,"KANSAS HIGHWAY PATROL (TOPEKA, KS)",UNITED STATES OF AMERICA
KSU,-,K-STATE,KANSAS STATE UNIVERSITY,"KANSAS STATE UNIVERSITY (MANHATTAN, KS)",UNITED STATES OF AMERICA
KJE,-,KAPAJET,KAPAJET,KAPAJET,GREECE
KPT,-,BALADO,KAPITAL AVIATION,KAPITAL AVIATION,UNITED KINGDOM
KRN,-,-,KARINOU AIRLINES,KARINOU AIRLINES,CENTRAL AFRICAN REPUBLIC
KAJ,-,KARTHAGO,KARTHAGO AIRLINES,KARTHAGO AIRLINES,TUNISIA
KPJ,-,-,KARTHAGO PRIVATE JET,KARTHAGO PRIVATE JET,TUNISIA
KRU,-,KARUN,KARUN AIRLINES,KARUN AIRLINES,IRAN
KTV,-,KATAVIA,KATA TRANSPORTATION,KATA TRANSPORTATION CO. LTD,SUDAN
KUA,-,TRANSPORTES KAUA,KAUA TRANSPORTES AEREOS,"KAUA TRANSPORTES AEREOS, S.A. DE C.V.",MEXICO
KVA,-,CATATUMBO,KAVOK AIRLINES,"KAVOK AIRLINES, C.A.",VENEZUELA
XKA,-,-,KAVOURAS,"KAVOURAS, INC. (MINNEAPOLIS, MN)",UNITED STATES OF AMERICA
KYY,-,KAMOZ,KAYA AIRLINES,KAYA AIRLINES,MOZAMBIQUE
KEJ,-,KAZAIRJET,KAZ AIR JET,KAZ AIR JET JSC,KAZAKHSTAN
KUY,-,KAIGA,KAZ AIR TRANS,KAZ AIR TRANS JSC,KAZAKHSTAN
KCH,-,CAM AIR,KC INTERNATIONAL AIRLINES,"KC INTERNATIONAL AIRLINES CO., LTD",CAMBODIA
KDC,-,KAY DEE,KD AIR CORPORATION,KD AIR CORPORATION,CANADA
KEW,-,BLIZZARD,KEEWATIN AIR,KEEWATIN AIR,CANADA
KLX,-,KELIX,KELIX AIR,KELIX AIR,NIGERIA
KNY,-,KENLEY,KENLEY (RAF),KENLEY (RAF),UNITED KINGDOM
KEN,-,KENMORE,KENMORE AIR HARBOR,"KENMORE AIR HARBOR, INC. (KENMORE, WA)",UNITED STATES OF AMERICA
HAE,-,HOLLAND AIR,KENMORE CREW LEASING,"KENMORE CREW LEASING, INC. (KEMMORE, WA)",UNITED STATES OF AMERICA
KBA,-,BOREK AIR,KENN BOREK AIR,KENN BOREK AIR LTD.,CANADA
KSF,-,KENT,KENT STATE UNIVERSITY,KENT STATE UNIVERSITY,UNITED STATES OF AMERICA
KQA,KQ,KENYA,KENYA AIRWAYS,KENYA AIRWAYS LTD.,KENYA
KER,-,KERMAS,KERMAS AVIATION,KERMAS AVIATION,MALTA
KEY,-,KEY AIR,KEY AIR,"KEY AIR, LLC (OXFORD, CT)",UNITED STATES OF AMERICA
LYM,-,KEY LIME,KEY LIME AIR,"KEY LIME AIR (ENGLEWOOD, CO)",UNITED STATES OF AMERICA
...,-,FLYPAST,KEY PUBLISHING,KEY PUBLISHING (HOLDINGS) LTD,UNITED KINGDOM
FTP,-,FOOTPRINT,KEYSTONE AERIAL SURVEYS,"KEYSTONE AERIAL SURVEYS, INC. (PHILADELPHIA, PA)",UNITED STATES OF AMERICA
KFA,-,FLIGHTCRAFT,KF CARGO,KELOWNA FLIGHTCRAFT AIR CHARTER LTD.,CANADA
CMO,-,CAMELOT,KGFM TRANSPORT,KGFM TRANSPORT AND LOGISTICS (PTY) LTD,SOUTH AFRICA
KHN,-,+,KHAAN AIRLINES,"KHAAN AIRLINES CO., LTD",MONGOLIA
KHF,-,KHABAROVSK,KHABAROVSK AIRLINES,REGIONAL STATE UNITARY ENTERPRISE KHABAROVSK AIRLINES,RUSSIAN FEDERATION
KZW,-,KHALIFA AIR,KHALIFA AIRWAYS,KHALIFA AIRWAYS,ALGERIA
KHK,-,SUNRAY,KHARKIV AIRLINES,KHARKIV AIRLINES,UKRAINE
KHT,-,KHATLON,KHATLON AIR,KHATLON AIR,TAJIKISTAN
KHR,-,KHAZAR,KHAZAR,KHAZAR,TURKMENISTAN
KHO,-,AIRCOMPANY KHORS,KHORS AIR,KHORS AIRCOMPANY,UKRAINE
KHP,-,PHOTROS AIR,KHOZESTAN PHOTROS AIR LINES,KHOZESTAN PHOTROS AIR LINES,IRAN
KHY,-,KHYBER,KHYBER AFGHAN AIRLINES,KHYBER AFGHAN AIRLINES,AFGHANISTAN
RXX,-,+,KING AIR CHARTER,KING AIR CHARTER,SOUTH AFRICA
KIC,-,KING COBRA,KING COBRA HELI-TAXI,"KING COBRA HELI-TAXI, S.A. DE C.V.",MEXICO
BTP,-,BAHRIA TOWN,KINGCRETE ASSOCIATES,KINGCRETE ASSOCIATES,PAKISTAN
BEZ,-,SEA BREEZE,KINGFISHER AIR SERVICES,"KINGFISHER AIR SERVICES (SAN JUAN, PR)",UNITED STATES OF AMERICA
KFR,-,KINGFISHER,KINGFISHER AIRLINES,KINGFISHER AIRLINES LIMITED,INDIA
KJT,-,SHANGHAI KINGJET,KINGJET GENERAL AVIATION,"SHANGHAI KINGJET GENERAL AVIATION CO., LTD",CHINA
...,-,KINGMOOR,KINGMOOR AVIATION,KINGMOOR AVIATION LTD,UNITED KINGDOM
KIN,-,KINLOSS,KINLOSS FTU,KINLOSS FTU,UNITED KINGDOM
KIP,-,KINNARPS,KINNARPS,KINNARPS,SWEDEN
KRT,-,KIRKNEWTON,KIRKNEWTON (RAF),KIRKNEWTON (RAF),UNITED KINGDOM
KIS,-,KISH AIR,KISH AIR,KISH AIR,IRAN
KHA,-,AIR KITTYHAWK,KITTY HAWK AIRCARGO,"KITTY HAWK AIRCARGO, INC. (DALLAS-FT. WORTH, TX)",UNITED STATES OF AMERICA
KLJ,-,CLASS LINE,KLASJET,JSC KLASJET,LITHUANIA
KLM,KL,KLM,KLM,KLM ROYAL DUTCH AIRLINES,NETHERLANDS
KLC,WA,CITY,KLM CITYHOPPER,KLM CITYHOPPER BV,NETHERLANDS
KMM,-,SKY KNIGHT,KM MALTA AIRLINES,KM MALTA AIRLINES PLC.,MALTA
KMI,-,KAY-MILE AIR,K-MILE AIR,"K-MILE AIR CO., LTD",THAILAND
SHW,-,SHADOW,KN HELICOPTERS,KN HELICOPTERS A/S,DENMARK
KGT,-,KNIGHT-LINER,KNIGHTS AIRLINES,KNIGHTS AIRLINES LTD,NIGERIA
KOA,-,KOANDA,KOANDA AVIACION,"KOANDA AVIACION, S.L.",SPAIN
OYE,-,KODA AIR,KODA INTERNATIONAL,KODA INTERNATIONAL LTD,NIGERIA
KGL,-,KOGALYM,KOGALYMAVIA,AIRCOMPANY KOGALYMAVIA LTD,RUSSIAN FEDERATION
KCR,-,KOLOB,KOLOB CANYON AIR SERVICES,"KOLOB CANYON AIR SERVICES (CEDAR CITY, UT)",UNITED STATES OF AMERICA
KMA,-,KOMI AVIA,KOMIAVIATRANS,"KOMIAVIATRANS, OPEN JOINT STOCK COMPANY",RUSSIAN FEDERATION
NAF,-,NETHERLANDS AIR FORCE,KONINKLIJKE LUCHTMACHT,ROYAL NETHERLANDS AIR FORCE (KONINKLIJKE LUCHTMACHT),NETHERLANDS
NRN,-,NETHERLANDS NAVY,KONINKLIJKE MARINE,ROYAL NETHERLANDS NAVY (KONINKLIJKE MARINE),NETHERLANDS
KBR,-,KORAL BLUE,KORALBLUE AIRLINES,KORALBLUE AIRLINES,EGYPT
HGD,-,HANGDAE,KOREA AEROSPACE UNIVERSITY,KOREA AEROSPACE UNIVERSITY,REPUBLIC OF KOREA
KVN,-,KOREA AVIATION,KOREA AVIATION,KOREA AVIATION CO. LTD,REPUBLIC OF KOREA
KAG,-,AVIATION COLLEGE,KOREA AVIATION COLLEGE,KOREA AVIATION COLLEGE,REPUBLIC OF KOREA
KEA,-,KOREA EXPRESS,KOREA EXPRESS AIRLINES,KOREA EXPRESS AIRLINES,REPUBLIC OF KOREA
KTU,-,TRANSPORT UNI,KOREA NATIONAL UNIVERSITY OF TRANSPORT,KOREA NATIONAL UNIVERSITY OF TRANSPORT,REPUBLIC OF KOREA
KAL,KE,KOREANAIR,KOREAN AIR,"KOREAN AIR LINES CO., LTD.",REPUBLIC OF KOREA
KSM,-,KOSMOS,KOSMOS,KOSMOS,RUSSIAN FEDERATION
KMW,-,KOSTROMA,KOSTROMA AIRENTERPRISE,KOSTROMA AIRENTERPRISE,RUSSIAN FEDERATION
WOK,-,WOKAIR,KOVAR AIR,KOVAR AIR,CZECHIA
SSJ,-,SIBERIAN SKY,KRASAVIA,"KRASAVIA, STATE ENTERPRISE OF KRASNOYARSK TERRITORY",RUSSIAN FEDERATION
KFC,-,KREMENCHUK,KREMENCHUK FLIGHT COLLEGE,KREMENCHUK FLIGHT COLLEGE,UKRAINE
KRO,-,KROONK,KROONK,"KROONK, AIR AGENCY LTD",UKRAINE
KUK,-,KUDLIK,KUDLIK AVIATION,KUDLIK AVIATION INC.,CANADA
KUD,-,AIR KUDOS,KUDOS AVIATION,KUDOS AVIATION,UNITED KINGDOM
KNA,KY,KUNMING AIR,KUNMING AIRLINES,"KUNMING AIRLINES CO., LTD",CHINA
KUR,-,KAY-AVIATION,KURA-KURA AVIATION,"KURA-KURA AVIATION, PT.",INDONESIA
KZA,-,-,KURZEMES AVIO,KURZEMES AVIO LTD,RUSSIAN FEDERATION
KUH,-,KUSH AVIATION,KUSH AVIATION,KUSH AVIATION CO. LTD,SUDAN
KBV,-,SWECOAST,KUSTBEVAKNINGEN,KUSTBEVAKNINGEN,SWEDEN
KAC,KU,KUWAITI,KUWAIT AIRWAYS,KUWAIT AIRWAYS CORPORATION,KUWAIT
WAN,-,WATANIYA,KUWAIT NATIONAL AIRWAYS,KUWAIT NATIONAL AIRWAYS,KUWAIT
KUG,-,KUWAITI GOV,KUWAITI GOV.,KUWAITI GOV.,KUWAIT
QVR,-,PEGASO,KVADRO AERO,KVADRO AERO LTD,KYRGYSTAN
KWN,-,KWENA,KWENA AIR,"KWENA AIR, SOUTH AFRICAN CHARTER",SOUTH AFRICA
KAF,-,AK SHOUMKAR,KYRGYZ AIR,KYRGYZ AIR,KYRGYSTAN
KGS,-,BERKUT,KYRGYZ AIRLINES PLUS,KAP.KG AIRCOMPANY LLC,KYRGYZSTAN
WCD,-,WHITE CLOUD,KYUNGWOON UNIVERSITY,KYUNGWOON UNIVERSITY,REPUBLIC OF KOREA
LAB,-,LAB,L A B FLYING SERVICE,"L A B FLYING SERVICE (HAINES, AK)",UNITED STATES OF AMERICA
LJY,-,ELJAY,L J AVIATION,"L.J. ASSOCIATES D/B/A L J AVIATION (LATROBE, PA)",UNITED STATES OF AMERICA
LRB,-,LADY RACINE,L R AIRLINES,L R AIRLINES LTD,CZECHIA
LTE,-,FUN JET,L T E INTERNATIONAL AIRWAYS,L T E INTERNATIONAL AIRWAYS S.A.,SPAIN
LCB,-,BUSRE,L.C. BUSRE SAC,L.C. BUSRE SAC,PERU
RTD,-,RIPTIDE,L-3 COMMUNICATIONS,L-3 COMMUNICATIONS FLIGHT INTERNATIONAL AVIATION LLC,UNITED STATES OF AMERICA
VLJ,-,VALJET,LA BAULE AVIATION,LA BAULE AVIATION,FRANCE
DJT,B0,DREAMJET,LA COMPAGNIE,DREAMJET SAS,FRANCE
...,-,LACOSTENA,LA COSTENA,"LA COSTENA, S.A.",NICARAGUA
WWP,-,WINGO PANAMA,LA NUEVA AEROLINEA,"LA NUEVA AEROLINEA, S.A.",PANAMA
SKQ,-,SKYLAB,LABCORP,"LABCORP, INC. (BURLINGTON, NC)",UNITED STATES OF AMERICA
LCN,-,CANEDO,LAC,LINEAS AEREAS CANEDO (LAC),BOLIVIA
LHK,-,LAHAK,LAHAK,LAHAK,ISRAEL
HCA,-,HAVASU,LAKE HAVASU AIR SERVICE,"LAKE HAVASU AIR SERVICE (LAKE HAVASU CITY, AZ)",UNITED STATES OF AMERICA
...,-,LAKESIDE,LAKESIDE,LAKESIDE NI LTD,UNITED KINGDOM
LAM,TM,MOZAMBIQUE,LAM MOZAMBIQUE AIRLINES,LAM - LINHAS AEREAS DE MOCAMBIQUE,MOZAMBIQUE
LMD,-,LAMIA,LAMIA,LAMIA,VENEZUELA
LAX,-,-,LAMINAR AIR,LAMINAR AIR S.L.,SPAIN
LMR,-,LAMAIR,LAMRA,LAMRA LTD,SUDAN
DSM,-,LAN AR,LAN ARGENTINA,LAN ARGENTINA S.A.,ARGENTINA
LNH,-,+,LANHSA,"LINEA AEREA NACIONAL DE HONDURAS, S.A. DE C.V. (LANHSA)",HONDURAS
MKR,-,AIR LANME,LANMEI AIRLINES,"LANMEI AIRLINES (CAMBODIA) CO., LTD",CAMBODIA
LZA,-,AEROLANZA,LANZA AIR,"LANZA AIR, S.L.",SPAIN
LAO,QV,LAO,LAO AIRLINES,LAO AIRLINES STATE ENTERPRISE,LAO
LLL,-,LAVIE,LAO SKYWAY,LAO SKYWAY,LAO
FNL,-,FINN FLIGHT,LAPIN TILAUSLENTO,LAPIN TILAUSLENTO OY,FINLAND
LRD,-,LAREDO AIR,LAREDO AIR,"LAREDO AIR (LAREDO, TX)",UNITED STATES OF AMERICA
TCR,-,TICOS,LAT COSTA RICA,LANEAS AEREAS TRANS COSTA RICA S.A.,COSTA RICA
TAM,JJ,TAM,LATAM BRASIL,TAM - LINHAS AEREAS S.A.,BRAZIL
LTG,M3,TAMCARGO,LATAM CARGO BRASIL,ABSA AEROLINHAS BRASILEIRAS S/A,BRAZIL
LCO,UC,LAN CARGO,LATAM CARGO CHILE,LAN CARGO S.A.,CHILE
LAE,L7,LANCO,LATAM CARGO COLOMBIA,LINEA AEREA CARGUERA DE COLOMBIA S.A.,COLOMBIA
LAN,LA,LAN CHILE,LATAM CHILE,LINEA AEREA NACIONAL DE CHILE (LAN),CHILE
ARE,4C,LAN COLOMBIA,LATAM COLOMBIA,AIRES S.A. (AEROVIAS DE INTEGRACION REGIONAL S.A.) D/B/A LAN COLOMBIA AIRLINES S.A. D/B/A LAN COLOMBIA AIRLINES,COLOMBIA
LNE,XL,AEROLANE,LATAM ECUADOR,LINEAS AEREAS NACIONALES DEL ECUADOR S.A.,ECUADOR
LXP,LU,LANEX,LATAM EXPRESS,TRANSPORTE AEREO S.A. (LAN EXPRESS),CHILE
LAP,PZ,PARAGUAYA,LATAM PARAGUAY,TRANSPORTES AEREOS DEL MERCOSUR S.A.,PARAGUAY
LPE,LP,LANPERU,LATAM PERU,LAN PERU S.A.,PERU
JMR,-,LAHWINGS,LATINAMERICANWINGS,LATINAMERICANWINGS S.A,CHILE
LAF,-,LATVIAN AIRFORCE,LATVIAN AIR FORCE,LATVIAN AIR FORCE,LATVIA
LDA,LW,BEAUFORT,LAUDA EUROPE,LAUDA EUROPE LTD.,MALTA
LDM,-,LAUDA MOTION,LAUDA MOTION,LAUDA MOTION GMBH,AUSTRIA
LAR,-,LAWRENCE,LAWRENCE AVIATION,"LAWRENCE AVIATION, INC. (LAWRENCE, KS)",UNITED STATES OF AMERICA
LAY,-,LAYANG,LAYANG-LAYANG AEROSPACE,LAYANG-LAYANG AEROSPACE SDN. BHD.,MALAYSIA
LSA,-,LEADER SERVICE,LEADER,LEADER S.R.L.,ITALY
LDG,-,EDGE,LEADING EDGE AVIATION,LEADING EDGE AVIATION LTD.,UNITED KINGDOM
HFL,-,LOADSTAR,LEAF,LEAF - LEASE & FLY LTD,MALTA
LSL,-,LEE AIR,LEAIR CHARTER SERVICES,LEAIR CHARTER SERVICES LTD,BAHAMAS
LPA,-,LEAP,LEAP,LEAP,SWEDEN
LZF,-,SKYLEASE,LEASE FLY,"LEASE FLY, S.A.",PORTUGAL
LPL,-,LEASE-A-PLANE,LEASE-A-PLANE,"LEASE-A-PLANE INTERNATIONAL (NORTHBROOK, IL)",UNITED STATES OF AMERICA
NGN,KK,YODA,LEAV,LEAV AVIATION GMBH,GERMANY
LAQ,-,LAT,LEBANESE AIR TRANSPORT,LEBANESE AIR TRANSPORT,LEBANON
LAT,-,LEBANESE AIR,LEBANESE AIR TRANSPORT (CHARTER),LEBANESE AIR TRANSPORT (CHARTER) CO. S.A.L.,LEBANON
LAD,-,LADCO-AIR,LEBANON AIRPORT DEVELOPMENT CORP.,"LEBANON AIRPORT DEVELOPMENT CORP. (WEST LEBANON, NH)",UNITED STATES OF AMERICA
LSY,-,LEBANON SKY,LEBANON SKY AVIATION,LEBANON SKY AVIATION,LEBANON
LEB,-,LEBAP,LEBAP,LEBAP,TURKMENISTAN
LCA,-,LECONTE,LECONTE AIRLINES,"LECONTE AIRLINES (WRANGELL, AK)",UNITED STATES OF AMERICA
LEE,-,JAVELIN,LEEMING FTU,LEEMING FTU,UNITED KINGDOM
UAQ,-,UNIFORM,LEEMING UAS,UAS/AEF LEEMING,UNITED KINGDOM
LGC,-,LEGACY AIR,LEGACY AIR,"LEGACY AIR CO., LTD",THAILAND
LGF,-,LEGACY FREIGHT,LEGACY AIRWAYS,"LEGACY AIRWAYS, LLC",UNITED STATES OF AMERICA
LON,-,MISR,LEGEND OF THE NILE AVIATION,LEGEND OF THE NILE AVIATION,EGYPT
DVY,-,DEVIL RAY,LEGENDS AIRWAYS,"LEGENDS AIRWAYS, LLC.",UNITED STATES OF AMERICA
...,-,LESTER,LEICESTER AERO CLUB,LEICESTER AERO CLUB LIMITED,UNITED KINGDOM
LIT,-,LEONE,LEISURE ONE FLY,LEISURE ONE FLY,ITALY
LEN,-,LENTINI,LENTINI AVIATION,"LENTINI AVIATION, INC. (PONTIAC, MI)",UNITED STATES OF AMERICA
LOR,-,LEO CHARTER,LEO-AIR,LEO-AIR CC,SOUTH AFRICA
LOA,-,LEOAIR TRAINER,LEOAIR HOLDINGS,LEOAIR HOLDINGS (PTY) LTD,SOUTH AFRICA
LEL,-,LEONAVIA,LEONESA DE AVIACION,LEONESA DE AVIACION S.L.,SPAIN
LST,-,LESORTEC,LESORTEC,"LESORTEC, S.A. DE C.V.",MEXICO
JKA,-,JACKET,LETOURNEAU UNIVERSITY,"LETOURNEAU UNIVERSITY, SCHOOL OF AERONAUTICAL SCIENCE (LONGVIEW, TX)",UNITED STATES OF AMERICA
FIZ,-,COCKTAIL,LET'S FLY,LET'S FLY HELICOPTER&JET,FRANCE
LLY,-,LETSY,LET'S FLY,LET'S FLY,SPAIN
LTF,-,LETS FLY,LET'S FLY,LET'S FLY S.R.O.,CZECHIA
LFG,-,LETS JETT,LET'S JETT,"LET'S JETT, INC",UNITED STATES OF AMERICA
LCS,-,LEUCHARS,LEUCHARS,LEUCHARS,UNITED KINGDOM
UAA,-,UNIFORM,LEUCHARS UAS,UAS/AEF LEUCHARS,UNITED KINGDOM
LVL,-,DALI,LEVEL,FLY LEVEL SL,SPAIN
LEX,-,LEXAIR,LEXAIR CORPORATE AVIATION,LEXAIR CORPORATE AVIATION,UNITED STATES OF AMERICA
LGI,-,ELL-GEE AIR,LG INTERNATIONAL CORPORATION,LG INTERNATIONAL CORPORATION,REPUBLIC OF KOREA
LNM,-,AIR RING,LIAONING MERIDIAN,"LIAONING MERIDIAN JET CO., LTD.",CHINA
LIA,LI,LIAT,LIAT,LIAT (1974) LTD.,ANTIGUA AND BARBUDA
LRT,-,LIBERTY JET,LIBERTY JET MANAGEMENT,"LIBERTY JET MANAGEMENT (RONKONKOMA, NY)",UNITED STATES OF AMERICA
LAA,-,LIBAIR,LIBYAN AIRLINES,LIBYAN AIRLINES,LIBYA
LBB,-,LIBYAN BLUE BIRD,LIBYAN BLUEBIRD,LIBYAN BLUEBIRD,LIBYA
LXX,-,LIBYANEXPRESS,LIBYAN EXPRESS,LIBYAN EXPRESS FOR AIR TRANSPORT,LIBYA
LWA,-,LIBYAN WINGS,LIBYAN WINGS,LIBYAN WINGS,LIBYA
LHB,-,FAMILY,LIEBHERR-AVIATION,LIEBHERR-AVIATION GMBH,GERMANY
LFE,-,LIFE AIR,LIFE AIR,LIFE AIR LINHAS AEREAS S.A.,BRAZIL
LLK,-,AIR LIFE,LIFE LINE AVIATION,LIFE LINE AVIATION LTD,GREECE
GDY,-,GUARDIAN,LIFEFLIGHT AUSTRALIA,LIFEFLIGHT AUSTRALIA PTY LTD,AUSTRALIA
MOK,-,-,LIGHT AIRCRAFT ASSOCIATION OF THE CZECH REPUBLIC,LIGHT AIRCRAFT ASSOCIATION OF THE CZECH REPUBLIC,CZECHIA
LME,-,LIMAIR EXPRESS,LIGNES MAURITANIENNES AIR EXPRESS,LIGNES MAURITANIENNES AIR EXPRESS,MAURITANIA
GCB,-,LINACONGO,LINACONGO,LIGNES NATIONALES AERIENNES - LINACONGO,CONGO
...,-,LINASER,LINASER,LINASER,ECUADOR
LER,-,LASER,LINEA AEREA DE SERVICIO EJECUTIVO REGIONAL,"LINEA AEREA DE SERVICIO EJECUTIVO REGIONAL, C.A.",VENEZUELA
LSE,-,+,LINEA DE AEROSERVICIOS,LINEA DE AEROSERVICIOS S.A.,CHILE
HPN,-,HARPOON,LINEAR AIR,"LINEAR AIR (BEDFORD, MA)",UNITED STATES OF AMERICA
CLA,-,ATLANTIC,LINEAS AEREAS CCS AIR,LINEAS AEREAS CCS AIR,VENEZUELA
LCM,-,LINEAS COMERCIALES,LINEAS AEREAS COMERCIALES,"LINEAS AEREAS COMERCIALES, S.A. DE C.V.",MEXICO
LDS,-,LINSUR,LINEAS AEREAS DEL SUR,LINEAS AEREAS DEL SUR S.A.,ARGENTINA
EDD,-,LINEAS DURANGO,LINEAS AEREAS EJECUTIVAS DE DURANGO,"LINEAS AEREAS EJECUTIVAS DE DURANGO, S.A. DE C.V.",MEXICO
LAU,-,SURAMERICANO,LINEAS AEREAS SURAMERICANAS,LINEAS AEREAS SURAMERICANAS LTDA.,COLOMBIA
LEC,-,LECA,LINEX,LINEX,CENTRAL AFRICAN REPUBLIC
SMS,-,SANTOMENSES,LINHAS AEREAS SANTOMENSES,LINHAS AEREAS SANTOMENSES,SAO TOME AND PRINCIPE
LCT,-,CONEXION LINK,LINK CONEXION AEREA,"LINK CONEXION AEREA, S.A. DE C.V.",MEXICO
LFK,-,+,LINKOPINGS FLYGKLUBB,LINKOPINGS FLYGKLUBB,SWEDEN
LNQ,-,FASTLINK,LINKSAIR,LINKSAIR LTD,UNITED KINGDOM
LOP,-,LINTON,LINTON-ON-OUSE FTU,LINTON-ON-OUSE FTU,UNITED KINGDOM
LIX,-,RAPIDLINX,LINXAIR,LINXAIR D.O.O.,SLOVENIA
LNI,JT,LION INTER,LION AIR,"LION MENTARI AIRLINES, PT.",INDONESIA
LIO,-,LIONEL,LIONEL AIR,LIONEL AIR S.A.C.,PERU
LEU,-,LIONSAIR,LIONS AIR,LIONS AIR SKYMEDIA AG DBA LIONS AIR,SWITZERLAND
LIP,-,LIPIZAN,LIPICAN AER,LIPICAN AER D.O.O.,SLOVENIA
LYF,-,LITHUANIAN AIR FORCE,LITHUANIAN AIR FORCE,LITHUANIAN AIR FORCE SAFETY DEPARTMENT,LITHUANIA
RIN,-,RISSINGTON,LITTLE RISSINGTON (RAF),LITTLE RISSINGTON (RAF),UNITED KINGDOM
BOG,-,BIRD DOG,LIVE OAK BANKING COMPANY,LIVE OAK BANKING COMPANY,UNITED STATES OF AMERICA
LAZ,L0,LIZAIR,LIZ AVIATION,LIZ AVIATION SA,BURKINO FASO
LIZ,-,LIZLINES,LIZ AVIATION,LIZ AVIATION SA,TOGO
LLB,-,LLOYDAEREO,LLOYD AEREO,"LLOYD AEREO BOLIVIANO, S.A.",BOLIVIA
LLD,-,AVIA LLOYD,LLOYD AVIATION,"LLOYD AVIATION, C.A.",VENEZUELA
LNA,-,ELNAIR,LNAIR AIR SERVICES,LNAIR AIR SERVICES S.L.,SPAIN
LBA,-,LOBAYE,LOBAYE AIRWAYS,LOBAYE AIRWAYS,CENTRAL AFRICAN REPUBLIC
LOC,-,LOCAIR,LOCAIR,"LOCAIR, INC. (FORT LAUDERDALE, FL)",UNITED STATES OF AMERICA
XLG,-,-,LOCKHEED AIR TERMINAL,"LOCKHEED AIR TERMINAL, INC. (TAMUNING, GU)",UNITED STATES OF AMERICA
LAC,-,LOCKHEED,LOCKHEED AIRCRAFT CORP.,"LOCKHEED AIRCRAFT CORP. (BURBANK, CA)",UNITED STATES OF AMERICA
XDD,-,-,LOCKHEED DUATS,LOCKHEED DUATS,UNITED STATES OF AMERICA
CBD,-,CATBIRD,LOCKHEED MARTIN,"LOCKHEED MARTIN AERONAUTICS (FORT WORTH, TX)",UNITED STATES OF AMERICA
LHM,-,-,LOCKHEED MARTIN,"LOCKHEED MARTIN (ASHBURN, VA)",UNITED STATES OF AMERICA
LNG,-,LIGHTNING,LOCKHEED MARTIN,"LOCKHEED MARTIN AERONAUTICS COMPANY (FORT WORTH, TX)",UNITED STATES OF AMERICA
LOG,LM,LOGAN,LOGAN AIR,LOGAN AIR LIMITED,UNITED KINGDOM
SNA,-,CANA,LOGIC PAQ,"LOGIC PAQ BTD, S.L.R.",DOMINICAN REPUBLIC
LGA,-,LOGAIR,LOGISTIC AIR,LOGISTIC AIR SDN. BHD. D/B/A LOGISTIC AIR,MALAYSIA
LOJ,-,LOJY AIR,LOJY AIR,LOJY AIR,EGYPT
CLV,-,AEROTRAINING,LOM PRAHA FLYING SCHOOL,LOM PRAHA FLYING SCHOOL,CZECHIA
LMS,-,LOMAS,LOMAS HELICOPTERS,LOMAS HELICOPTERS LTD,UNITED KINGDOM
...,-,MEDIVAC,LONDON AIR AMBULANCE,LONDON HELICOPTER EMERGENCY MEDICAL SERVICE,UNITED KINGDOM
LNX,-,LONEX,LONDON EXECUTIVE,LONDON EXECUTIVE AVIATION LTD,UNITED KINGDOM
LHC,-,LONDON EYE,LONDON HELICOPTER CHARTERS,LONDON HELICOPTER CHARTERS LTD,UNITED KINGDOM
BST,-,BIG STATE,LONE STAR AVIATORS,LONE STAR AVIATORS,UNITED STATES
LSO,-,STARCOM,LONE STAR COMMUNICATIONS,LONE STAR COMMUNICATIONS,UNITED STATES OF AMERICA
ORA,-,LONG ISLAND,LONG ISLAND AIRLINES,"MONTAUK CARIBBEAN AIRWAYS, INC. D/B/A LONG ISLAND AIRLINES",UNITED STATES OF AMERICA
CBC,-,SKY SHARE,LONGHORN AVIATION,"LONGHORN AVIATION, LLC",UNITED STATES OF AMERICA
SNG,-,SNOW EAGLE,LONGJIANG AIRLINES,"LONGJIANG AIRLINES CO., LTD",CHINA
LGT,-,LONGTAIL,LONGTAIL AVIATION,LONGTAIL AVIATION LTD,UNITED KINGDOM
CDC,GJ,LOONG AIR,LOONG AIR,"ZHEJIANG LOONG AIRLINES CO., LTD",CHINA
LRR,-,LORRAINE,LORRAINE AVIATION,LORRAINE AVIATION,FRANCE
LSC,-,CEDROS,LOS CEDROS AVIACION,LOS CEDROS AVIACION,CHILE
LOS,-,LOSSIE,LOSSIEMOUTH FTU,LOSSIEMOUTH FTU,UNITED KINGDOM
LOT,LO,LOT,LOT,LOT - POLSKIE LINIE LOTNICZE,POLAND
LGS,-,-,LOT GROUND SERVICE,LOT GROUND SERVICE SP. Z.O.O.,POLAND
HZR,-,HUZAR,LOT POLISH AIRLINES,LOT POLISH AIRLINES S.A.,POLAND
LPR,-,RATOVNIK,LOTNICZE POGOTOWIE RATUNKOWE,LOTNICZE POGOTOWIE RATUNKOWE,POLAND
LSH,-,-,LOTT SHIP AGENCY,"LOTT SHIP AGENCY, INC. (MOBILE, AL)",UNITED STATES OF AMERICA
TAS,-,LOTUS FLOWER,LOTUS AIRLINE,LOTUS AIRLINE,EGYPT
LTZ,-,LAMINAR,LOUTZAVIA CHARTERS,LOUTZAVIA CHARTERS CC,SOUTH AFRICA
LWL,-,CUB DRIVER,LOWLEVEL,"LOWLEVEL, LDA",PORTUGAL
TUY,-,AEREOTUY,LTA,"LINEA TURISTICA AEREOTUY LTA, C.A.",VENEZUELA
LKE,8L,LUCKY AIR,LUCKY AIR,"LUCKY AIR CO., LTD",CHINA
LUT,-,LUGO,LUFT CARGO,LUFT CARGO (PTY) LTD,SOUTH AFRICA
LGW,-,WALTER,LUFTFAHRTGESELLSCHAFT WALTER,"LUFTFAHRTGESELLSCHAFT WALTER MBH, DORTMUND",GERMANY
DLH,LH,LUFTHANSA,LUFTHANSA,"DEUTSCHE LUFTHANSA, AG, KOELN",GERMANY
GEC,LH,LUFTHANSA CARGO,LUFTHANSA CARGO,"LUFTHANSA CARGO AG, FRANKFURT (MAIN)",GERMANY
CLH,CL,HANSALINE,LUFTHANSA CITYLINE,"LUFTHANSA CITYLINE GMBH, KOELN",GERMANY
LHT,-,LUFTHANSA TECHNIK,LUFTHANSA TECHNIK,"LUFTHANSA TECHNIK AG, HAMBURG",GERMANY
LTR,L5,LUFT TRANSPORT,LUFTTRANSPORT,LUFTTRANSPORT A/S,NORWAY
LKA,-,LUKE AIR,LUKE AIR,LUKE AIR,MALTA
LUK,-,LUKOIL,LUKOIL-AVIA,LUKOIL-AVIA,RUSSIAN FEDERATION
TON,-,TONGA,LULUTAI AIRLINES,LULUTAI AIRLINES LIMITED,TONGA
LWI,-,LUMI,LUMIWINGS,LUMIWINGS,GREECE
UNY,-,UNIVERSITY,LUND UNIVERSITY,"LUND UNIVERSITY SCHOOL OF AVIATION, TFHS",SWEDEN
LGL,LG,LUXAIR,LUXAIR,LUXAIR - SOCIETE LUXEMBOURGEOISE DE NAVIGATION AERIENNE S.A.,LUXEMBOURG
LMJ,-,MASTERJET,LUXAVIATION,"LUXAVIATION E.A., S.A.",PORTUGAL
LXA,-,RED LION,LUXAVIATION,LUXAVIATION S.A.,LUXEMBOURG
LXG,-,LUX AVIATION,LUXAVIATION GERMANY,"LUXAVIATION GERMANY GMBH, BUEREN",GERMANY
LXM,-,LUQA,LUXAVIATION MALTA,LUXAVIATION MALTA,MALTA
LSM,-,TITAN,LUXAVIATION SAN MARINO,LUXAVIATION SAN MARINO S.R.L.,SAN MARINO
LRQ,-,LUX RESCUE,LUXEMBOURG AIR AMBULANCE,LUXEMBOURG AIR AMBULANCE,LUXEMBOURG
LWG,BN,LUXWING,LUXWING,LUXWING LTD,MALTA
LYD,-,LYDDAIR,LYDD AIR,LYDD AIR LTD,UNITED KINGDOM
LCH,-,LYNCH AIR,LYNCH FLYING SERVICE,"LYNCH FLYING SERVICE, INC. (BILLINGS, MT)",UNITED STATES OF AMERICA
LYB,-,HIGHLANDS,LYNDEN AIR CARGO,LYNDEN AIR CARGO,PAPUA NEW GUINEA
LYC,-,LYNDEN,LYNDEN AIR CARGO,"LYNDEN AIR CARGO, LLC",UNITED STATES OF AMERICA
DAT,Y9,DAUNTLESS,LYNX AIR,LYNX AIR (1263343 ALBERTA INC.),CANADA
LXF,-,LYNX FLIGHT,LYNX AIR INTERNATIONAL,"LYNX AIR INTERNATIONAL (FORT LAUDERDALE, FL)",UNITED STATES OF AMERICA
SSX,-,SHASTA,LYNX AVIATION,"LYNX AVIATION, INC. (WESTMINSTER, CO)",UNITED STATES OF AMERICA
LXS,-,LYNX SERVICIOS,LYNX SERVICIOS AEREOS,"LYNX SERVICIOS AEREOS, S.A. DE C.V.",MEXICO
JNH,-,JONAH,M & N AVIATION,"M AND N EQUIPMENT, LLC D/B/A M & N AVIATION (CASPER, WY)",UNITED STATES OF AMERICA
MGA,-,MAG AVIACION,M G AVIACION,M G AVIACION S.L.,SPAIN
KXP,-,XPRESS KARGO,M JETS INTERNATIONAL,M JETS INTERNATIONAL SDN BHD,MALAYSIA
WYM,-,WORLD CLASS,M&N AVIATION,"M&N AVIATION (CAROLINA, PR)",UNITED STATES OF AMERICA
MBF,-,MABE FLIGHTS,MABE FLIGHTS,"MABE FLIGHTS, S.L.",SPAIN
MAQ,-,MAC AVIATION,MAC AVIATION,"MAC AVIATION, S.L.",SPAIN
MMJ,-,MACAUJET,MACAU JET,MACAU JET INTERNATIONAL,CHINA
MKB,-,GREENTAIL,MACK AIR,MACK AIR,BOTSWANA
MGY,-,MADAGASCAR AIRLINES,MADAGASCAR AIRLINES,MADAGASCAR AIRLINES,MADAGASCAR
MDK,-,MADIKWE,MADIKWE CHARTER,MADIKWE CHARTER CC,SOUTH AFRICA
MJT,-,MADJET,MADJET-TRANSPORTES AEREOS,"MADJET-TRANSPORTES AEREOS, S.A.",PORTUGAL
MEN,-,RAHAL,MAE AIRCRAFT MANAGEMENT,MAE AIRCRAFT MANAGEMENT,BAHRAIN
MGR,-,MAGNA AIR,MAGNA AIR,MAGNA AIR GES.M.B.H.,AUSTRIA
MSJ,-,MAGNUM AIR,MAGNUM AIR,"MAGNUM AIR (SKY JET), INC.",PHILIPPINES
IRM,-,MAHAN AIR,MAHAN AIR,MAHAN AIR,IRAN
MZS,-,MAHFOOZ,MAHFOOZ AVIATION,MAHFOOZ AVIATION,GAMBIA
HOG,-,HOGAN AIR,MAHOGANY AIR CHARTERS,MAHOGANY AIR CHARTERS,ZAMBIA
NDJ,-,BASSAMAT,MAIBA AIRWAYS,MAIBA AIRWAYS,CHAD
MAT,-,MAINE-AV,MAINE AVIATION,"MAINE AVIATION AIRCRAFT CHARTER LLC (PORTLAND, ME)",UNITED STATES OF AMERICA
MLI,-,DEMAIS,MAIS LINHAS AEREAS,MAIS LINHAS AEREAS S.A.,BRAZIL
MJI,-,MAJESTIC JET,MAJESTIC JET,"MAJESTIC JET, INC. (FT. LAUDERDALE, FL)",UNITED STATES OF AMERICA
MKV,-,-,MAK AVIATION SERVICES,MAK AVIATION SERVICES,CANADA
MSK,-,MAK AIRLINES,MAK KG AIRLINE,MAK KG AIRLINE,KYRGYZSTAN
...,-,MAKIN,MAKINS LTD,MAKINS LTD,UNITED KINGDOM
MAK,-,MAKLEE,MAKLEE AIR,MAKLEE AIR,UNITED STATES OF AMERICA
MLG,-,-,MALAGASY AIRLINES,MALAGASY AIRLINES,MADAGASCAR
MLX,-,MALAWI EXPRESS,MALAWI EXPRESS,MALAWI EXPRESS LIMITED,MALAWI
MWI,-,MALAWIAN,MALAWIAN AIRLINES,MALAWIAN AIRLINES 2014,MALAWI
MAS,MH,MALAYSIAN,MALAYSIA AIRLINES,MALAYSIA AIRLINES BERHAD,MALAYSIA
RMF,-,ANGKASA,MALAYSIAN AIR FORCE,ROYAL MALAYSIAN AIR FORCE,MALAYSIA
MLT,DB,MALETH,MALETH,MALETH-AERO AOC LTD,MALTA
MAE,-,MALI AIREXPRESS,MALI AIR,MALI AIR LUFTVERKEHR GESELLSCHAFT M.B.H.,AUSTRIA
MXD,OD,MALINDO,MALINDO AIR,MALINDO AIRWAYS SDN. BHD.,MALAYSIA
MLS,-,MALL-AIRWAYS,MALL AIRWAYS,"MALL AIRWAYS, INC. (ALBANY, NY)",UNITED STATES OF AMERICA
MAD,-,MALONE,MALONE AIRCHARTER,"MALONE AIRCHARTER, INC",UNITED STATES OF AMERICA
MAY,AL,BLUE MED,MALTA AIR,MALTA AIR LTD.,MALTA
MMO,MT,MALIT,MALTA MEDAIR,MALTA AIR TRAVEL LTD,MALTA
MWS,-,MALTA WINGS,MALTA WINGS,MALTA WINGS CO. LTD,MALTA
MSU,-,MALUTI SKY,MALUTI SKY,MGC AVIATION TA MALUTI SKY,LESOTHO
MLB,-,MANAF,MANAF INTERNATIONAL AIRWAYS,MANAF INTERNATIONAL AIRWAYS,BURUNDI
BAM,-,MANAS AIRWAYS,MANAS AIRWAYS,MANAS AIRWAYS,KYRGYSTAN
MNM,-,MANASIK,MANASIK AVIATION,MANASIK AVIATION COMPANY,SAUDI ARABIA
MJC,-,AIR MANDA,MANDARIN AIR,"MANDARIN AIR CO., LTD",CHINA
MDA,AE,MANDARIN,MANDARIN AIRLINES,MANDARIN AIRLINES,TAIPEI
MHN,-,MANHATTAN,MANHATTAN AIR,MANHATTAN AIR LIMITED,UNITED KINGDOM
MYP,7Y,MANN ROYAL,MANN YADANARPON AIRLINES,MANN YADANARPON AIRLINES CO. LTD,MYANMAR
MAN,-,MANNION,MANNION AIR CHARTER,"MANNION AIR CHARTER, INC. (YPSILANTI, MI)",UNITED STATES OF AMERICA
...,-,MANTA AIR,MANTA AIR,MANTA AIR,ECUADOR
MAV,-,SEA WING,MANTA AVIATION,MANTA AVIATION PVT. LTD.,MALDIVES
MNX,-,MANX,MANX AIRLINES,MANX AIRLINES LTD.,UNITED KINGDOM
PAM,7M,MAP AIR,MAP LINHAS AEREAS,MAP LINHAS AEREAS,BRAZIL
MBU,DI,MARABU,MARABU AIRLINES,MARABU AIRLINES OU,ESTONIA
MTO,-,MARATHON,MARATHON AIRLINES,MARATHON AIRLINES,GREECE
MCP,-,MARCOPOLO,MARCOPOLO AIRWAYS,MARCOPOLO AIRWAYS,AFGHANISTAN
MGI,-,MARGHI,MARGHI AIR,MARGHI AIR LIMITED,NIGERIA
MRH,-,MARHAM,MARHAM FTU,MARHAM FTU,UNITED KINGDOM
MMI,-,ITALIAN NAVY,MARINA MILITARE ITALIANA,MARINA MILITARE ITALIANA,ITALY
SRG,-,BRITISH RESCUE,MARITIME AND COASTGUARD AGENCY,MARITIME AND COASTGUARD AGENCY,UNITED KINGDOM
MHF,-,AIR MARITIME,MARITIME HELICOTPERS,"MARITIME HELICOTPERS (HOMER, AK)",UNITED STATES OF AMERICA
RES,-,RESCUE,MARITIME SAFETY AUTHORITY,AUSTRALIAN MARITIME SAFETY AUTHORITY,AUSTRALIA
MRK,-,MARKAIR,MARKAIR,"MARKAIR INC. (ANCHORAGE, AK)",UNITED STATES OF AMERICA
MRZ,-,MARS,MARS,MEDICAL AIR RESCUE SERVICES (MARS),ZIMBABWE
MRS,-,MARS CARGO,MARS AVIA,MARS AVIA CJSC,ARMENIA
MCE,-,MARSHALL,MARSHALL AEROSPACE,MARSHALL AEROSPACE,UNITED KINGDOM
MSL,-,MARSLANDAIR,MARSLAND AVIATION,MARSLAND AVIATION,SUDAN
XMA,-,-,MARTIN AVIATION SERVICES,"MARTIN AVIATION SERVICES (MIAMI, FL)",UNITED STATES OF AMERICA
MRC,-,MARTRANS,MARTIN COMPANIES,"MARTIN COMPANIES (KILGORE, TX)",UNITED STATES OF AMERICA
MPH,MP,MARTINAIR,MARTINAIR,MARTINAIR HOLLAND N.V.,NETHERLANDS
MRA,-,MARTEX,MARTINAIRE,"MARTINAIRE (ADDISON, TX)",UNITED STATES OF AMERICA
MBE,-,MARTIN,MARTIN-BAKER,MARTIN-BAKER LTD.,UNITED KINGDOM
HGE,-,HOAGIE,MARTIN'S FAMOUS PASTRY SHOPPE,"MARTIN'S FAMOUS PASTRY SHOPPE, INC. (CHAMBERSBURG, PA)",UNITED STATES OF AMERICA
MFA,-,SEAHORSE,MARTYN FIDDLER ASSOCIATES,MARTYN FIDDLER ASSOCIATES,UNITED KINGDOM
TRP,-,TROOPER,MARYLAND STATE POLICE,"MARYLAND STATE POLICE (PIKESVILLE, MD)",UNITED STATES OF AMERICA
MAA,M7,MAS AIR,MAS AIR,"AEROTRANSPORTES MAS DE CARGA, S.A. DE C.V.",MEXICO
MTH,-,RESEARCH,MASSACHUSETTS INSTITUTE OF TECHNOLOGY,"MASSACHUSETTS INSTITUTE OF TECHNOLOGY (LEXINGTON, MA)",UNITED STATES OF AMERICA
MSY,-,MASSEY,MASSEY UNIVERSITY,MASSEY UNIVERSITY SCHOOL OF AVIATION,NEW ZEALAND
MIH,-,MASSYLINE,MASSY AIRLINES,MASSY AIRLINES,NIGER
MPL,-,+,"MASTER PLANNER, INC.","MASTER PLANNER, INC.",UNITED STATES OF AMERICA
MST,-,MASTER,MASTER TOP,MASTER TOP LINHAS AEREAS LTDA.,BRAZIL
MWG,-,MASWINGS,MASWINGS,MASWINGS,MALAYSIA
TKH,-,TRACKHOUSE,MATER LOGISTICS,"MATER LOGISTICS, LLC",UNITED STATES OF AMERICA
...,-,MATROX,MATROX AIR,MATROX AIR,UNITED KINGDOM
MIA,-,MAURIA,MAURIA,"MAURIA, SOCIETE MAURITANIENNE D'AVIATION",MAURITANIA
MAI,L6,MAURITANIA AIRLINES,MAURITANIA AIRLINES,MAURITANIAN AIRLINES INTERNATIONAL,MAURITANIA
MTW,-,MAURITANIA AIRWAYS,MAURITANIA AIRWAYS,MAURITANIA AIRWAYS,MAURITANIA
MNV,-,NAVALE,MAURITANIENNE AERIENNE ET NAVALE,MAURITANIENNE AERIENNE ET NAVALE,MAURITANIA
MRF,-,MAUR-FRET,MAURITANIENNE AIR FRET,MAURITANIENNE AIR FRET,MAURITANIA
MWY,-,MAURITANIENNE,MAURITANIENNE AIR WAYS,MAURITANIENNE AIR WAYS,MAURITANIA
MDE,-,MAURI-TRANS,MAURITANIENNE DE TRANSPORT AERIEN,MAURITANIENNE DE TRANSPORT AERIEN,MAURITANIA
MVR,-,MAV-AIR,MAVERICK AIRWAYS CORPORATION,"MAVERICK AIRWAYS CORPORATION (DENVER, CO)",UNITED STATES OF AMERICA
MGH,-,MAVI,MAVI GÃ–K,MAVI GOK HAVACILIK A.S,TURKEY
MGH,-,MAVI,MAVI GÖK,MAVI GOK HAVACILIK A.S,TURKEY
MWN,-,MAX NIGER,MAX AIR,MAX AIR SA NIGER,NIGER
NGL,-,MAXAIR NIGERIA,MAX AIR LIMITED,MAX AIR LIMITED,NIGERIA
NTW,-,NORTHWOODS,MAXAIR,"MAXAIR, LLC",UNITED STATES OF AMERICA
MAX,-,MAX AVIATION,MAX-AVIATION,MAX-AVIATION,CANADA
MXF,-,MAXFLIGHT,MAXIMUM FLIGHT ADVANTAGES,"MAXIMUM FLIGHT ADVANTAGES, LLC (MIAMISBURG, OH)",UNITED STATES OF AMERICA
MXM,-,MAXLINES,MAXIMUS AIRLINES,MAXIMUS AIRLINES,UKRAINE
MXP,-,BEECHNUT,MAY AIR XPRESS,"MAY AIR XPRESS, INC. (EL DORADO, AR)",UNITED STATES OF AMERICA
MYD,-,MYLAND,MAYA ISLAND AIR,MAYA ISLAND AIR,BELIZE
MYI,-,MAYAIR,MAYAIR,"MAYAIR, S.A. DE C.V.",MEXICO
MAO,-,MAYO,MAYO CLINIC,"MAYO CLINIC (ROCHESTER, MN)",UNITED STATES OF AMERICA
MBO,-,AEROBEL,MB AERO,MB AERO,BELARUS
MBS,-,MBACHI AIR,MBACHI AIR/GROUND SERVICES,MBACHI AIR/GROUND SERVICES LIMITED,MALAWI
PLG,-,PILGRIM,MBK-S,"MBK-S, OPEN JOINT STOCK COMPANY",RUSSIAN FEDERATION
MCC,-,DISCOVERY,MCC AVIATION,MCC AVIATION (PTY) LTD,SOUTH AFRICA
MKL,-,MCCALL,MCCALL AVIATION,"MCCALL AVIATION, INC. (MCCALL, ID)",UNITED STATES OF AMERICA
MMH,-,NIGHT RIDER,MCMAHON HELICOPTER SERVICES,"MCMAHON HELICOPTER SERVICES, INC.",UNITED STATES OF AMERICA
MDS,-,MID-SOUTH,MCNEELY CHARTER SERVICES,"MCNEELY CHARTER SERVICES, INC. (WEST MEMPHIS, AR)",UNITED STATES OF AMERICA
MCS,-,CARMEX,MCS AEROCARGA DE MEXICO,MCS AEROCARGA DE MEXICO S.A. DE C.V.,MEXICO
MTM,-,METACHEM,MD AIR,MD AIR LTD,UNITED KINGDOM
MDZ,-,-,MDL AVIATION,MDL AVIATION INTERNATIONAL SERVICES,PAKISTAN
MDD,-,+,MDLR AIRLINES,MDLR AIRLINES,INDIA
MED,-,+,MED AIRWAYS,MED AIRWAYS,LEBANON
MTS,-,MEDSERVICE,MED JETS,"MED JETS, S.A. DE C.V.",MEXICO
MDX,-,MEDAIR,MEDAIR CHARTER,MEDAIR CHARTER (PTY) LTD,SOUTH AFRICA
MDM,-,MEDAVIA,MEDAVIA COMPANY,MEDAVIA COMPANY LTD,MALTA
MCL,-,MEDIC,MEDICAL AVIATION SERVICES,MEDICAL AVIATION SERVICES LTD,UNITED KINGDOM
MFY,-,MEDIFLY MEX,MEDIFLY,"MEDIFLY, S.A. DE C.V.",MEXICO
NDG,-,SANDOG,MEDIMPACT,MEDIMPACT HOLDINGS INC.,UNITED STATES OF AMERICA
MCA,-,COASTAL CLIPPER,MEDITERRANEAN COASTAL AIRLINES,MEDITERRANEAN COASTAL AIRLINES LTD.,MALTA
MNS,-,MEDSKY,MEDSKY AIRWAYS,MEDSKY AIRWAYS,LIBYA
MEK,-,MED-TRANS,MED-TRANS,"MED-TRANS OF FLORIDA, INC. (TAMPA, FL)",UNITED STATES OF AMERICA
MEV,-,MED-VIEW,MED-VIEW AIRLINES,MED-VIEW AIRLINES (NIGERIA) LIMITED,NIGERIA
MME,-,MAJESTIC AIR,MEGA,MULTIMEDIA ENTERTAINMENT GROUP AIR (PTY) LTD T/A MEGA,SOUTH AFRICA
MEL,-,MEGA AIR,MEGA LINHAS AEREAS,MEGA LINHAS AEREAS,BRAZIL
ARM,-,SUNSKY,MEGAVIATION,MEGAVIATION,MOLDOVA
MGV,-,-,MEGIDO AVIATION,MEGIDO AVIATION,ISRAEL
MDO,5M,KUDA,MEL AIR,MEDITERRANEAN AVIATION OPERATIONS COMPANY LTD,MALTA
BNM,-,MELITAIR,MELITAIR,MELITAIR,MALTA
MNJ,-,MENAJET,MENAJET,MENAJET,LEBANON
MRJ,-,MERAJ AIRLINE,MERAJ AIRLINES,MERAJ AIRLINES,IRAN
MXX,-,MERCHANT,MERCHANT EXPRESS AVIATION,MERCHANT EXPRESS AVIATION,NIGERIA
MEC,-,MERCAIR,MERCURY AIRCOURIER SERVICE,"MERCURY AIRCOURIER SERVICE (SALT LAKE CITY, UT)",UNITED STATES OF AMERICA
QHD,-,QUAHADI,MEREGRASS,"MEREGRASS, INC.",UNITED STATES OF AMERICA
MEM,-,MERIDIAN CHERRY,MERIDIAN,MERIDIAN LTD,UKRAINE
MRD,-,MERIDIAN,MERIDIAN AIR CARGO,"MERIDIAN AIR CARGO, INC. (MERIDIAN, MS)",UNITED STATES OF AMERICA
MMM,-,AVIAMERIDIAN,MERIDIAN AIR COMPANY,MERIDIAN AIR COMPANY,RUSSIAN FEDERATION
MHL,-,HASSIMAIR,MERIDIAN AIRLINES,MERIDIAN AIRLINES LTD,NIGERIA
UGB,-,UGAWINGS,MERIDIANA AFRICA AIRLINES,MERIDIANA AFRICA AIRLINES (U) LTD,UGANDA
MEI,-,AVALON,MERLIN AIRWAYS,"MERLIN AIRWAYS, INC. (BILLINGS, MT)",UNITED STATES OF AMERICA
MZY,-,MERMOZ,MERMOZ-ACADEMY,MERMOZ-ACADEMY,FRANCE
MZH,-,MERSAL,MERSAL AIR,MERSAL AIR CARGO,UNITED ARAB EMIRATES
ASH,YV,AIR SHUTTLE,MESA AIRLINES,"MESA AVIATION SERVICES, INC. (FARMINGTON, NM)",UNITED STATES OF AMERICA
MES,-,MESABA,MESABA AVIATION,"MESABA AVIATION (GRAND RAPIDS, MN)",UNITED STATES OF AMERICA
...,-,AMBI AIR,MESSRS AMBJEK AIRLINES,MESSRS AMBJEK AIRLINES LIMITED,NIGERIA
YZY,-,-,MET DATA BANK,MET DATA BANK,ICAO
MET,-,METMAN,MET OFFICE,METEOROLOGICAL RESEARCH FLIGHT,UNITED KINGDOM
MSQ,-,META,META,META - MESQUITA TRANSPORTES AEREOS LTDA,BRAZIL
YMY,-,-,METEOROLOGICAL OFFICE,METEOROLOGICAL OFFICE,ICAO
MER,-,METHOW,METHOW AVIATION,"METHOW AVIATION, INC. (EAST WENATCHEE, WA)",UNITED STATES OF AMERICA
MVI,-,-,METRO BUSINESS AVIATION,METRO BUSINESS AVIATION LTD,UNITED KINGDOM
MTR,-,METRO,METROFLIGHT,"METROFLIGHT INC. (HOUSTON, TX)",UNITED STATES OF AMERICA
MTJ,-,METROJET,METROJET,METROJET LIMITED,CHINA
MTD,-,MATADOR,METROJETS,METROJETS LLC,UNITED STATES OF AMERICA
MHY,-,-,METRON AVIATION,METRON AVIATION,UNITED STATES OF AMERICA
BLR,-,BLUERIDGE,METROPOLITAN AVIATION,METROPOLITAN AVIATION,UNITED STATES OF AMERICA
...,-,METPOL,METROPOLITAN POLICE FLYING CLUB,METROPOLITAN POLICE FLYING CLUB,UNITED KINGDOM
MXA,-,MEXICANA,MEXICANA,AEROLINEA DEL ESTADO MEXICANO S.A. DE C.V.,MEXICO
MXT,-,TRANSMEX,MEXICO TRANSPORTES AEREOS,"MEXICO TRANSPORTES AEREOS, S.A. DE C.V.",MEXICO
MHV,-,SNOWCAP,MHS AVIATION,"MHS AVIATION GMBH, GRUENWALD",GERMANY
HUR,-,HURRICANE CHARTER,MIAMI AIR CHARTER,"MIAMI AIR CHARTER (MIAMI, FL)",UNITED STATES OF AMERICA
BSK,-,BISCAYNE,MIAMI AIR INTERNATIONAL,"MIAMI AIR INTERNATIONAL, INC. (MIAMI, FL)",UNITED STATES OF AMERICA
MGD,-,MIAMI AIR,MIAMI AIR LEASE,"MIAMI AIR LEASE, INC. (MIAMI, FL)",UNITED STATES OF AMERICA
OWL,-,NIGHT OWL,MIAMI VALLEY AVIATION,"MIAMI VALLEY AVIATION, INC. (MIDDLETOWN, OH)",UNITED STATES OF AMERICA
MGL,OM,MONGOL AIR,MIAT MONGOLIAN AIRLINES,MIAT MONGOLIAN AIRLINES,MONGOLIA
BIB,-,-,MICHELIN AIR SERVICES,MICHELIN AIR SERVICES,FRANCE
WIZ,-,WIZARD,MICROMATTER TECHNOLOGY SOLUTIONS,MICROMATTER TECHNOLOGY SOLUTIONS LTD,UNITED KINGDOM
MFG,-,MID AFRICA,MID AFRICA AVIATION,MID AFRICA AVIATION,GAMBIA
NYL,-,NILE,MID AIRLINERS,MID AIRLINERS,SUDAN
MJR,-,MAJOR,MIDAMERICA JET,"MIDAMERICA JET, INC. (OWENSBORO, KY)",UNITED STATES OF AMERICA
MEA,ME,CEDAR JET,MIDDLE EAST AIRLINES,MIDDLE EAST AIRLINES - AIRLIBAN,LEBANON
NIT,-,NIGHTTRAIN,MIDDLE GEORGIA STATE UNIVERSITY,"MIDDLE GEORGIA STATE UNIVERSITY (MACON, GA)",UNITED STATES OF AMERICA
MFR,-,MIDLINE FREIGHT,MIDLINE AIR FREIGHT,"MIDLINE AIR FREIGHT (OWENSBORO, KY)",UNITED STATES OF AMERICA
FGR,-,FRIGATE,MID-PACIFIC AIR SERVICE,MID-PACIFIC AIR SERVICE LLC,UNITED STATES OF AMERICA
MPA,-,MID PAC,MID-PACIFIC AIRLINES,"MID-PACIFIC AIRLINES, INC. (HONOLULU, HI)",UNITED STATES OF AMERICA
XAP,-,MID-TOWN,MIDWAY CONNECTION,"DIRECT AIR, INC. D/B/A/ MIDWAY CONNECTION (GARY, IN)",UNITED STATES OF AMERICA
FAX,-,FAIRFAX,MIDWEST AIR FREIGHTERS,"MIDWEST AIR FREIGHTERS (KANSAS CITY, KS)",UNITED STATES OF AMERICA
MWL,-,MIDWEST AIRLINK,MIDWEST AIR LINK,"GERLACH & ASSOCIATES, LLC D/B/A MIDWEST AIR LINK",UNITED STATES OF AMERICA
MWA,-,-,MIDWEST AIRLINES,MIDWEST AIRLINES,EGYPT
DZR,-,DOZER,MIDWEST AVIATION,"MIDWEST AVIATION (OMAHA, NE)",UNITED STATES OF AMERICA
MWT,-,MIDWEST,MIDWEST AVIATION,"MIDWEST AVIATION DIVISION, INC. (MARSHALL, MN)",UNITED STATES OF AMERICA
HTE,-,HELICOPTERSMEXICO,MIDWEST HELICOPTERS DE MEXICO,"MIDWEST HELICOPTERS DE MEXICO, S.A. DE C.V.",MEXICO
MWW,-,+,MIDWEST WINGS,MIDWEST WINGS,CAMEROON
MIG,-,MIG AVIA,MIG,"RUSSIAN AIRCRAFT CORPORATION -MIG, FEDERAL STATE UNITARY ENTERPRISE",RUSSIAN FEDERATION
MSN,-,MILCARGO,MILENIUM AIR SERVICIOS AEREOS INTEGRADOS,"MILENIUM AIR SERVICIOS AEREOS INTEGRADOS, S.A. DE C.V.",MEXICO
YWY,-,-,MILITARY FLIGHT OPERATIONAL CONTROL CENTRE,MILITARY FLIGHT OPERATIONAL CONTROL CENTRE,ICAO
YXY,-,-,MILITARY SERVICE OR ORGANIZATION,MILITARY SERVICE OR ORGANIZATION,ICAO
MLK,-,NIGERJET,MILLENNIUM AIR,MILLENNIUM AIR,NIGERIA
DLK,-,DEKKANLANKA,MILLENNIUM AIRLINES,MILLENNIUM AIRLINES PRIVATE LIMITED,SRI LANKA
MIM,-,MILLESIME,MILLESIME AVIATION,MILLESIME AVIATION,FRANCE
DOL,-,DOLLAR SIGN,MILLION AIR LONGVIEW,"EBSCO, INC. D/B/A MILLION AIR LONGVIEW (LONGVIEW, TX)",UNITED STATES OF AMERICA
MXS,-,MILLON EXPRESS,MILLON EXPRESS,"SUNRISE AIRLINES INC. D/B/A MILLON EXPRESS (MIAMI, FL)",UNITED STATES OF AMERICA
OMR,-,ORMINE,MINAIR,MINAIR,CENTRAL AFRICAN REPUBLIC
EBE,-,MINEBEA,MINEBEA AVIATION,"MINEBEA AVIATION CO., LTD",THAILAND
WDG,-,WATCHDOG,"MINISTRY OF AGRICULTURE, FISHERIES AND FOOD","MINISTRY OF AGRICULTURE, FISHERIES AND FOOD",UNITED KINGDOM
MSF,-,MINSHENG,MINSHENG INTERNATIONAL,"MINSHENG INTERNATIONAL JET CO., LTD.",CHINA
LIR,-,LISLINE,MINSK AIRCRAFT OVERHAUL PLANT,MINSK AIRCRAFT OVERHAUL PLANT,BELARUS
MIC,-,MINT AIRWAYS,MINT LINEAS AEREAS,"MINT LINEAS AEREAS, S.A.",SPAIN
MVJ,-,MIRA VISTA,MIRA VISTA AVIATION,"MIRA VISTA AVIATION, INC.",UNITED STATES OF AMERICA
MRN,-,MARIANNE,MISSIONS GOUVERNEMENTALES FRANCAISES,MISSIONS GOUVERNEMENTALES FRANCAISES,FRANCE
BDG,-,BULLDOG,MISSISSIPPI STATE UNIVERSITY,"MISSISSIPPI STATE UNIVERSITY, MS",UNITED STATES OF AMERICA
MVA,-,VALAIR,MISSISSIPPI VALLEY AIRWAYS,"MISSISSIPPI VALLEY AIRWAYS, INC. (LACROSSE, WI)",UNITED STATES OF AMERICA
MSA,M4,MISTRAL WINGS,MISTRAL AIR,POSTE AIR CARGO S.R.L.,ITALY
MTA,-,GAK AVIATION,MITCHELL AERO,"MITCHELL AERO, INC. D/B/A GAK/MITCHELL AERO, INC. (MILWAUKEE, WI)",UNITED STATES OF AMERICA
MAJ,-,ME TACK,MITSUBISHI AIRCRAFT CORPORATION,MITSUBISHI AIRCRAFT CORPORATION,JAPAN
MJF,-,EM-EXPRESS,MJET GMBH,MJET GMBH,AUSTRIA
MIN,-,+,MJET LIMITED,MJET LIMITED,THAILAND
MNB,MB,BLACK SEA,MNG AIRLINES,MNG HAVAYOLLARI VE TASIMACILIK A.S.,TURKEY
AMA,-,MOALEM,MOALEM AVIATION,AIRCOMPANY MOALEM AVIATION,KYRGYZSTAN
MXE,-,MOZAMBIQUE EXPRESS,MOCAMBIQUE EXPRESSO,MOCAMBIQUE EXPRESSO,MOZAMBIQUE
MWM,-,MODERNAIR,MODERN TRANSPORTE AEREO DE CARGA,MODERN TRANSPORTE AEREO DE CARGA S.A.,BRAZIL
MOW,-,MOHAWK AIR,MOHAWK AIRLINES,"MOHAWK AIRLINES (ONEONTA, NY)",UNITED STATES OF AMERICA
MKA,-,MOKA AIR,MOKA AIRWAYS,MOKA AIRWAYS,YEMEN
MHO,-,MAHALO,MOKULELE AIRLINES,"MOKULELE AIRLINES (KAILUA'KONA, HI)",UNITED STATES OF AMERICA
MLE,-,MOLDAERO,MOLDAEROSERVICE,MOLDAEROSERVICE,MOLDOVA
RRV,-,SKYROVER,MOMBASA AIR SAFARI,MOMBASA AIR SAFARI LTD,KENYA
MFD,-,FREIGHT DOG,MONARCH AIR GROUP,"MONARCH AIR GROUP, LLC (FT. LAUDERDALE, FL)",UNITED STATES OF AMERICA
MON,-,MONARCH,MONARCH AIRLINES,MONARCH AIRLINES LTD.,UNITED KINGDOM
MNH,-,MONARCH AIR,MONARCH AIRLINES,"MONARCH AIRLINES (GRAND JUNCTION, CO)",UNITED STATES OF AMERICA
MGW,-,GREAT MONGOLIAN,MONGOLIAN AIRWAYS CARGO,MONGOLIAN AIRWAYS CARGO,MONGOLIA
NHN,-,-,MONGOLYN ALT MAK,"MONGOLYN ALT MAK CO., LTD",MONGOLIA
MGX,-,MONTAIR,MONTENEGRO AIRLINES,MONTENEGRO AIRLINES,MONTENEGRO
MTI,-,MONTERREY AIR,MONTERREY AIR TAXI,"MONTERREY AIR TAXI, S.A. DE C.V.",MEXICO
MOO,-,-,MOONAIR,MOONAIR,ISRAEL
MNY,-,MOONEY FLIGHT,MOONEY AIRCRAFT CORPORATION,"MOONEY AIRCRAFT CORPORATION (KERRVILLE, TX)",UNITED STATES OF AMERICA
...,-,MORAY,MORAY FLYING CLUB LIMITED,MORAY FLYING CLUB LIMITED,UNITED KINGDOM
MAL,-,MORNINGSTAR,MORNINGSTAR AIR EXPRESS,MORNINGSTAR AIR INC.,CANADA
MRO,-,MORRISON,MORRISON FLYING SERVICE,"MORRISON FLYING SERVICE, INC. (HELENA, MT)",UNITED STATES OF AMERICA
MOT,-,MOTAHIDA,MOTAHIDA AVIATION,MOTAHIDA AVIATION,LIBYA
MSI,-,MOTOR SICH,MOTOR SICH,MOTOR SICH,UKRAINE
NZM,-,MOUNTCOOK,MOUNT COOK AIRLINE,MOUNT COOK AIRLINE LTD,NEW ZEALAND
MTN,-,MOUNTAIN,MOUNTAIN AIR CARGO,"MOUNTAIN AIR CARGO, INC. (DENVER, NC)",UNITED STATES OF AMERICA
PKP,-,PIKES PEAK,MOUNTAIN AIR EXPRESS,"MOUNTAIN AIR EXPRESS, INC. (COLORADO SPRINGS, CO)",UNITED STATES OF AMERICA
BRR,-,MOUNTAIN AIR,MOUNTAIN AIR SERVICE,"MOUNTAIN AIR SERVICE, INC (BIG BEAR CITY, CA)",UNITED STATES OF AMERICA
FTH,-,FOOTHILLS,MOUNTAIN AVIATION,"MOUNTAIN AVIATION, INC. (BROOMFIELD, CO)",UNITED STATES OF AMERICA
MFB,-,MOUNTAINHELI,MOUNTAIN FLYERS BERN,MOUNTAIN FLYERS 80 LTD,SWITZERLAND
MHA,-,MOUNTAIN HIGH,MOUNTAIN HIGH AVIATION,"MOUNTAIN HIGH AVIATION (WALLA WALLA, WA)",UNITED STATES OF AMERICA
MHH,-,MOUNTHILL,MOUNTHILL AVIATION,MOUNTHILL AVIATION RESOURCE SERVICES LTD.,NIGERIA
MVE,-,MOVE FLIGHTS,MOVE AIRCRAFT FLIGHT SOLUTIONS,MOVE AIRCRAFT FLIGHT SOLUTIONS,MALTA
MRL,-,+,MR LINES,MR LINES,GABON
MTE,-,TELEJET,MT FLY,MT FLY,MOROCCO
MCV,-,MTC AVIACION,MTC AVIACION,"MTC AVIACION, S.A. DE C.V.",MEXICO
MTU,-,BLUE RAIDER,MTSU,MIDDLE TENNESSEE STATE UNIVERSITY (MTSU),UNITED STATES OF AMERICA
MTX,-,MULTITAXI,MULTI TAXI,"MULTI TAXI, S.A. DE C.V.",MEXICO
MFT,-,YORKAIR,MULTIFLIGHT,MULTIFLIGHT LTD,UNITED KINGDOM
MLV,-,MULTI VALLE,MULTISERVICIOS AEREOS DEL VALLE,"MULTISERVICIOS AEREOS DEL VALLE, S.A. DE C.V.",MEXICO
MAW,-,MUSTIQUE,MUSTIQUE AIRWAYS,MUSTIQUE AIRWAYS,SAINT VINCENT AND THE GRENADINES
MYU,-,INDO,MY INDO AIRLINES,MY INDO AIRLINES,INDONESIA
MYJ,-,MY JET,MY JET,MY JET,ROMANIA
NEP,-,WARISAN,MY JET XPRESS AIRLINES,MY JET XPRESS AIRLINES SDN BHD,MALAYSIA
MMA,8M,MYANMAR,MYANMAR AIRWAYS,MYANMAR AIRWAYS INTERNATIONAL CO. LTD,MYANMAR
UBA,-,UNIONAIR,MYANMAR NATIONAL AIRLINES,MYANMAR NATIONAL AIRLINES,MYANMAR
RUN,9T,CARGO TURK,MYCARGO AIRLINES,ACT HAVAYOLLARI A.S.,TURKEY
MYF,-,MY FLIGHT,MYFLIGHT,"MYFLIGHT, S.A. DE C.V.",MEXICO
MYA,-,MYFLUG,MYFLUG,MYFLUG H.F.,ICELAND
MYW,-,MY SKY,MYWAY AIRLINES,MYWAY AIRLINES CO LTD,GEORGIA
...,-,PAPA DOG,N.D. NEEDHAM,N D NEEDHAM,UNITED KINGDOM
ANL,-,AIR NACOIA,NACOIA LDA,NACOIA LDA,ANGOLA
APX,-,APEX,NALJETS,NALJETS LTD,UNITED KINGDOM
NME,-,NAMASTE AIR,NAMASTE AIR,NAMASTE AIR PVT. LTD,NEPAL
DMD,-,DIAMONDJET,NAMDEB DIAMOND CORPORATION NAMIBIA,NAMDEB DIAMOND CORPORATION NAMIBIA,NAMIBIA
MRE,-,MED RESCUE,NAMIBIA COMMERCIAL AVIATION,NAMIBIA COMMERCIAL AVIATION (PTY) LTD,NAMIBIA
NMR,-,E-MED,NAMIBIA RESCUE SERVICES,NAMIBIA RESCUE SERVICES,NAMIBIA
NDF,-,NAMIBIAN AIRFORCE,NAMIBIAN DEFENCE FORCE,NAMIBIAN DEFENCE FORCE,NAMIBIA
NSJ,-,NANSHAN,NANSHAN JET,"NANSHAN JET CO., LTD",CHINA
ACK,-,ACK AIR,NANTUCKET AIRLINES,"NANTUCKET AIRLINES (NANTUCKET, MA)",UNITED STATES OF AMERICA
OSD,-,SECDEF,NAOC,NAOC,UNITED STATES OF AMERICA
...,-,NASA,NASA,"NATIONAL AERONAUTICS AND SPACE ADMINISTRATION (WASHINGTON, DC)",UNITED STATES OF AMERICA
IGY,-,INGENUITY,NASA MARS,NASA MARS,UNITED STATES OF AMERICA
NAS,-,NASAIRWAYS,NASAIR,NASAIR,ERITREA
NJC,-,NASHVILLE JET,NASHVILLE JET CHARTERS,"NASHVILLE JET CHARTERS, INC. (NASHVILLE, TN)",UNITED STATES OF AMERICA
NJJ,-,-,NASJET PRIVATE AVIATION,NASJET PRIVATE AVIATION CO. LTD,SAUDI ARABIA
NAW,-,-,NASS LLC,NASS LLC,RUSSIAN FEDERATION
NCO,-,NATALCO,NATALCO AIR LINES,NATALCO AIR LINES,SAO TOME AND PRINCIPE
NTK,-,NATCA,NATCA,NATIONAL AIR TRAFFIC CONTROLLERS ASSOCIATION (NATCA),UNITED STATES OF AMERICA
JYA,-,SUNBIZ,NATIONAL AIR CHARTERS,"NATIONAL AIR CHARTERS, INC.",UNITED STATES OF AMERICA
KUS,-,KUSWAG,NATIONAL AIRLINES,NATIONAL AIRWAYS CORPORATION CAPE TOWN (PTY) LTD TRADING AS NATIONAL AIRLINES,SOUTH AFRICA
NCR,N8,NATIONAL CARGO,NATIONAL AIRLINES,"NATIONAL AIR CARGO GROUP, INC. (YPSILANTI, MI)",UNITED STATES OF AMERICA
NAE,-,NATIONAL,NATIONAL AIRWAYS,NATIONAL AIRWAYS,ETHIOPIA
LFI,-,AEROMED,NATIONAL AIRWAYS CORPORATION,"NATIONAL AIRWAYS CORPORATION (HELICOPTERS) LTD, SOUTH AFRICA",SOUTH AFRICA
NTN,-,NATCHAIR,NATIONAL AIRWAYS CORPORATION,NATIONAL AIRWAYS CORPORATION (PTY.) LTD.,SOUTH AFRICA
GTY,-,-,NATIONAL AVIATION COMPANY,NATIONAL AVIATION COMPANY,EGYPT
TYT,-,TRINITY,NATIONAL FLIGHT CENTRE,NATIONAL FLIGHT CENTRE LTD.,IRELAND
GRD,-,GRID,NATIONAL GRID,NATIONAL GRID CO PLC.,UNITED KINGDOM
QJE,QF,KANGA,NATIONAL JET SYSTEMS,NATIONAL JET SYSTEMS PTY LTD,AUSTRALIA
NJS,-,NATIONAL JET,NATIONAL JET SYSTEMS GROUP,NATIONAL JET SYSTEMS GROUP,AUSTRALIA
EGS,-,EVERGLADES,NATIONAL JETS,"NATIONAL JETS, INC.",UNITED STATES OF AMERICA
NOL,-,NAT AIRLINE,NATIONAL OVERSEAS AIRLINES COMPANY,NATIONAL OVERSEAS AIRLINES COMPANY,EGYPT
UKP,-,POLICE,NATIONAL POLICE AIR SERVICE,UK HOME OFFICE,UNITED KINGDOM
NRG,-,-,NATIONALE REGIONALE TRANSPORT,NATIONALE REGIONALE TRANSPORT,GABON
NVT,-,NATIVE,NATIVE AMERICAN AIR AMBULANCE,"NATIVE AMERICAN AIR AMBULANCE, INC. (MESA, AZ)",UNITED STATES OF AMERICA
OAN,-,OTAN,NATO,NATO NORTH ATLANTIC TREATY ORGANISATION,BELGIUM
MAG,-,MAGMA,NATO AGS,NATO ALLIANCE GROUND SURVEILLANCE (AGS),ITALY
NAG,-,NATO,NATO AWACS,NAEW&C FORCE E-3A FLEET,GERMANY
BRK,-,BARTOK,NATO HUNGARY,HEAVY AIRLIFT WING (NATO HUNGARY),HUNGARY
MMF,-,MULTI,NATO SUPPORT AND PROCUREMENT AGENCY,NATO SUPPORT AND PROCUREMENT AGENCY,NETHERLANDS
RFI,-,SHERLOCK,NATS,NATIONAL AIR TRAFFIC SERVICES LTD,UNITED KINGDOM
EVM,-,SCIENCE,NATURAL ENVIRONMENT RESEARCH COUNCIL,NATURAL ENVIRONMENT RESEARCH COUNCIL,UNITED KINGDOM
NRR,-,NATUREAIR,NATUREAIR,NATUREAIR,COSTA RICA
NRK,-,NATURELINK,NATURELINK CHARTER,NATURELINK CHARTER (PTY) LTD,SOUTH AFRICA
RON,-,AIR NAURU,NAURU AIR CORPORATION,NAURU AIR CORPORATION,NAURU
NVC,-,NAV CAN,NAV CANADA,NAV CANADA,CANADA
NAV,-,NAV DISPATCH,NAV FLIGHT PLANNING,NAV FLIGHT PLANNING,CZECHIA
NVP,-,-,NAVEGACAO AEREA DE PORTUGAL,"NAVEGACAO AEREA DE PORTUGAL, NAV, EP",PORTUGAL
IRI,-,NAVID,NAVID,NAVID,IRAN
NVM,-,NAVIERA,NAVIERA MEXICANA,"NAVIERA MEXICANA, S.A. DE C.V.",MEXICO
XNV,-,-,NAVINC AIRLINES SERVICES,"TIGIN LTD. D/B/A NAVINC AIRLINES SERVICES (HONOLULU, HI)",UNITED STATES OF AMERICA
XNS,-,-,NAVTECH,NAVTECH SYSTEMS SUPPORT INC.,CANADA
NUR,-,-,NAWRS AIR,NAWRS AIR,LIBYA
NAY,-,NAYSA,NAYSA SERVICIOS AEREOS,NAYSA SERVICIOS AEREOS S.L.,SPAIN
NDT,-,ND AEROTAXIS,ND AEROTAXIS,"ND AEROTAXIS, S.A. DE C.V.",MEXICO
NEC,-,NECON AIR,NECON AIR,NECON AIR LTD,NEPAL
NCG,-,NETHERLANDS COASTGUARD,NEDERLANDSE KUSTWACHT,NEDERLANDSE KUSTWACHT,NETHERLANDS
FCS,-,NESA,NEDGISTIC EXPRESS SERVICES & AVIATION,NEDGISTIC EXPRESS SERVICES & AVIATION,NETHERLANDS
NFT,-,NEFTEAVIA,NEFTEYUGANSK AVIATION DIVISION,NEFTEYUGANSK AVIATION DIVISION,BRAZIL
NEL,-,NELLA,NELLA AIRLINES,NELLA AIRLINES LTDA,BRAZIL
CGE,-,COLLEGE,NELSON AVIATION COLLEGE,NELSON AVIATION COLLEGE LTD,NEW ZEALAND
NOS,NO,MOONFLOWER,NEOS,NEOS S.P.A.,ITALY
RNA,-,ROYAL NEPAL,NEPAL AIRLINES,NEPAL AIRLINES CORPORATION,NEPAL
NSL,-,NERICAIR,NERIC LIMITED,NERIC LIMITED,UNITED KINGDOM
NMA,NE,NESMA,NESMA AIRLINES,NESMA AIRLINES,EGYPT
NSS,-,NESMA CONNECT,NESMA AIRLINES,NESMA AIRLINES SAUDI ARABIA,SAUDI ARABIA
ANV,-,NESTAV,NESTOIL,NESTOIL LIMITED,NIGERIA
MEX,-,-,NETEX CONSULTING,S.C. NETEX CONSULTING S.R.L.,ROMANIA
NFX,-,SUNSET,"NETFLIX, INC.","NETFLIX, INC.",UNITED STATES OF AMERICA
NJT,-,NETJET,NETJET INTERNATIONAL,"NETJET INTERNATIONAL (EAST GRANBY, CT)",UNITED STATES OF AMERICA
EJA,-,EXECJET,NETJETS,"NETJETS AVIATION, INC. (COLUMBUS, OH)",UNITED STATES OF AMERICA
NEJ,-,NET BUSINESS,NETJETS,NETJETS BUSINESS AVIATION LIMITED,CHINA
NJE,-,FRACTION,NETJETS,"NETJETS, TRANSPORTES AEREOS S.A.",PORTUGAL
NJU,-,ARTISAN,NETJETS UK,NETJETS AIR TRANSPORT UK LTD,UNITED KINGDOM
NWK,-,NETLINK,NETWORK AVIATION AUSTRALIA,NETWORK AVIATION AUSTRALIA,AUSTRALIA
NET,-,NETWORK,NETWORK AVIATION SERVICES,NETWORK AVIATION SERVICES (NIG) LTD,NIGERIA
...,-,FLIGHTIMAGES,NETWORK MAPPING,NETWORK MAPPING LTD,UNITED KINGDOM
GDQ,-,-,NEW ENGLAND AIR NATIONAL GUARD,"LINCOLN, NE AIR NATIONAL GUARD (LINCOLN, NE)",UNITED STATES OF AMERICA
NEA,-,NEW ENGLAND,NEW ENGLAND AIRLINES,"NEW ENGLAND AIRLINES, INC. (WESTERLY, RI)",UNITED STATES OF AMERICA
NHT,-,NEWHEIGHTS,NEW HEIGHTS,NEW HEIGHTS 291 (PTY) LTD,SOUTH AFRICA
NJA,-,SHIN NIHON,NEW JAPAN AVIATION,"NEW JAPAN AVIATION CO., LTD",JAPAN
NWD,-,NEW WORLD,NEW WORLD JET CORPORATION,"NEW WORLD JET CORPORATION (RONKONKOMA, NY)",UNITED STATES OF AMERICA
GRY,-,GRAY RIDER,NEW YORK STATE POLICE,"NEW YORK STATE POLICE (ALBANY, NY)",UNITED STATES OF AMERICA
KIW,-,KIWI,NEW ZEALAND AIR FORCE,ROYAL NEW ZEALAND AIR FORCE,NEW ZEALAND
KRC,-,KIWI RESCUE,NEW ZEALAND DEFENCE FORCE,NEW ZEALAND DEFENCE FORCE,NEW ZEALAND
VGO,-,VIRGO,NEWGEN AIRWAYS,"NEWGEN AIRWAYS CO., LTD.",THAILAND
NES,-,NEWS,NEWS AIRLINES,NORTH EAST WEST SOUTH AIRLINES AB,SWEDEN
XGN,-,NEXGEN,NEXGEN FLIGHT SOLUTIONS,"NEXGEN FLIGHT SOLUTIONS, LLC",UNITED STATES OF AMERICA
NXT,-,NEXTNET,NEXTNET,NEXTNET,UNITED STATES OF AMERICA
NXS,-,NEXUS AVIATION,NEXUS AVIATION,NEXUS AVIATION LIMITED,NIGERIA
NXU,-,NEXUS,NEXUS FLIGHT OPERATIONS,NEXUS FLIGHT OPERATIONS SERVICES,SAUDI ARABIA
XGE,-,SOARING EAGLE,NG EAGLE,NG EAGLE LIMITED,NIGERIA
NHG,-,HELGA,NHT LINHAS AEREAS,NHT LINHAS AEREAS LTDA.,BRAZIL
NHD,-,NEMO,NHV,NHV A/S,DENMARK
NHV,-,-,NHV AVIATION,NHV AVIATION,GHANA
NHZ,-,GOLD,NHV HELICOPTERS,NHV HELICOPTERS LTD,UNITED KINGDOM
NAR,-,NICA AIRWAYS,NICARAGUA AIRWAYS,"AVIACION NACIONAL DE NICARAGUA, S.A. (NICARAGUA AIRWAYS)",NICURAGUA
NIS,-,NICA,NICARAGUENSE DE AVIACION,"NICARAGUENSE DE AVIACION, S.A (NICA)",NICARAGUA
...,-,CANOPY,NICHOLAS R SIMMONS,NICHOLAS R SIMMONS,UNITED KINGDOM
JTZ,-,STEEL JET,NICHOLAS SERVICES,"NICHOLAS SERVICES, LLC",UNITED STATES OF AMERICA
NCN,-,NICON AIRWAYS,NICON AIRWAYS,NICON AIRWAYS LIMITED,NIGERIA
NAB,-,NIGER CARGO,NIGER AIR CARGO,NIGER AIR CARGO,NIGER
NIN,-,NIGER AIRLINES,NIGER AIRLINES,NIGER AIRLINES,NIGER
NWA,-,SOLEIL NIGER,NIGER AIRWAYS,NIGER AIRWAYS,NIGER
NWB,-,NIGERIA AIR,NIGERIA AIR,NIGERIA AIR,NIGERIA
NGR,-,NIGERIAN AIRFORCE,NIGERIAN AIR FORCE,NIGERIAN AIR FORCE,NIGERIA
NGX,-,AIR GLOBAL,NIGERIAN GLOBAL,NIGERIAN GLOBAL,NIGERIA
NIA,NP,NILE BIRD,NILE AIR,NILE AIR,EGYPT
NSA,-,NILE SAFARIS,NILE SAFARIS AVIATION,NILE SAFARIS AVIATION,SUDAN
NLW,-,NILE WINGS,NILE WINGS,NILE WINGS AVIATION SERVICES,SUDAN
HBB,-,-,NIMBUS,NIMBUS,SPAIN
NSR,-,AIR STAR,NINE STAR AIRWAYS,NINE STAR AIRWAYS CO. LTD.,THAILAND
HTK,-,LINGBIRD,NINGXIA CARGO,NINGXIA CARGO AIRLINES CO. LTD.,CHINA
NCA,KZ,NIPPON CARGO,NIPPON CARGO AIRLINES,"NIPPON CARGO AIRLINES CO., LTD.",JAPAN
UAI,-,-,NIUAS/13AEF,NORTHERN IRELAND UNIVERSITY AIR SQUADRON /13 AIR EXPERIENCE FLIGHT,UNITED KINGDOM
NVK,-,VARTOVSKAVIA,NIZHNEVARTOVSKAVIA,NIZHNEVARTOVSKAVIA,RUSSIAN FEDERATION
NLM,-,+,NO LIMITS AIR,NO LIMITS AIR,SPAIN
NOA,-,NOAA,NOAA,NATIONAL OCEANIC & ATMOSPHERIC ADMINISTRATION,UNITED STATES OF AMERICA
NRA,-,AIRNOAR,NOAR LINHAS AEREAS,NOAR LINHAS AEREAS,BRAZIL
NOB,-,SWEDLINE,NOBISAIR,NOBISAIR AB,SWEDEN
JLJ,-,HIGHBORN,NOBLE AIR CHARTER,NOBLE AIR CHARTER INC.,UNITED STATES OF AMERICA
NOK,-,NOK AIR,NOK AIRLINES,"NOK AIRLINES PUBLIC CO., LTD",THAILAND
NCT,-,BIG BIRD,NOKSCOOT,NOKSCOOT AIRLINES CO. LTD.,THAILAND
NRL,-,NOLINOR,NOLINOR AVIATION,NOLINOR AVIATION,CANADA
NUB,-,VALLETTA,NOMAD AVIATION,NOMAD AVIATION (EUROPE) LTD,MALTA
NUM,-,BULLY,NOMAD AVIATION,NOMAD AVIATION AG,SWITZERLAND
OMD,-,NOMADIC,NOMADIC AVIATION GROUP,NOMADIC AVIATION GROUP,UNITED STATES OF AMERICA
CBZ,-,COOL BREEZE,NONSTOP AVIATION,"NONSTOP AVIATION (BOCA RATON, FL)",UNITED STATES OF AMERICA
NHX,-,EVO,NOORDZEE HELIKOPTERS VLAANDEREN,NOORDZEE HELIKOPTERS VLAANDEREN,BELGIUM
ROW,-,ROTORWING,NOR AVIATION,NOR AVIATION,NORWAY
NHE,-,NORD,NORD HELIKOPTER,NORD HELIKOPTER,NORWAY
NDD,-,NORDEND,NORDEND,NORDEND SRL,ITALY
FFX,-,FLEX BRASIL,NORDESTE LINHAS AEREAS,"NORDESTE LINHAS AEREAS, S.A.",BRAZIL
DOK,-,DOCTOR,NORDIC AIR AMBULANCE,NORDIC AIR AMBULANCE A/S,DENMARK
WET,,BAREFOOT,NORDIC SEAPLANES,NORDIC SEAPLANES A/S,DENAMRK
WET,-,BAREFOOT,NORDIC SEAPLANES,NORDIC SEAPLANES A/S,DENAMRK
NOU,-,NORDUN,NORDIC UNMANNED,NORDIC UNMANNED AS,NORWAY
NDA,-,NORDICA AIR,NORDICA,NORDICA,ESTONIA
NFE,-,NORDIC BLUE,NORDICFLITE,NORDICFLITE OY LTD,FINLAND
TYA,Y7,TAIMYR,NORDSTAR,JOINT-STOCK COMPANY NORDSTAR AIRLINES,RUSSIAN FEDERATION
EHR,-,ROTOR,NORDURFLUG,NORDURFLUG EHF,ICELAND
NWS,N4,NORDLAND,NORDWIND AIRLINES,NORDWIND LLC,RUSSIAN FEDERATION
NRT,-,NORESTAIR,NORESTAIR,"NORESTAIR, S.L.",SPAIN
BNY,-,BOUNTY,NORFOLK ISLAND AIRLINES,NORFOLK ISLAND AIRLINES,AUSTRALIA
FNA,-,-,NORLANDAIR,NORLANDAIR,ICELAND
FCM,N7,FINNCOMM,NORRA,NORDIC REGIONAL AIRLINES OY,FINLAND
NRX,-,NORSE AIR,NORSE AIR,NORSE AIR CHARTER,SOUTH AFRICA
NBT,-,LONGSHIP,NORSE ATLANTIC AIRWAYS,NORSE ATLANTIC AIRWAYS AS,NORWAY
DOC,-,HELIDOC,NORSK LUFTAMBULANSE,NORSK LUFTAMBULANSE A/S,NORWAY
RTV,-,TIC-TAC,NORTAVIA,NORTAVIA,PORTUGAL
NAO,-,NORTH AMERICAN,NORTH AMERICAN AIRLINES,"NORTH AMERICAN AIRLINES, INC. (JAMAICA, NY)",UNITED STATES OF AMERICA
SFH,-,STARFISH,NORTH AMERICAN JET CHARTER GROUP,"NORTH AMERICAN JET CHARTER GROUP, LLC (WHEELING, IL)",UNITED STATES OF AMERICA
NAT,-,MASS AIR,NORTH ATLANTIC AIR,"NORTH ATLANTIC AIR, INC. (DANVERS, MA)",UNITED STATES OF AMERICA
NCB,-,NORTH CARIBOU,NORTH CARIBOU AIR,NORTH CARIBOU FLYING SERVICE LTD.,CANADA
FTK,-,FIRETAC,NORTH CAROLINA FOREST SERVICE,NORTH CAROLINA FOREST SERVICE,UNITED STATES OF AMERICA
NCJ,-,NORTH CENTRAL,NORTH CENTRAL AVIATION,"NORTH CENTRAL AVIATION, LLC (ST. PAUL, MN)",UNITED STATES OF AMERICA
NKT,-,NORTH COUNTRY,NORTH COUNTRY AVIATION,"NORTH COUNTRY AVIATION, INC. (GAYLORD, MI)",UNITED STATES OF AMERICA
FRI,-,FREEFLIGHT,NORTH EAST CHARTERS,FREEDOM AIR (PTY) LTD T/A NORTH EAST CHARTERS,SOUTH AFRICA
NFA,-,NORTH FLYING,NORTH FLYING,NORTH FLYING A/S,DENMARK
MVK,-,MINN STATE,NORTH STAR AVIATION,NORTH STAR AVIATION,UNITED STATES OF AMERICA
NFL,-,GREAT LAKES,NORTHAIRE FREIGHT LINES,"NORTHAIRE FREIGHT LINES LTD. (DAVISBURG, MI)",UNITED STATES OF AMERICA
NSF,-,NORTON,NORTHAMPTONSHIRE SCHOOL OF FLYING,NORTHAMPTONSHIRE SCHOOL OF FLYING LTD,UNITED KINGDOM
NEN,-,NORTHEAST SWAN,NORTH-EAST AIRLINES,NORTH-EAST AIRLINES LTD,NIGERIA
BIT,-,RUN BITTY,NORTHEAST AVIATION,"NORTHEAST AVIATION, INC. (LANSING, IL)",UNITED STATES OF AMERICA
NEW,-,NORTHEASTERN,NORTHEASTERN AVIATION CORPORATION,NORTHEASTERN AVIATION CORPORATION,UNITED STATES OF AMERICA
NLI,-,NORTH LINK,NORTHERN AIR,NORTHERN AIR CHARTER (P.R.) INC.,CANADA
NAC,-,YUKON,NORTHERN AIR CARGO,"NORTHERN AIR CARGO, INC. (ANCHORAGE, AK)",UNITED STATES OF AMERICA
NEX,-,NEATAX,NORTHERN EXECUTIVE AVIATION,NORTHERN EXECUTIVE AVIATION LTD.,UNITED KINGDOM
NHC,-,NORTHERN,NORTHERN HELICOPTER,"NORTHERN HELICOPTER GMBH, EMDEN",GERMANY
NUS,-,ENJET,NORTHERN ILLINOIS FLIGHT CENTER,"NORTHERN ILLINOIS FLIGHT CENTER, INC.",UNITED STATES OF AMERICA
NJM,-,NORTHERN JET,NORTHERN JET MANAGEMENT,NORTHERN JET MANAGEMENT,UNITED STATES OF AMERICA
NSI,-,NORTHERN SKIES,NORTHERN SKIES AVIATION,"NORTHERN SKIES AVIATION, INC. (LAUREL, MT)",UNITED STATES OF AMERICA
NWH,-,NORTHERN WINGS,NORTHERN WINGS,NORTHERN WINGS SA,GREECE
GJA,-,GREY JAY,NORTHSTAR AIR TOURS,1590877AB,CANADA
NHL,-,NORTHUMBRIA,NORTHUMBRIA HELICOPTERS,NORTHUMBRIA HELICOPTERS LIMITED,UNITED KINGDOM
NAL,-,NORTHWAY,NORTHWAY AVIATION,NORTHWAY AVIATION LTD,CANADA
NWC,-,WEST WAY,NORTH-WEST,AIRCOMPANY NORTH-WEST LLC,RUSSIAN FEDERATION
NWE,-,-,NORTHWEST AERO ASSOCIATES,"NORTHWEST AERO ASSOCIATES, INC. (ELKO, NV)",UNITED STATES OF AMERICA
NWF,-,SECOND CITY,NORTHWEST FLYERS,"NORTHWEST FLYERS, INC. (SCHAUMBURG, IL)",UNITED STATES OF AMERICA
PLR,-,POLARIS,NORTHWESTERN AIR,NORTHWESTERN AIR LEASE LTD.,CANADA
CNW,-,TANG,NORTH-WESTERN CARGO,"NORTH-WESTERN CARGO INTERNATIONAL AIRLINES CO., LTD",CHINA
NWO,-,-,NORTHWOOD,NORTHWOOD HEADQUARTERS (RAF),UNITED KINGDOM
NWL,-,NORTHWRIGHT,NORTH-WRIGHT AIRWAYS,NORTH WRIGHT AIR LTD,CANADA
NSW,LE,-,NORWEGIAN,NORWEGIAN AIR SWEDEN AB,SWEDEN
NSZ,D8,NORLIGHT,NORWEGIAN,NORWEGIAN AIR SWEDEN AOC AB,SWEDEN
NAN,DH,NORSHIP,NORWEGIAN AIR,NORWEGIAN AIR NORWAY AS,NORWAY
NAA,-,NORUEGA,NORWEGIAN AIR ARGENTINA,NORWEGIAN AIR ARGENTINA,ARGENTINA
NOW,-,NORWEGIAN,NORWEGIAN AIR FORCE,ROYAL NORWEGIAN AIR FORCE,NORWAY
IBK,-,NORTRANS,NORWEGIAN AIR INTERNATIONAL ,NORWEGIAN AIR INTERNATIONAL LTD,IRELAND
NAX,-,NORSHUTTLE,NORWEGIAN AIR SHUTTLE,NORWEGIAN AIR SHUTTLE A.S.,NORWAY
NOZ,DY,NORDIC,NORWEGIAN AIR SHUTTLE,NORWEGIAN AIR SHUTTLE AOC AS,NORWAY
NRS,-,RED NOSE,NORWEGIAN AIR UK,NORWEGIAN AIR UK LTD.,UNITED KINGDOM
XNT,-,-,NOTAMS INTERNATIONAL,"NOTAMS INTERNATIONAL, INC. (PEACHTREE CITY, GA)",UNITED STATES OF AMERICA
LBT,BJ,NOUVELAIR,NOUVELAIR,NOUVELAIR LIMITED COMPANY,TUNISIA
NVS,-,NOUVELLE AFFAIRES,NOUVELLE AIR,NOUVELLE AIR AFFAIRES GABON,GABON
VUN,-,AIRIVOIRE,NOUVELLE AIR IVOIRE,NOUVELLE AIR IVOIRE,COTE D'IVOIRE
NVR,N9,NAVIGATOR,NOVA AIRLINES,NOVA AIRLINES AB,SWEDEN
NOV,-,NOVANILE,NOVA AIRWAYS,NOVA AIRWAYS,SUDAN
WWN,-,NOVAWEST,NOVA WEST AVIATION,NOVA WEST AVIATION C.A.,VENEZUELA
NAI,NG,NOVAIR,NOVAIR,"""NOVAIR"" LIMITED LIABILITY COMPANY",ARMENIA
NOJ,-,NOVAJET,NOVAJET,NOVAJET (2106701 ONTARIO INC.),CANADA
NVQ,-,NOVO AIR,NOVO AIR,NOVO AIR,BANGLADESH
CLW,-,CENTRALWINGS,NOWY PRZEWOZNIK,NOWY PRZEWOZNIK SP. Z.O.O.,POLAND
NTA,-,THUNDERBIRD,NT AIR,NORTHERN THUNDERBIRD AIR LTD.,CANADA
SJK,-,NUSANTARA,NUSANTARA AIR CHARTER,"NUSANTARA AIR CHARTER, PT.",INDONESIA
KPO,-,KRYPTO,NXT JET,"NXT JET, INC",UNITED STATES OF AMERICA
NYS,-,NYASA,NYASA EXPRESS,NYASA EXPRESS,MALAWI
NYX,-,NYX AIR,NYXAIR,NYXAIR OU,ESTONIA
WAR,-,WARBIRDS,NZ WARBIRDS,NZ WARBIRDS ASSOCIATION INC.,NEW ZEALAND
OGA,-,OASIS AIR,OASIS AIR,OASIS AIR,NIGER
OAS,-,ORCHID,OASIS FLIGHT,OASIS FLIGHT LTD,UNITED KINGDOM
BCN,-,BLUE OCEAN,OCEAN AIR,OCEAN AIR,MAURITANIA
ONE,-,OCEANAIR,OCEANAIR,OCEANAIR - LINHAS AEREAS LTDA.,BRAZIL
ZOZ,-,OCEANA,OCEANIC AIR TRAFFIC CONTROL,OCEANIC AIR TRAFFIC CONTROL,ICAO
OCL,-,SOCA,OCL BARBADOS,OCL BARBADOS LTD,BARBADOS
OHS,-,ODENGENE,ODENGENE AIR SHUTTLE,ODENGENE AIR SHUTTLE SERVICES LIMITED,NIGERIA
OAZ,-,-,ODESSA AIRCRAFT PLANT,ODESSA AIRCRAFT PLANT,UKRAINE
OFK,-,-,OFEK,OFEK,ISRAEL
FOC,-,FOCA,OFFICE FEDERAL DE L'AVIATION CIVILE,OFFICE FEDERAL DE L'AVIATION CIVILE,SWITZERLAND
GBO,-,+,OGOOUE AIR CARGO,OGOOUE AIR CARGO,GABON
OSU,-,SCARLET,OHIO STATE UNIVERSITY,"OHIO STATE UNIVERSITY FLIGHT EDUCATION DIVISION (COLUMBUS, OH)",UNITED STATES OF AMERICA
ECA,-,DARK KNIGHT,OHL AIR CHARTERFLUG,OHL AIR CHARTERFLUG,GERMANY
NTF,-,NETFLIGHT,OK AVIATION,OK AVIATION WINGS,CZECHIA
OKJ,-,OKADA AIR,OKADA AIRLINES,OKADA AIRLINES LIMITED,NIGERIA
OKA,BK,OKAYJET,OKAY AIRWAYS,OKAY AIRWAYS COMPANY LIMITED,CHINA
OKL,-,OKLAHOMA,OKLAHOMA DEPARTMENT OF PUBLIC SAFETY,"OKLAHOMA DEPARTMENT OF PUBLIC SAFETY, TROOP O (BETHANY, OK)",UNITED STATES OF AMERICA
OST,-,OSTATE,OKLAHOMA STATE UNIVERSITY,OKLAHOMA STATE UNIVERSITY,UNITED STATES OF AMERICA
OKW,-,-,OK-TRANS,OK-TRANS LLC,RUSSIAN FEDERATION
FET,-,FREIGHT LINE,OLD DOMINION FREIGHT LINES,"OLD DOMINION FREIGHT LINES, INC. (THOMASVILLE, NC)",UNITED STATES OF AMERICA
YAP,-,WHITEKEKO,OLT EXPRESS POLAND,OLT EXPRESS POLAND SP. Z.O.O.,POLAND
OAL,OA,OLYMPIC,OLYMPIC AIR,OLYMPIC AIR S.A.,GREECE
OBC,-,OLYCAM,OLYMPIC BROADCASTING SERVICES,OLYMPIC BROADCASTING SERVICES,UNITED KINGDOM
OLY,-,OLYAIR,OLYMPUS AIRWAYS,OLYMPUS AIRWAYS,GREECE
OMA,WY,OMAN AIR,OMAN AIR,OMAN AIR,OMAN
MJN,-,MAJAN,OMAN AIR FORCE,ROYAL AIR FORCE OF OMAN (AIR TRANSPORT),OMAN
ROP,-,-,OMAN POLICE,ROYAL OMAN POLICE,OMAN
ORF,-,OMAN,OMAN ROYAL FLIGHT,OMAN ROYAL FLIGHT,OMAN
OME,-,OMEGA TANKER,OMEGA AERIAL REFUELING SERVICES,"OMEGA AERIAL REFUELING SERVICES, INC.",UNITED STATES OF AMERICA
OAV,-,OMNI,OMNI,"OMNI - AVIACAO E TECNOLOGIA, LDA",PORTUGAL
OMB,-,OMNIBLU,OMNI - BLU AVIATION,OMNI - BLU AVIATION,NIGERIA
OAE,OY*,OMNI-EXPRESS,OMNI AIR,"OMNI AIR INTERNATIONAL, INC. (TULSA, OK)",UNITED STATES OF AMERICA
DRL,-,DRILLER,OMNI AIR TRANSPORT,"OMNI AIR TRANSPORT, LLC (TULSA, OK)",UNITED STATES OF AMERICA
OMI,-,OMNI AIR,OMNI TAXI AEREO,OMNI TAXI AEREO S.A.,BRAZIL
ONI,-,OMNI TRAINING,OMNI TRAINING,OMNI AVIATION TRAINING CENTER,PORTUGAL
OMF,-,OMNIFLYS,OMNISKY,"OMNISKY, S.A. DE C.V.",MEXICO
HGO,HC*,HAMPTON,ONE AIR,ONE AIR LTD,UNITED KINGDOM
ONS,-,AIR DREAMS,ONE AIRLINES,ONE AIRLINES,CHILE
OEW,-,DREAMER,ONE AIRWAYS,ONE AIRWAYS,SPAIN
VCY,-,VINCY,ONE CARIBBEAN,ONE CARIBBEAN LTD,SAINT VINCENT AND THE GRENADINES
OJO,-,OHJOH,ONEJETONE AIRWAYS,ONEJETONE AIRWAYS,KENYA
OSC,-,UNCIELO,ONESKY CHILE,ONESKY AVIATION SERVICES SPA (ONESKY CHILE),CHILE
OTK,-,ON TRACK,ON-TRACK AVIATION,ON-TRACK AVIATION LTD,UNITED KINGDOM
OHY,-,ONUR AIR,ONUR AIR,ONUR HAVA TASIMACILIK AWMS,TURKEY
OFL,-,OPEN FLIGHT,OPEN FLIGHT,OPEN FLIGHT,FRANCE
OSY,-,OPEN SKIES,OPEN SKIES,OPEN SKIES CONSULTATIVE COMMISSION (OSCC),UNITED STATES OF AMERICA
OSA,-,-,OPEN SKY AVIATION,OPEN SKY AVIATION S.A.R.L.,LEBANON
BOS,-,MISTRAL,OPENSKIES,OPENSKIES,FRANCE
OPJ,-,OPERA JET,OPERA JET,OPERA JET LTD,SLOVAKIA
OPR,-,AVIACORE,OPERACIONES AVIACORE,OPERACIONES AVIACORE SA DE CV,MEXICO
OLE,-,OPERADORA,OPERADORA,"OPERADORA DE LINEAS EJECUTIVAS, S.A. DE C.V.",MEXICO
OLL,-,MINMEX,OPERADORA,"OPERADORA LLAMINMEX, S.A. DE C.V.",MEXICO
OPV,-,OPERADORA DE VUELOS,OPERADORA,"OPERADORA DE VUELOS EJECUTIVOS, S.A. DE C.V.",MEXICO
...,-,BRIGADE,OPERATIONAL SUPPORT SERVICES,OPERATIONAL SUPPORT SERVICES LTD,UNITED KINGDOM
ORN,-,ORANGE JET,ORANGE AIR,"ORANGE AIR LLC (SANFORD, FL)",UNITED STATES OF AMERICA
ORE,-,ORANGE AVIATION,ORANGE AVIATION,ORANGE AVIATION,ISRAEL
OTF,-,ORANGESKY,ORANGE2FLY,ORANGE2FLY AIRLINES S.A.,GREECE
OBS,6O,ORBEST,ORBEST,"ORBEST, S.A.",PORTUGAL
ORK,-,ORCA,ORCA AIRWAYS,ORCA AIRWAYS LTD,CANADA
CYE,-,SAKIRA,ORDOS GA,ORDOS GENERAL AVIATION CO. LTD.,CHINA
OML,-,MAMBRA,ORGANIZACOES MAMBRA,"ORGANIZACOES MAMBRA, LDA",ANGOLA
YYY,-,-,ORGANIZATION NOT ALLOCATED A DESIGNATOR ON AN EXCLUSIVE BASIS,ORGANIZATION NOT ALLOCATED A DESIGNATOR ON AN EXCLUSIVE BASIS,ICAO
OTR,-,ORIENTROC,ORIENT AIRLINES,ORIENT AIRLINES,SUDAN
OEA,-,ORIENT THAI,ORIENT THAI AIRLINES,ORIENT THAI AIRLINES,THAILAND
ORC,-,ORIENTAL BRIDGE,ORIENTAL AIR BRIDGE,"ORIENTAL AIR BRIDGE CO., LTD",JAPAN
OAC,-,ORIENTAL AIR,ORIENTAL AIRLINES,ORIENTAL AIRLINES LIMITED,NIGERIA
SSO,-,ORINOCO,ORINOCO AVIATION,S&S ORINOCO AVIATION C.A.,VENEZUELA
OXM,-,ORION MALTA,ORION,ORION (MALTA) LTD,MALTA
OED,-,ORION CHARTER,ORION AIR CHARTER,ORION AIR CHARTER,SOUTH AFRICA
ORI,-,RED GLOBE,ORIONAIR,"ORIONAIR, S.L.",SPAIN
OIX,-,ORIONIX,ORION-X,ORION-X,RUSSIAN FEDERATION
PUL,-,PULSE,ORNGE,ORNGE AIR,CANADA
OAD,-,ORSCOM,ORSCOM,ORSCOM TOURIST INSTALLATIONS COMPANY,EGYPT
ORH,-,ORSHA,ORSHA AIR,ORSHA AIR,BELARUS
ORT,-,SKYWALKER,ORTAC,ORTAC AOC LTD,JERSEY
OJT,-,ORYSTAR,ORYXJET,ORYXJET LTD,UNITED KINGDOM
JPA,-,J-PAT,OSACOM,OPERATIONAL SUPPORT AIRLIFT COMMAND (OSACOM),UNITED STATES OF AMERICA
OSJ,-,OSCARJET,OSCAR JET,OSCAR JET,MOLDOVA
OAB,-,OSH AIR,OSH AIR,OSH AIR,KYRGYSTAN
HEP,-,HELIPOLICE,OSLO POLITIDISTRIKT,"OSLO POLITIDISTRIKT, HELIKOPTERTJENESTEN",NORWAY
SCQ,-,SCAVAC,OSM AVIATION,OSM AVIATION ACADEMY AB,SWEDEN
OCO,-,AIR COLLEGE,OSTEND AIR COLLEGE,OSTEND AIR COLLEGE,BELGIUM
OTT,-,OTT AIRLINES,OTT AIRLINES,"OTT AIRLINES CO., LTD.",CHINA
OOT,-,OOTBAS,OUT OF THE BLUE AIR SAFARIS,OUT OF THE BLUE AIR SAFARIS (PTY) LTD,SOUTH AFRICA
OLA,OF,OVERLAND,OVERLAND AIRWAYS,OVERLAND AIRWAYS LIMITED,NIGERIA
OCJ,-,OVERSTAR,OVERSTAR,OVERSTAR S.R.L.,SAN MARINO
OWE,-,OWENAIR,OWENAIR,OWENAIR (PTY) LTD,SOUTH AFRICA
OXF,-,OXFORD,OXFORD AVIATION ACADEMY,OXFORD AVIATION ACADEMY,UNITED KINGDOM
OXS,-,OXUS AIRWAYS,OXUS AIRWAYS,OXUS AIRWAYS,AFGHANISTAN
OYA,-,OYAA,OYA INTERNATIONAL AIRLINES,OYA INTERNATIONAL AIRLINES,LIBYA
OYO,-,ROGUE,OYONNAIR,OYONNAIR,FRANCE
KTL,-,KNOTTSBERRY,P & P FLOSS PICK MANUFACTURERS,P & P FLOSS PICK MANUFACTURERS CC.,SOUTH AFRICA
PDQ,-,DISPATCH,P D Q AIR CHARTER,"P D Q AIR CHARTER, INC. (PONTIAC, MI)",UNITED STATES OF AMERICA
PCR,-,PACAIR,PAC AIR,"PEARSON AVIATION CORPORATION D/B/A PAC AIR(NASHUA, NH)",UNITED STATES OF AMERICA
WIS,-,WISCAIR,PACCAIR,"PRO-AIRE CARGO AND CONSULTING, INC. D/B/A PACCAIR (NEENAH, WI)",UNITED STATES OF AMERICA
PCE,-,PACE,PACE AIRLINES,"PIEDMONT AVIATION SERVICES, INC. D/B/A PACE AIRLINES",UNITED STATES OF AMERICA
PAQ,-,SOLPAC,PACIFIC AIR EXPRESS,PACIFIC AIR EXPRESS (SOLOMON ISLANDS) LIMITED,SOLOMON ISLANDS
PCF,-,PACIFIC,PACIFIC AIR EXPRESS AUSTRALIA,PACIFIC AIR EXPRESS AUSTRALIA PTY LTD,AUSTRALIA
PIC,BL,PACIFIC AIRLINES,PACIFIC AIRLINES,PACIFIC AIRLINES JOINT STOCK AVIATION COMPANY,VIET NAM
PAK,-,PACIFIC ALASKA,PACIFIC ALASKA AIRLINES,"PACIFIC ALASKA AIRLINES (FAIRBANKS, AK)",UNITED STATES OF AMERICA
PCX,-,-,PACIFIC AVIATION CORPORATION,"PACIFIC AVIATION CORPORATION (LOS ANGELES, CA)",UNITED STATES OF AMERICA
PQA,-,SAGE BRUSH,PACIFIC COAST AIRLINES,"PACIFIC COAST AIRLINES (NEWPORT BEACH, CA)",UNITED STATES OF AMERICA
PXT,-,PACK COAST,PACIFIC COAST JET,"PACIFIC COAST JET (OAKLAND, CA)",UNITED STATES OF AMERICA
PCO,-,PASCO,PACIFIC COASTAL AIRLINES,PACIFIC COASTAL AIRLINES LTD.,CANADA
PIN,-,ROAD RUNNERS,PACIFIC INTERNATIONAL AIRLINES,"PACIFIC INTERNATIONAL AIRLINES, INC. (TUCSON, AZ)",UNITED STATES OF AMERICA
PSA,-,PACIFIC ISLE,PACIFIC ISLAND AVIATION,"PACIFIC ISLAND AVIATION, INC. (SAIPAN, MP)",UNITED STATES OF AMERICA
PCJ,-,PACIFIC JET,PACIFIC JET,"PACIFIC JET, INC. (ANCHORAGE, AK)",UNITED STATES OF AMERICA
PNJ,-,PAC JET,PACIFIC NORTHWEST,"PACIFIC NORTHWEST, INC. (WILMINGTON, DE)",UNITED STATES OF AMERICA
LVW,-,LONGVIEW,PACIFIC SKY AVIATION,PACIFIC SKY AVIATION INC,CANADA
PSX,-,SMILEY,PACIFIC SOUTHWEST AIRLINES,"PACIFIC SOUTHWEST AIRLINES, INC. (CARLBAD, CA)",UNITED STATES OF AMERICA
NMI,-,TSUNAMI,PACIFIC WINGS,"PACIFIC WINGS (PAIA, HI)",UNITED STATES OF AMERICA
PFR,-,PACIFIC WEST,PACIFICAIR AIRLINES,"PACIFICAIR AIRLINES (CORVALLIS, OR)",UNITED STATES OF AMERICA
PFL,-,PACIFICFLYER,PACIFICFLYER,"AVIATION MATTERS, INC. (PACIFICFLYER)",PALAU
PDX,-,PACKAGE EXPRESS,PACKAGE DELIVERY XPRESS,PACKAGE DELIVERY XPRESS LTD,BAHAMAS
PVD,-,PAD AVIATION,PAD AVIATION SERVICE,PAD AVIATION SERVICE GMBH,GERMANY
PAE,-,PAISAJES,PAISAJES ESPANOLES,"PAISAJES ESPANOLES, S.A.",SPAIN
PKW,-,PLATINUM WEST,PAK WEST AIRLINES,"PAK WEST AIRLINES, INC. (STOCKTON, CA)",UNITED STATES OF AMERICA
NST,-,NISHAT,PAKISTAN AVIATION,PAKISTAN AVIATORS & AVIATION (PVT) LTD,PAKISTAN
PIA,PK,PAKISTAN,PAKISTAN INTERNATIONAL AIRLINES,PAKISTAN INTERNATIONAL AIRLINES CORPORATION (PIA),PAKISTAN
PKR,-,PAKKER AVIO,PAKKER AVIO,PAKKER AVIO LTD,ESTONIA
SPR,-,SPEEDAIR,PAL AEROSPACE,PAL AEROSPACE LTD,CANADA
PVL,-,PROVINCIAL,PAL AIRLINES,PAL AIRLINES LTD,CANADA
GAP,2P,AIRPHIL,PAL EXPRESS,AIR PHILIPPINES CORPORATION,PHILIPPINES
PAU,-,PALAIRWAYS,PALAU AIRWAYS,PALAU AIRWAYS CORP.,PALAU
PPC,-,PALAU ASIAPAC,PALAU ASIA PACIFIC AIRLINES,PALAU ASIA PACIFIC AIRLINES,PALAU
PXC,-,PALAU EXPRESS,PALAU EXPRESS AIRLINES ,PALAU EXPRESS AIRLINES CORPORATION,PALAU
PNA,-,TROPIC BIRD,PALAU NATIONAL AIRLINES,PALAU NATIONAL AIRLINES,PALAU
PTP,-,TRANS PACIFIC,PALAU TRANS PACIFIC AIRLINE,PALAU TRANS PACIFIC AIRLINE,PALAU
PNW,-,PALESTINIAN,PALESTINIAN AIRLINES,PALESTINIAN AIRLINES,EGYPT
WDE,-,SANDSTONE,PALLAS AVIATION,PALLAS AVIATION,UNITED STATES OF AMERICA
PAY,-,-,PALM AVIATION,PALM AVIATION,UNITED ARAB EMIRATES
PMX,-,PAMBELE,PAMBELE AVIATION,PAMBELE AVIATION,SOUTH AFRICA
PIR,-,PAMIR,PAMIR AIRWAYS,PAMIR AIRWAYS,AFGHANISTAN
FBE,-,AFRIBEE,PAN AFRICAN AIRLINES,PAN AFRICAN AIRLINES LEASING COMPANY LTD,MAURITIUS
ODM,-,JETAFRICA,PAN AFRICAN AIRWAYS,PAN AFRICAN AIRWAYS LTD,KENYA
PAX,-,PANNEX,PAN AIR,"PAN AIR, INC. (HOUSTON, TX)",UNITED STATES OF AMERICA
XPA,-,-,PAN AM WEATHER SYSTEMS,"PAN AM WEATHER SYSTEMS (MINNEAPOLIS, MN)",UNITED STATES OF AMERICA
PWD,-,-,PAN AM WORLD AIRWAYS DOMINICANA,"PAN AM WORLD AIRWAYS DOMINICANA, CXA.",DOMINICAN REPUBLIC
PAA,-,CLIPPER,PAN AMERICAN AIRWAYS CORPORATION,"PAN AMERICAN AIRWAYS CORPORATION (DANIA, FL)",UNITED STATES OF AMERICA
EUP,-,SAVOY,PAN EUROPEENNE,PAN EUROPEENNE,FRANCE
PHT,-,PANANK,PAN HAVACILIK VE TICARET,PAN HAVACILIK VE TICARET A.S.,TURKEY
PMA,-,PAN MALAYSIA,PAN MALAYSIAN AIR TRANSPORT,PAN MALAYSIAN AIR TRANSPORT,MALAYSIA
AAV,8Y*,ASTRO-PHIL,PAN PACIFIC AIRLINES,"ASTRO AIR INTERNATIONAL, INC. DBA OF PAN PACIFIC AIRLINES",PHILIPPINES
PNR,-,SKYJET,PANAIR,PANAIR,SPAIN
RSL,-,PANAMA RENTAL,PANAMA AIRCRAFT,"PANAMA AIRCRAFT RENTAL AND SALES, INC.",PANAMA
PEI,-,PANAMEDIA,PANAMEDIA,"PANAMEDIA, S.L.",SPAIN
VPC,-,SOLAR,PANAVIATIC,PANAVIATIC,ESTONIA
RJB,-,PANELLENIC,PANELLENIC AIRLINES,PANELLENIC AIRLINES,GREECE
PEA,-,PEA,PAN-EUROPEENNE AIR SERVICE,PAN EUROPEENNE AIR SERVICE,FRANCE
PNH,-,KUBAN LIK,PANH,"PANH, JOINT-STOCK COMPANY",RUSSIAN FEDERATION
PHU,-,PANNON,PANNON AIR SERVICE,PANNON AIR SERVICE LTD,HUNGARY
PAH,-,LANI,PANORAMA AIR TOUR,"PANORAMA AIR TOUR, INC. (HONOLULU, HI)",UNITED STATES OF AMERICA
PNO,-,PANO,PANORAMA AVIATION,PANORAMA AVIATION,CANADA
HMP,-,PAPAIR TERMINAL,PAPAIR TERMINAL,PAPAIR TERMINAL S.A.,HAITI
...,-,DEFENCE,PAPUA NEW GUINEA DEFENCE FORCE,PAPUA NEW GUINEA DEFENCE FORCE,PAPUA NEW GUINEA
ATM,-,AIRTAS,PAR AVION,AIRLINES OF TASMANIA T/A PAR AVION,AUSTRALIA
PMM,-,PARADIGM,PARADIGM AIR,"PARADIGM AIR (DALLAS, TX)",UNITED STATES OF AMERICA
PAI,-,SEA RAY,PARADISE AIRWAYS,"PARADISE AIRWAYS, INC. (SMYRNA, TN)",UNITED STATES OF AMERICA
PGX,-,PARAGON EXPRESS,PARAGON AIR EXPRESS,"PARAGON AIR EXPRESS, INC.",UNITED STATES OF AMERICA
PFT,-,PARAGON FLIGHT,PARAGON AIRWAYS,"C.C. CALZONE, LLC DBA PARAGON AIRWAYS",UNITED STATES OF AMERICA
PGF,-,-,PARAGON GLOBAL FLIGHT SUPPORT,PARAGON GLOBAL FLIGHT SUPPORT,UNITED KINGDOM
PGJ,-,UBER,PARAGON JETS,"USAC AIRWAYS 691, LLC",UNITED STATES OF AMERICA
PAB,-,PARAIR,PARAIR,PARAIR,TAJIKISTAN
PMW,-,PARAWAY,PARAMOUNT AIRWAYS,PARAMOUNT AIRWAYS,INDIA
AZP,ZP,GUARANI,PARANAIR,COMPANIA DE AVIACION PARAGUAYA S.A.,PARAGUAY
APE,-,AIR PARCEL,PARCEL EXPRESS,"PARCEL EXPRESS (DENVER, CO)",UNITED STATES OF AMERICA
IRE,-,PARIZAIR,PARIZ AIR,PARIZ AIR,IRAN
PRS,-,PARS SKY,PARS AIR,PARS AIR,IRAN
PRA,-,PARSAVIA,PARS AVIATION SERVICE,PARS AVIATION SERVICE CO.,IRAN
PST,-,TURISMO REGIONAL,PARSA,"PARSA, S.A.",PANAMA
PIS,-,PARSIS,PARSIS,PARSIS,IRAN
PJT,-,PARTNERJET,PARTNER JET,PARTNER JET INC.,CANADA
PSC,P6*,PASCAN,PASCAN AVIATION,9736140 CANADA INC. - PASCAN,CANADA
PAF,-,PATHFINDER,PATHFINDER AVIATION,PATHFINDER AVIATION LLC,UNITED STATES OF AMERICA
PLZ,-,PALS HOPE,PATIENT AIRLIFT SERVICES,PATIENT AIRLIFT SERVICES,UNITED STATES OF AMERICA
PPT,-,-,PATRIA PILOT TRAINING,PATRIA PILOT TRAINING OY,FINLAND
PTT,-,PAVIATION,PATRIOT AVIATION,PATRIOT AVIATION,MEXICO
ETL,-,ENTEL,PATTERSON AVIATION COMPANY,"PATTERSON AVIATION COMPANY (SACRAMENTO, CA)",UNITED STATES OF AMERICA
PHE,-,PAWAN HANS,PAWAN HAN,PAWAN HANS LIMITED,INDIA
IRP,-,PAYAMAIR,PAYAM,PAYAM (AIR CENTER SERVICE),IRAN
...,-,FOTOGLIDER,PBM PHOTOGRAPHIC,PBM PHOTOGRAPHIC,UNITED KINGDOM
PDG,-,OSPREY,PDG AVIATION,PLM DOLLAR GROUP LIMITED,UNITED KINGDOM
APJ,-,AIR PEACH,PEACH AVIATION,PEACH AVIATION LIMITED,JAPAN
PBY,-,PEARL SERVICES,PEARL AIR SERVICES,PEARL AIR SERVICES (U) LTD.,UGANDA
HPA,-,PEARL AIRWAYS,PEARL AIRWAYS,PEARL AIRWAYS COMPAGNE HAITIENNE,HAITI
PVU,-,PEAU,PEAU VAVA'U,PEAU VAVA'U LIMITED,TONGA
PXA,-,PECOTOX,PECOTOX AIR,PECOTOX AIR,MOLDOVA
KAR,EO,KRAS JET,PEGAS FLY,"AIRCOMPANY IKAR, LLC",RUSSIAN FEDERATION
PGV,-,FLANA,PEGASE AVIATION,PEGASE AVIATION,SOUTH AFRICA
PGT,PC,SUNTURK,PEGASUS AIRLINES,PEGASUS HAVA TASIMACILIGI A.S.,TURKEY
PEG,-,PEGJET,PEGASUS ELITE AVIATION,"PEGASUS ELITE AVIATION, INC. (LAKE HAVASU CITY, AZ)",UNITED STATES OF AMERICA
HAK,-,HELIFALCON,PEGASUS HELICOPTER,PEGASUS HELICOPTER AS,NORWAY
PFY,-,PELFLIGHT,PEL-AIR AVIATION,PEL-AIR AVIATION PTY LTD,AUSTRALIA
PAS,-,PELITA,PELITA AIR SERVICE,"PELITA AIR SERVICE, PT.",INDONESIA
ELI,-,PELLISSIER,PELLISSIER HELICOPTER,PELLISSIER HELICOPTER S.R.L.,ITALY
PDY,-,PENDLEY,PEN-AVIA,PEN-AVIA LTD,UNITED KINGDOM
PEL,-,AIRPEN,PENIAL AIR,PENIAL AIR LIMITED,KENYA
NLA,-,PENINSULA,PENINSULA AIRWAYS,"PENINSULA AIRWAYS, INC. (ANCHORAGE, AK)",UNITED STATES OF AMERICA
PHG,-,PENNINE,PENNINE HELICOPTERS,PENNINE HELICOPTERS LTD,UNITED KINGDOM
PBF,-,PENN-FOREST,PENNSYLVANIA BUREAU OF FORESTRY,PENNSYLVANIA BUREAU OF FORESTRY - FOREST FIRE PROTECTION,UNITED STATES OF AMERICA
ALO,-,ALLEGHENY,PENNSYLVANIA COMMUTER AIRLINES,"PENNSYLVANIA COMMUTER AIRLINES, INC. (MIDDLETOWN, PA)",UNITED STATES OF AMERICA
MID,-,MIDCOAST,PENOBSCOT ISLAND AIR,"WATERS AERO-MARINE, INC. D/B/A PENOBSCOT ISLAND AIR",UNITED STATES OF AMERICA
SEE,-,SEEKER,PEREGRINE AERIAL SURVEYS,PEREGRINE AERIAL SURVEYS INC.,CANADA
PEF,-,PERFECT AVIATION,PERFECT AVIATION,"PERFECT AVIATION, SA",PORTUGAL
PFC,-,PERFORMANCE AIR,PERFORMANCE AIR,PERFORMANCE AIR LTD,BAHAMAS
PRZ,-,AERONAUTIC,PERFORMANCE AIR,PERFORMANCE AIR SAPI DE CV,MEXICO
PTS,-,PENTRA,PERFORMANCE TRANSPORTACION,"PERFORMANCE TRANSPORTACION, S.A. DE C.V.",MEXICO
PAG,-,PERIMETER,PERIMETER AVIATION,PERIMETER AVIATION LTD.,CANADA
PLV,-,PERLA,PERLA AIRLINES,"PERLA AIRLINES, C.A.",VENEZUELA
PFS,-,JAY BIRD,PERRYCOOK FLIGHT SERVICES,"PERRYCOOK FLIGHT SERVICES, LLC",UNITED STATES OF AMERICA
PPQ,-,PERSONASPAQ,PERSONAS Y PAQUETES POR AIRE,"PERSONAS Y PAQUETES POR AIRE, S.A. DE C.V.",MEXICO
PVN,-,PERUVIAN,PERUVIAN AIR LINE,PERUVIAN AIR LINE S.A.,PERU
PMO,-,PETER AIR,PETER AIRLINES,PETER AIRLINES,SYRIAN ARAB REPUBLIC
PEO,-,PETRO AIR,PETRO AIR,PETRO AIR,LIBYA
PER,UF,PAS AIR,PETROLEUM AIR SERVICES,PETROLEUM AIR SERVICES,EGYPT
PHC,-,HELICOPTERS,PETROLEUM HELICOPTERS,PETROLEUM HELICOPTERS DE COLOMBIA S.A.,COLOMBIA
PPV,-,PAVLOVSK,PETROPAVLOVSK,"PETROPAVLOVSK, CJSC",RUSSIAN FEDERATION
PTK,-,PETROKAM,PETROPAVLOVSK-KAMCHATSK,PETROPAVLOVSK-KAMCHATSK AIR ENTERPRISE,RUSSIAN FEDERATION
PTY,-,PETTY,PETTY TRANSPORT,"PETTY TRANSPORT, LLC (GREENSBORO, NC)",UNITED STATES OF AMERICA
RDY,-,RODNEY,PHANTOM SERVICES,"PHANTOM SERVICES, LLC",UNITED STATES OF AMERICA
VLC,-,AVALANCHE,PHENIX AVIATION,ALBATROS AIRCRAFT CORP.,CANADA
PHV,-,NEW BIRD,PHENIX AVIATION,PHENIX AVIATION,FRANCE
RKS,-,ROCKSTAR,PHENIX JET,"ACP JET CHARTERS, INC. DBA PHENIX JET",UNITED STATES OF AMERICA
CPJ,-,DRAGON EYE,PHENIX JET CAYMAN,PHENIX JET CAYMAN SEZC,CAYMAN ISLANDS
XAS,-,-,PHH AVIATION SYSTEMS,"PHH AVIATION SYSTEMS, INC.",UNITED STATES OF AMERICA
PHM,-,PETROLEUM,"PHI, INC","PHI, INC (LAFAYETTE, LA)",UNITED STATES OF AMERICA
PAL,PR,PHILIPPINE,PHILIPPINE AIRLINES,PHILIPPINE AIR LINES INC. (PAL),PHILIPPINES
APG,-,COOL RED,PHILIPPINES AIRASIA,PHILIPPINES AIRASIA INC.,PHILIPPINES
RPP,-,PILIPINAS,PHILIPPINES GOVERNMENT,GOVERNMENT OF THE PHILIPPINES,PHILIPPINES
BCH,-,BEACHBALL,PHILLIPS AIR,"PHILLIPS AIR (DEL RIO, TX)",UNITED STATES OF AMERICA
PDD,-,PADA,PHILLIPS ALASKA,"PHILLIPS ALASKA, INC. (ANCHORAGE, AK)",UNITED STATES OF AMERICA
PHL,-,PHILLIPS,PHILLIPS FLYING SERVICE,"PHILLIPS MICHIGAN CITY FLYING SERVICE, INC.",UNITED STATES OF AMERICA
PHB,-,PHOEBUS,PHOEBUS APOLLO AVIATION,PHOEBUS APOLLO AVIATION,SOUTH AFRICA
PIX,-,FEINI,PHOENIX AEROSPACE,"PHOENIX AEROSPACE CO., LTD",CHINA
GRB,PH,GRAY BIRD,PHOENIX AIR,"PHOENIX AIR GROUP, INC. CARTERSVILLE, GA)",UNITED STATES OF AMERICA
PPG,-,PAPAGO,PHOENIX AIR TRANSPORT,"PHOENIX AIR TRANSPORT, INC. (PHOENIX, AZ)",UNITED STATES OF AMERICA
PHN,-,JADESTAR,PHOENIX AVIATION,PHOENIX AVIATION LTD,KENYA
JED,-,JET EAST,PHOENIX EAST AVIATION,"PHOENIX EAST AVIATION, LLC.",UNITED STATES OF AMERICA
XPX,-,-,PHOENIX FLIGHT OPERATIONS,PHOENIX FLIGHT OPERATIONS LTD.,CANADA
BPH,-,BLACK PHOENIX,PHOENIX HELICOPTER ACADEMY,PHOENIX HELICOPTER ACADEMY,UNITED KINGDOM
PSU,-,PREMIUM,PHS PREMIUM AVIATION,"PHS PREMIUM AVIATION AND HANDLING SERVICES, SOCIEDADE UNIPESSOAL LDA",PORTUGAL
PDT,PT,PIEDMONT,PIEDMONT AIRLINES,"PIEDMONT AIRLINES, INC. D/B/A HENSON AVIATION - USAIR FLORIDA SHUTTLE - USAIR EXPRESS (SALISBURY, MD)",UNITED STATES OF AMERICA
PSG,-,PIER JET,PIER SEVEN AVIATION,PIER SEVEN AVIATION LIMITED,GAMBIA
PCH,-,PILATUS WINGS,PILATUS FLUGZEUGWERKE,PILATUS FLUGZEUGWERKE AG,SWITZERLAND
PLU,-,PILATUS MEXICO,PILATUS MEXICO,"PILATUS PC-12 CENTER DE MEXICO, S.A. DE C.V.",MEXICO
PBA,-,PILBARA,PILBARA AIRLINES,PILBARA AIRLINES PTY. LTD.,AUSTRALIA
PIP,-,PILOT,PILOT FLYSKOLE,PILOT FLYSKOLE,NORWAY
PTC,-,MENTOR,PILOT TRAINING COLLEGE,PILOT TRAINING COLLEGE,IRELAND
PTO,-,ROOKIE,PILOT TRAINING NETWORK,"PILOT TRAINING NETWORK, GMBH, LAAGE",GERMANY
PNP,-,PINEAPPLE AIR,PINEAPPLE AIR,PINEAPPLE AIR,BAHAMAS
PIM,-,PINFRAMAT,PINFRAMAT,"PINFRAMAT, LDA",ANGOLA
SOW,-,SPARROW,PINK SPARROW,PINK SPARROW GMBH,AUSTRIA
PCL,-,PINNACLE GROUP,PINNACLE AIR GROUP,"PINNACLE AIR GROUP (SPRINGDALE, AR)",UNITED STATES OF AMERICA
PHA,PH,PARSEC,PIONAIR,PIONAIR AUSTRALIA PTY LTD,AUSTRALIA
PIO,-,PIONEER,PIONEER AIRLINES,"PIONEER AIRLINES, INC. (DENVER, CO)",UNITED STATES OF AMERICA
PRN,-,PIRINAIR EXPRESS,PIRINAIR EXPRESS,"PIRINAIR EXPRESS, S.L.",SPAIN
GGN,ZX,GREAT NORTH,PIVOT AIRLINES,2746904 ONTARIO INC,CANADA
PXR,-,PIXAIR,PIXAIR SURVEY,PIXAIR SURVEY,FRANCE
PLS,-,PLACAR,PLACAR LINHAS AEREAS,PLACAR LINHAS AEREAS S A ,BRAZIL
PLE,-,-,PLANAIR ENTERPRISES,PLANAIR ENTERPRISES LTD,UNITED KINGDOM
PLN,-,PLANAR,PLANAR,PLANAR - SOCIEDADE DE AVIACAO CIVIL SARL,ANGOLA
PMS,-,PLANEMASTER,PLANEMASTER SERVICES,"PLANEMASTER SERVICES, INC. (WEST CHICAGO, IL)",UNITED STATES OF AMERICA
PLQ,-,PLANETCAM,PLANET AIRLINES,PLANET AIRLINES,CAMEROON
PVA,-,PRIVATE AIR,PLANET NINE PRIVATE AIR,PLANET NINE PRIVATE AIR,UNITED STATES OF AMERICA
PSY,-,PLYSA,PLANIFICACION Y SOLUCIONES AEREAS,PLANIFICACION Y SOLUCIONES AEREAS,SPAIN
PTN,-,PLATOON,PLATOON AVIATION,PLATOON AVIATION GMBH & CO KG,GERMANY
PYZ,-,PLAYERS AIR,PLAYERS AIR,"PLAYERS AIR, INC. (LAWRENCEVILLE, GA)",UNITED STATES OF AMERICA
PUA,-,PLUNA,PLUNA,PRIMERAS LINEAS URUGUAYAS DE NAVEGACION AEREA (PLUNA),URUGUAY
PUE,-,SPANISH,PLUS ULTRA LINEAS AEREAS,"PLUS ULTRA LINEAS AEREAS, S.A.",SPAIN
...,-,TAMAR,PLYMOUTH FLYING SCHOOL,PLYMOUTH FLYING SCHOOL LTD,UNITED KINGDOM
PSF,-,LIZARD,PLYMOUTH SCHOOL OF FLYING LTD,PLYMOUTH SCHOOL OF FLYING LTD,UNITED KINGDOM
PBD,-,POBEDA,POBEDA AIRLINES,"POBEDA AIRLINES, LLC",RUSSIAN FEDERATION
POC,-,POCONO,POCONO AIR LINES,"POCONO AIR LINES, INC. (EAST STROUDSBURG, PA)",UNITED STATES OF AMERICA
PAZ,-,POINTAIR NIGER,POINT AFRIQUE NIGER,POINT AFRIQUE NIGER SA,NIGER
RMI,-,POINT AIRLINE,POINT AIRLINES,POINT AIRLINES LIMITED,NIGERIA
PAW,-,POINTAIR BURKINA,POINTAIR BURKINA,POINTAIR BURKINA,BURKINA FASO
PAC,PO,POLAR,POLAR AIR CARGO,"POLAR AIR CARGO WORLDWIDE, INC. (WASHINGTON, DC)",UNITED STATES OF AMERICA
RKA,-,AIR SAKHA,POLAR AIRLINES,POLAR AIRLINES OPEN JOINT-STOCK COMPANY,RUSSIAN FEDERATION
RPM,-,COBALT,POLARIS AVIATION SOLUTIONS,"POLARIS AVIATION SOLUTIONS (TETERBORO, NJ)",UNITED STATES OF AMERICA
PSR,-,POLESTAR,POLESTAR AVIATION,POLESTAR AVIATION,UNITED KINGDOM
POF,-,AIRPOL,POLICE AUX FRONTIERS,POLICE AUX FRONTIERS,FRANCE
PLC,-,SPECIAL,POLICE AVIATION SERVICES,POLICE AVIATION SERVICES,UNITED KINGDOM
...,-,POLICE LUX,POLICE GRAND-DUCALE,POLICE GRAND-DUCALE,LUXEMBOURG
PFP,-,POLICIA FEDERAL,POLICIA FEDERAL PREVENTIVA,POLICIA FEDERAL PREVENTIVA,MEXICO
PLF,-,POLISH AIRFORCE,POLISH AIR FORCE,POLISH AIR FORCE,POLAND
PPU,-,PAPUGA,POLISH AIR NAVIGATION SERVICES AGENCY,POLISH AIR NAVIGATION SERVICES AGENCY,POLAND
PNY,-,POLISH NAVY,POLISH NAVY,POLISH NAVY,POLAND
NRW,-,HUMMEL,POLIZEIFLIEGERSTAFFEL NORDRHEIN-WESTFALEN,POLIZEIFLIEGERSTAFFEL NORDRHEIN-WESTFALEN,GERMANY
PBW,-,BUSSARD,"POLIZEIHUBSCHRAUBERSTAFFEL BADEN-WUERTTEMBERG, STUTTGART","POLIZEIHUBSCHRAUBERSTAFFEL BADEN-WUERTTEMBERG, STUTTGART",GERMANY
EDL,-,POLICE EDELWEISS,"POLIZEIHUBSCHRAUBERSTAFFEL BAYERN, MUENCHEN","POLIZEIHUBSCHRAUBERSTAFFEL BAYERN, MUENCHEN",GERMANY
PBB,-,ADEBAR,"POLIZEIHUBSCHRAUBERSTAFFEL BRANDENBURG, DIEPENSEE","POLIZEIHUBSCHRAUBERSTAFFEL BRANDENBURG, DIEPENSEE",GERMANY
LIB,-,LIBELLE,"POLIZEIHUBSCHRAUBERSTAFFEL HAMBURG, HAMBURG","POLIZEIHUBSCHRAUBERSTAFFEL HAMBURG, HAMBURG",GERMANY
PHH,-,IBIS,"POLIZEIHUBSCHRAUBERSTAFFEL HESSEN, EGELSBACH","POLIZEIHUBSCHRAUBERSTAFFEL HESSEN, EGELSBACH",GERMANY
PMV,-,POLICE MERLIN,"POLIZEIHUBSCHRAUBERSTAFFEL MECKLENBURG-VORPOMMERN, ROSTOCK-LAAGE","POLIZEIHUBSCHRAUBERSTAFFEL MECKLENBURG-VORPOMMERN, ROSTOCK-LAAGE",GERMANY
PPH,-,POLICE PHOENIX,"POLIZEIHUBSCHRAUBERSTAFFEL NEIDERSACHSEN, HANNOVER","POLIZEIHUBSCHRAUBERSTAFFEL NEIDERSACHSEN, HANNOVER",GERMANY
SRP,-,SPERBER,POLIZEIHUBSCHRAUBERSTAFFEL RHEINLAND-PFALZ FLUGPLATZ WINNINGEN,POLIZEIHUBSCHRAUBERSTAFFEL RHEINLAND-PFALZ FLUGPLATZ WINNINGEN,GERMANY
PHS,-,PASSAT,"POLIZEIHUBSCHRAUBERSTAFFEL SACHSEN, DRESDEN","POLIZEIHUBSCHRAUBERSTAFFEL SACHSEN, DRESDEN",GERMANY
PIK,-,POLICE IKARUS,"POLIZEIHUBSCHRAUBERSTAFFEL SACHSEN-ANHALT, MAGDEBURG","POLIZEIHUBSCHRAUBERSTAFFEL SACHSEN-ANHALT, MAGDEBURG",GERMANY
HBT,-,HABICHT,"POLIZEIHUBSCHRAUBERSTAFFEL THUERINGEN, ERFURT","POLIZEIHUBSCHRAUBERSTAFFEL THUERINGEN, ERFURT",GERMANY
CUK,-,CHUKKA,POLO AVIATION,POLO AVIATION LTD,UNITED KINGDOM
PAO,-,POLYNESIAN,POLYNESIAN AIRLINE OPERATIONS,POLYNESIAN AIRLINE OPERATIONS LTD.,SAMOA
PLA,-,POLYAIR,POLYNESIAN AIR-WAYS,"POLYNESIAN AIR-WAYS (HONOLULU, HI)",UNITED STATES OF AMERICA
PBL,-,-,POLYNESIAN BLUE,POLYNESIAN BLUE,SAMOA
PSI,-,PONT,PONT INTERNATIONAL AIRLINE SERVICES,PONT INTERNATIONAL AIRLINE SERVICES N.V.,SURINAME
PLX,-,POOLEX,POOL AVIATION,POOL AVIATION,UNITED KINGDOM
POS,-,PORSCHE,PORSCHE AIR SERVICE,PORSCHE AIR SERVICE GMBH,AUSTRIA
PTQ,-,TOWNSEND,PORT TOWNSEND AIRWAYS,"PORT TOWNSEND AIRWAYS (PORT TOWNSEND, WA)",UNITED STATES OF AMERICA
POR,-,PORTEADORA,PORTEADORA DE COSOLA,"PORTEADORA DE COSOLA, S.A. DE C.V.",MEXICO
PTR,P3,DASH PORT,PORTER,PORTER AIRLINES INC.,CANADA
POE,-,PORTER AIR,PORTER AIRLINES,PORTER AIRLINES (CANADA) LIMITED,CANADA
PGA,NI,PORTUGALIA,PORTUGALIA AIRLINES,"PORTUGALIA, COMPANHIA PORTUGUESA DE TRANSPORTES AEREOS S.A.",PORTUGAL
AFP,-,PORTUGUESE AIRFORCE,PORTUGUESE AIR FORCE,PORTUGUESE AIR FORCE,PORTUGAL
POA,-,PORTUGUESE ARMY,PORTUGUESE ARMY,PORTUGUESE ARMY,PORTUGAL
PON,-,PORTUGUESE NAVY,PORTUGUESE NAVY,PORTUGUESE NAVY,PORTUGAL
PSN,-,POTOSINA,POTOSINA DEL AIRE,"POTOSINA DEL AIRE, S.A. DE C.V.",MEXICO
PYA,-,POUYA AIR,POUYA AIR LINES,POUYA AIR LINES,IRAN
PRX,6P,PRADHAAN,PRADHAAN AIR EXPRESS,PRADHAAN AIR EXPRESS,INDIA
PWC,-,PRATT,PRATT AND WHITNEY CANADA,PRATT AND WHITNEY CANADA,CANADA
PRF,PW,PRECISION AIR,PRECISION AIR,PRECISION AIR SERVICES LTD.,TANZANIA
PRE,-,PRECISION,PRECISION AIRCRAFT MANAGEMENT,PRECISION AIRCRAFT MANAGEMENT,UNITED STATES OF AMERICA
PDK,-,PREDANNACK,PREDANNACK (RNAS),PREDANNACK (RNAS),UNITED KINGDOM
PGL,-,PREMIERE,PREMIAIR AVIATION SERVICES,PREMIAIR AVIATION SERVICES LTD,UNITED KINGDOM
PRL,-,FLY PREMIER,PREMIER AIRLINES,PREMIER AIRLINES LTD,KENYA
PRL,-,FLY PREMIER,PREMIER AIRLINES LTD,SOMALIA,-
OZT,-,OZARK TECH,PREMIER FLIGHT CENTER,"PREMIER FLIGHT CENTER, LLC",UNITED STATES OF AMERICA
PJI,-,PRE JET,PREMIER JETS,"PREMIER JETS, INC.",UNITED STATES
MVP,-,ALLSTAR,PREMIER PRIVATE JETS,"PREMIER AIR, INC DBA PREMIER PRIVATE JETS",UNITED STATES OF AMERICA
EMI,-,BLUE SHUTTLE,PREMIUM AIR SHUTTLE,PREMIUM AIR SHUTTLE LTD,NIGERIA
PJV,-,PREMIUM JET,PREMIUM JET,PREMIUM JET GMBH,AUSTRIA
PJZ,0J,PRIME JET,PREMIUM JET,PREMIUM JET AG,SWITZERLAND
PSK,-,SUPPORT,PRESCOTT SUPPORT COMPANY,"PRESCOTT SUPPORT COMPANY (NASHVILLE, TN)",UNITED STATES OF AMERICA
BFA,-,-,PRESIDENCE DU FASO,PRESIDENCE DU FASO,BURKINA FASO
MXG,-,PRESIDENCIA MEXICO,PRESIDENCIA DE MEXICO,PRESIDENCIA DE MEXICO,MEXICO
PRD,-,PRESIDENTIAL,PRESIDENTIAL AVIATION,"PRESIDENTIAL AVIATION (FT. LAUDERDALE, FL)",UNITED STATES OF AMERICA
AUH,-,SULTAN,PRESIDENTIAL FLIGHT,PRESIDENTIAL FLIGHT,UNITED ARAB EMIRATES
PTX,-,-,PRESIDIUM AVIATION,"PRESIDIUM AVIATION, INC. (SUGAR LAND, TX)",UNITED STATES OF AMERICA
PWA,-,PRIESTER,PRIESTER AVIATION,"PRIESTER AVIATION (WHEELING, IL)",UNITED STATES OF AMERICA
HGM,-,MAHSURI,PRIMA AIR,PRIMA AIR SDN. BHD,MALAYSIA
SMP,-,PRIMA AVIATION,PRIMA AVIATION,PRIMA AVIATION S.R.L.,SAN MARINO
PMC,-,PRIMAC,PRIMAC COURIER,"PRIMAC COURIER, INC. (ENGLEWOOD CLIFFS, NJ)",UNITED STATES OF AMERICA
PRM,-,PRIME AIR,PRIME AIR,"PRIME AIR, INC.(OCTERVILLE, MA)",UNITED STATES OF AMERICA
PML,-,PRIME NIGERIA,PRIME AIR SERVICES,PRIME AIR SERVICES LIMITED,NIGERIA
PKZ,-,PRAVI,PRIME AVIATION,PRIME AVIATION JSC,KAZAKHSTAN
JPT,-,PRIMETIME,PRIME JET,"PRIME JET (SCOTTSDALE, AZ)",UNITED STATES OF AMERICA
PRT,-,PRIME ITALIA,PRIME SERVICE ITALIA,PRIME SERVICE ITALIA S.R.L.,ITALY
PRW,-,JETBIRD,PRIMERA AIR NORDIC,PRIMERA AIR NORDIC LTD.,LATVIA
PMI,-,AEREOPRIM,PRIMERO TRANSPORTES AEREOS,"PRIMERO TRANSPORTES AEREOS, S.A. DE C.V.",MEXICO
PRU,-,COLORBIRD,PRINAIR,"PRINAIR, INC. (SAN JUAN, PR)",UNITED STATES OF AMERICA
PNC,-,PRINCE AVIATION,PRINCE AVIATION,PRINCE AVIATION,SERBIA
VMS,-,VICTOR MIKE,PRINCE MAHA VAJIRALONGKORN,H.R.H. THE CROWN PRINCE MAHA VAJIRALONGKORN,THAILAND
PJP,-,PRINCELY JETS,PRINCELY JETS,PRINCELY JETS (PVT),PAKISTAN
PCN,-,PRINCETON,PRINCETON AVIATION CORPORATION,"PRINCETON AVIATION CORPORATION (PRINCETON, NJ)",UNITED STATES OF AMERICA
PRY,-,PRIORITY AIR,PRIORITY AIR CHARTER,"PRIORITY AIR CHARTER, LLC (KIDRON, OH)",UNITED STATES OF AMERICA
PAT,-,PAT,PRIORITY AIR TRANSPORT,"DEPARTMENT OF THE ARMY, PRIORITY AIR TRANSPORT (DAVISON AVIATION COMMAND) (FORT BELVOIR, VA)",UNITED STATES OF AMERICA
BCK,-,BANKCHECK,PRIORITY AVIATION COMPANY,"PRIORITY AVIATION COMPANY, INC (KANSAS CITY, MO)",UNITED STATES OF AMERICA
PHJ,-,PEACHJET,PRIORITY JET,"CORPORATE JET, LLC DBA PRIORITY JET (PEACHTREE CITY, GA)",UNITED STATES OF AMERICA
PVR,-,PRIVAIR,PRIV’AIR,PRIV’AIR S.A.R.L.,FRANCE
PVR,-,PRIVAIR,PRIVâ€™AIR,PRIVâ€™AIR S.A.R.L.,FRANCE
PVJ,-,-,PRIVAJET,PRIVAJET LTD,MALTA
PTG,-,PRIVATJET,PRIVATAIR,"PRIVATAIR GMBH, DUESSELDORF",GERMANY
PVS,-,PASA,PRIVATAIR SAUDI ARABIA,PRIVATAIR SAUDI ARABIA,SAUDI ARABIA
FSY,-,FROSTY,PRIVATE AIR,PRIVATEAIR INC.,CANADA
NUA,-,UNITED NIGERIA,PRIVATE AIRLINE SERVICES,PRIVATE AIRLINE SERVICES LTD,NIGERIA
OZB,-,AIR PRIMUS,PRIVATE AIRLINES SERVICES,PRIVATE AIRLINES SERVICES LTD,NIGERIA
PJE,-,PEE JAY,PRIVATE JET EXPEDITIONS,"PRIVATE JET EXPEDITIONS, INC. (ATLANTA, GA)",UNITED STATES OF AMERICA
PJA,-,PRIVATE FLIGHT,PRIVATE JET MANAGEMENT,"PRIVATE JET MANAGEMENT (ELYRIA, OH)",UNITED STATES OF AMERICA
OKC,-,THUNDER WINGS,PRIVATE JETS,"PRIVATE JETS, INC.",UNITED STATES OF AMERICA
PWF,-,PRIVATE WINGS,PRIVATE WINGS,"PRIVATE WINGS FLUGCHARTER GMBH, BERLIN",GERMANY
PVG,P6,PRIVILEGE,PRIVILEGE STYLE,"PRIVILEGE STYLE, S.A.",SPAIN
PRH,-,PROHAWK,PRO AIR,"PRO AIR, INC. (SEATTLE WA)",UNITED STATES OF AMERICA
PSZ,-,POP-AIR,PRO AIR SERVICE,"PRO AIR SERVICE (MIAMI, FL)",UNITED STATES OF AMERICA
MMN,-,MINUTEMAN,PRO AIRWAYS,"PRO AIRWAYS, LLC (PLYMOUTH, MA)",UNITED STATES OF AMERICA
PAV,-,BRILLIANT,PROAIR AVIATION,"PROAIR AVIATION GMBH, FILDERSTADT",GERMANY
...,-,PROBANA,PROBANA,PROBANA EXP.,ECUADOR
PAD,-,AIR PROFESSIONAL,PROFESSIONAL EXPRESS COURIER SERVICE,"PROFESSIONAL EXPRESS COURIER SERVICE, INC.(SEATTLE, WA)",UNITED STATES OF AMERICA
PFZ,-,PROFLIGHT-ZAMBIA,PROFLIGHT AIR SERVICES,PROFLIGHT AIR SERVICES LIMITED,ZAMBIA
PMT,-,MULTITRADE,PROGRESS MULTITRADE,"PROGRESS MULTITRADE CO., LTD",CAMBODIA
PJF,-,PROJET,PROJET AVIATION,"PROJET AVIATION, LLC (WINCHESTER, VA)",UNITED STATES OF AMERICA
POM,-,JETKIC,PROJETS AVIATION,PROJETS AVIATION MALTA LTD,MALTA
PEC,-,PASS AVIATION,PROJETS AVIATION SENEGAL,PROJETS AVIATION SENEGAL SAS,SENEGAL
PMF,-,ALFESTIVAL,PROMOTORA ALFESTIVAL,"PROMOTORA ALFESTIVAL, S.A. DE C.V.",MEXICO
PRO,-,PROPAIR,PROPAIR,"PROPAIR, INC",CANADA
LBD,-,LIGHTBIRD,PROPELLFLY,PROPELLFLY AS,NORWAY
PPA,-,AIR PROP,PROPHETER AVIATION,"PROPHETER CONSTRUCTION COMPANY, INC. D/B/A PROPHETER AVIATION (STERLING, IL)",UNITED STATES OF AMERICA
PPR,-,PROPSTAR,PROPSTAR AVIATION,PROPSTAR AVIATION LTD,UNITED KINGDOM
PTH,-,PROTEUS,PROTEUS HELICOPTERES,PROTEUS HELICOPTERES,FRANCE
PTL,-,PLANTATION,PROVIDENCE AIRLINE,"PROVIDENCE AIRLINE (COVENTRY, RI)",UNITED STATES OF AMERICA
AWD,-,-,PROVIDENCE AVIATION SERVICES,PROVIDENCE AVIATION SERVICES (PVT) LIMITED,PAKISTAN
PRP,-,PRONTO,PRT AVIATION,PRT AVIATION S.L.,SPAIN
JIA,OH,BLUE STREAK,PSA AIRLINES,PSA AIRLINES,UNITED STATES OF AMERICA
PHP,-,SKY POWER,PSI AIR,"PSI AIR 2007, INC.",PHILIPPINES
PSW,-,PSKOVAVIA,PSKOVAVIA,PSKOVAVIA,RUSSIAN FEDERATION
LKN,-,NAMAIR,PT NAM AIR,PT NAM AIR,INDONESIA
KST,-,KING STAR,PTL LUFTFAHRTUNTERNEHMEN,"PTL LUFTFAHRTUNTERNEHMEN GMBH, LANDSHUT",GERMANY
PSP,-,PUBLISERVICIOS,PUBLISERVICIOS AEREOS,"PUBLISERVICIOS AEREOS, S.A. DE C.V.",MEXICO
PUV,-,PUBLIVOO,PUBLIVOO,"PUBLIVOO, PUBLICIDADE E IMAGENS AEREAS, LDA.",PORTUGAL
BAI,-,BONITO AIR,PUEBLO BONITO AIR,"PUEBLO BONITO AIR, S.A. DE C.V.",MEXICO
GUC,-,LEAF AIR,PUER GENERAL AVIATION,"PUER GENERAL AVIATION CO., LTD",CHINA
PRB,-,PRAMS AIR,PUERTO RICO AIR MANAGEMENT SERVICES,"PUERTO RICO AIR MANAGEMENT SERVICES, INC. (SAN JUAN, PR)",UNITED STATES OF AMERICA
PNG,-,-,PUERTO RICO AIR NATIONAL GUARD,PUERTO RICO AIR NATIONAL GUARD,UNITED STATES OF AMERICA
TXV,-,TAXIVALLARTA,PUERTO VALLARTA TAXI AEREO,"PUERTO VALLARTA TAXI AEREO, S.A. DE C.V.",MEXICO
PGH,-,-,PULKOVO AIRCRAFT SERVICES,"PULKOVO AIRCRAFT SERVICES, CJSC",RUSSIAN FEDERATION
PLY,-,PUMA BRASIL,PUMA LINHAS AEREAS,PUMA LINHAS AEREAS LTDA,BRAZIL
PUN,-,PRATISE,PUNITZ FLUGBETRIEB,PUNITZ FLUGBETRIEB GMBH,AUSTRIA
MGO,-,MANGO,PUNTO FA,PUNTO FA S.L.,SPAIN
PDU,-,PURDUE,PURDUE UNIVERSITY,PURDUE UNIVERSITY,UNITED STATES OF AMERICA
HRS,-,HORSEMEN,PURSUIT AVIATION,PURSUIT AVIATION,UNITED STATES OF AMERICA
QNT,-,SHARQ,QANOT SHARQ,QANOT SHARQ,UZBEKISTAN
QFA,QF,QANTAS,QANTAS,QANTAS AIRWAYS LIMITED,AUSTRALIA
QLK,-,Q LINK,QANTASLINK,QANTASLINK,AUSTRALIA
QTR,QR,QATARI,QATAR AIRWAYS,QATAR AIRWAYS COMPANY,QATAR
QAC,-,QATAR CARGO,QATAR AIRWAYS CARGO,QATAR AIRWAYS CARGO,QATAR
QQE,-,QREX,QATAR EXECUTIVE,QATAR EXECUTIVE,QATAR
QAZ,IQ,SAMRUK,QAZAQ AIR,QAZAQ AIR,KAZAKHSTAN
QSM,QB,QESHM AIR,QESHM AIR,QESHM AIR,IRAN
QBD,-,SEAGULL AIR,QINGDAO AIR EXPRESS,"QINGDAO AIR EXPRESS GENERAL AVIATION CO., LTD",CHINA
QDA,-,SKY LEGEND,QINGDAO AIRLINES,"QINGDAO AIRLINES CO., LTD",CHINA
QFY,-,-,QUALITY FLY,QUALITY FLY S.A.,SPAIN
PWR,-,POWERGRID,QUANTA AVIATION SERVICES,QUANTA AVIATION SERVICES,UNITED STATES
QTM,-,GANSUM,QUANTUM AIR,QUANTUM AIR S.A.,SPAIN
QNR,-,QUEEN AIR,QUEEN AIR,QUEEN AIR S.R.O.,CZECHIA
QBA,-,BILQIS,QUEEN BILQIS AIRWAYS,QUEEN BILQIS AIRWAYS,YEMEN
LBQ,-,LABQUEST,QUEST DIAGNOSTICS,"QUEST DIAGNOSTICS (READING, PA)",UNITED STATES OF AMERICA
QAJ,-,DAGOBERT,QUICK AIR,QUICK AIR JET CHARTER GMBH,GERMANY
FQA,-,QUIK LIFT,QUIKJET CARGO AIRLINES,QUIKJET CARGO AIRLINES PVT. LTD,INDIA
QAS,-,QUISQUEYA,QUISQUEYA AIRLINES,QUISQUEYA AIRLINES S.A.,HAITI
QAQ,-,QURINEA AIR,QURINEA AIR SERVICE,QURINEA AIR SERVICE,LIBYA
TSH,-,TRANSCANADA,R1 AIRLINES,REGIONAL 1 AIRLINES LTD,CANADA
RJT,-,RA JET,RA JET,"RA JET AEROSERVICIOS, S.A. DE C.V.",MEXICO
TRB,-,THAI REGIONAL,RABBIT WINGS AIRWAYS,"RABBIT WINGS AIRWAYS CO., LTD",THAILAND
RBB,-,RABBIT,RABBIT-AIR,"RABBIT-AIR AG, ZURICH",SWITZERLAND
RCN,-,SPEED CARGO,RACE CARGO AIRLINES,RACE CARGO AIRLINES (NIG) LIMITED,NIGERIA
RDA,-,RADA,RADA AIRLINES,RADA AIRLINES,BELARUS
GBR,-,GREENBRIER AIR,RADER AVIATION,"RADER AVIATION, INC. (WHITE SULFER SPRINGS, WV)",UNITED STATES OF AMERICA
RRR,-,ASCOT,RAF - AIR TRANSPORT,RAF-HQSTC (AIR TRANSPORT),UNITED KINGDOM
GLS,-,SEDBURGH,RAF GLIDING - CONVENTIONAL,RAF GLIDING SQUADRON (CONVENTIONAL),UNITED KINGDOM
VGL,-,PREFECT,RAF GLIDING - SLG,RAF GLIDING SQUADRON (SLG),UNITED KINGDOM
SMZ,-,SCAMPTON,RAF SCAMPTON,RAF SCAMPTON,UNITED KINGDOM
MTL,-,MITAVIA,RAF-AVIA,RAF-AVIA,LATVIA
RIH,-,RAHILA,RAHILA AIRLINES,RAHILA AIRLINES,LIBYA
TZR,-,RAIN-BEE,RAINBOW AIR,"RAINBOW AIR, C.A.",VENEZUELA
RAT,-,RAINDROP,RAINBOW AIRLINES,RAINBOW AIRLINES,ZIMBABWE
WES,-,WEST INDIAN,RAINBOW INTERNATIONAL AIRLINES,"RAINBOW INTERNATIONAL AIRLINES, INC. (ST. THOMAS, US VI)",UNITED STATES OF AMERICA
RBF,R0,RAINDO,RAINDO UNITED SERVICES,PT. RUSKY AERO INDONESIA,INDONESIA
REX,-,RAM EXPRESS,RAM AIR FREIGHT,"RAM AIR FREIGHT, INC. (HILLSBOROUGH, NC)",UNITED STATES OF AMERICA
RMT,-,RAM FLIGHT,RAM AIRCRAFT CORPRATION,"RAM AIRCRAFT CORPRATION (WACO, TX)",UNITED STATES OF AMERICA
RXP,-,EXPRESS MAROC,RAM EXPRESS,ROYAL AIR MAROC EXPRESS,MOROCCO
PPK,-,PELICAN,RAMP 66,"RAMP 66 (NORTH MYRTLE BEACH, SC)",UNITED STATES OF AMERICA
RAS,-,SHANHIL,RAS,"JIM RATLIFF AIR SERVICE, INC. D/B/A RAS (COLUMBUS, MS)",UNITED STATES OF AMERICA
RVA,-,RAVEN AIR,RAVEN AIR,"RAVEN AIR (ANCHORAGE, AK)",UNITED STATES OF AMERICA
RVN,-,RAVEN U-S,RAVEN AIR,"QUALIFLIGHT TRAINING, INC. D/B/A/ RAVEN AIR",UNITED STATES OF AMERICA
RVR,-,RAVEN,RAVEN AIR,RAVEN AIR LTD.,UNITED KINGDOM
...,-,RAVENHEAT,RAVENHEAT MANUFACTURING,RAVENHEAT MANUFACTURING LTD,UNITED KINGDOM
VUS,-,HARBINGER,RAVN AEROSPACE,RAVN AEROSPACE,UNITED STATES OF AMERICA
RVF,7H,RAVEN FLIGHT,RAVN ALASKA,"NOTHERN PACIFIC AIRWAYS, INC.",UNITED STATES OF AMERICA
RMY,-,RAYA EXPRESS,RAYA AIRWAYS,RAYA AIRWAYS SDN. BHD.,MALAYSIA
RKT,-,BLUE GREEN,RAYANI AIR,RAYANI AIR,MALAYSIA
RTN,-,RAYTHEON,RAYTHEON,"RAYTHEON AIRCRAFT COMPANY (WICHITA, KS)",UNITED STATES OF AMERICA
RAB,-,RAYYAN INTERNATIONAL,RAYYAN AIR,RAYYAN AIR PVT. LTD,PAKISTAN
SST,-,STETSON,RCMP,ROYAL CANADIAN MOUNTED POLICE (RCMP),CANADA
EVC,-,EVER CLEAR,RCS SERVICES,RCS SERVICES LTD,UNITED STATES OF AMERICA
REH,-,REACHMED,REACH AIR,"REACH AIR MEDICAL SERVICES (SANTA ROSA, CA)",UNITED STATES OF AMERICA
RCB,-,BALEARES,REAL AERO CLUB DE BALEARES,REAL AERO CLUB DE BALEARES,SPAIN
VCC,-,-,REAL AERO CLUB DE JEREZ,REAL AERO CLUB DE JEREZ,SPAIN
LEH,-,-,REAL AERO CLUB DE LEON,REAL AERO CLUB DE LEON,SPAIN
CDT,-,AEROREUS,REAL AERO CLUB DE REUS-COSTA DORADA,REAL AERO CLUB DE REUS-COSTA DORADA,SPAIN
RCL,-,-,REAL AERO CLUB DE VALENCIA,REAL AERO CLUB DE VALENCIA,SPAIN
VCB,-,-,REAL AERO CLUB DE VIZCAYA,REAL AERO CLUB DE VIZCAYA,SPAIN
RAZ,-,-,REAL AERO CLUB ZARAGOZA,REAL AERO CLUB ZARAGOZA,SPAIN
RGK,-,GRANCA,REAL AEROCLUB DE GRAN CANARIA,REAL AEROCLUB DE GRAN CANARIA,SPAIN
RLC,-,-,REAL AEROCLUB DE LLEIDA,REAL AEROCLUB DE LLEIDA,SPAIN
MNK,-,-,REAL AEROCLUB DE MAHON,REAL AEROCLUB DE MAHON,SPAIN
RAY,-,-,REAL AEROCLUB DE NAVARRA,REAL AEROCLUB DE NAVARRA,SPAIN
ERS,-,-,REAL AEROCLUB DE SEVILLA,REAL AEROCLUB DE SEVILLA,SPAIN
RCD,-,AEROCLUB,REAL AEROCLUB DE TENERIFE,REAL AEROCLUB DE TENERIFE,SPAIN
ATD,-,-,REAL AEROCLUB DE TOLEDO,REAL AEROCLUB DE TOLEDO,SPAIN
RAO,-,-,REAL AEROLUB DE MALAGA,REAL AEROLUB DE MALAGA,SPAIN
RLT,-,REAL TONGA,REAL TONGA AIRLINE,REAL TONGA AIRLINE,TONGA
LUV,-,INDY,REALLY COOL AIRLINES,RC AIRLINES COMPANY LIMITED,THAILAND
REB,-,REBUS,REBUS,REBUS,BULGARIA
RTO,-,RACCOON,RECTIMO AIR TRANSPORTS,RECTIMO AIR TRANSPORTS,FRANCE
RIX,-,RECTRIX,RECTRIX AVIATION,"RECTRIX AVIATION, INC. (BEDFORD, MA)",UNITED STATES OF AMERICA
REA,-,RED DOMINICANA,RED AIR,RED AIR,DOMINICAN REPUBLIC
SAK,-,RED ARROWS,RED ARROWS DISPLAY SQUADRON,RED ARROWS DISPLAY SQUADRON,UNITED KINGDOM
PSH,-,PASSION,RED AVIATION,HELIDROME LTD T/A RED AVIATION,UNITED KINGDOM
RDN,-,RED BARN,RED BARN OPERATIONS,RED BARN OPERATIONS,UNITED STATES OF AMERICA
RBN,-,RED BARON,RED BARON AVIATION,"RED BARON AVIATION, INC. (TAMPA, FL)",UNITED STATES OF AMERICA
RED,-,RED CROSS,RED CROSS (INTERNATIONAL COMMITTEE),COMITE INTERNATIONAL DE LA CROIX-ROUGE RED CROSS (INTERNATIONAL COMMITTEE),SWITZERLAND
DEV,-,RED DEVILS,RED DEVILS PARACHUTE DISPLAY TEAM,RED DEVILS PARACHUTE DISPLAY TEAM,UNITED KINGDOM
ROK,-,RED ROCK,RED ROCK FLIGHT SCHOOL,RED ROCK FLIGHT SCHOOL,UNITED STATES OF AMERICA
RSX,-,RED SEA,RED SEA AIRLINES,RED SEA AIRLINES,EGYPT
RSV,-,RED SKY,RED SKY VENTURES,RED SKY VENTURES CC,NAMIBIA
LAK,-,REDLAKE,RED WING AEROPLANE COMPANY,RED WING AEROPLANE COMPANY,UNITED STATES OF AMERICA
RWN,-,ROJAS,RED WINGS,"RED WINGS, S.A. DE C.V.",MEXICO
RWZ,-,AIR RED,RED WINGS AIRLINES,AIRLINES 400 JSC (RED WINGS AIRLINES),RUSSIAN FEDERATION
FLV,-,SKY RED,REDAIR,CIVAIR AIRWAYS (PTY) LTD T/A REDAIR,SOUTH AFRICA
BXR,-,BOXER,REDDING AERO ENTERPRISES,"REDDING AERO ENTERPRISES, INC. (REDDING, CA)",UNITED STATES OF AMERICA
...,-,REDDOG,REDDOG AVIATION SERVICES,REDDOG AVIATION SERVICES,UNITED KINGDOM
RHC,-,REDAIR,REDHILL AVIATION,REDHILL AVIATION LTD,UNITED KINGDOM
RHH,-,STAR CRESCENT,REDSTAR AVIATION,REDSTAR AVIATION,TURKEY
REF,-,REEF AIR,REEF AIR,REEF AIR LTD (AIR TRANSPORT (CHATHAM ISLANDS) LTD),NEW ZEALAND
RVV,-,REEVE,REEVE AIR,"REEVE AIR ALASKA, INC",UNITED STATES OF AMERICA
RER,-,REGAIR,REGAIR,SERVICIO AEREO REGIONAL REGAIR CIA. LTDA.,ECUADOR
RGY,-,REGENCY,REGENCY AIR,"REGENCY AIR, LLC (SANTA ANA, CA)",UNITED STATES OF AMERICA
LJC,-,LITTLE JET,REGENCY JET,REGENCY JET,UNITED KINGDOM
RGE,-,REGENT,REGENT AIRWAYS,REGENT AIRWAYS,BANGLADESH
RAH,-,-,REGION AERO,"REGION AERO, LLC",RUSSIAN FEDERATION
RAW,-,BLUERAY,REGIONAL AIR,REGIONAL AIR LIMITED,KENYA
RGB,-,REGIONAL AIR,REGIONAL AIR,REGIONAL AIR,BAHAMAS
RIL,-,-,REGIONAL AIR,REGIONAL AIR,MAURITANIA
REG,-,REGIONAL SERVICES,REGIONAL AIR SERVICES,REGIONAL AIR SERVICES,TANZANIA
RXA,-,+,REGIONAL EXPRESS 1,AUSTRALIA WIDE AIRLINES LTD T/A REGIONAL EXPRESS 2,AUSTRALIA
JJM,-,GEODATA,REGIONAL GEODATA AIR,"REGIONAL GEODATA AIR, S.A.",SPAIN
RGO,-,PASSARO,REGIONAL LINHAS AEREAS,REGIONAL LINHAS AEREAS LTDA,BRAZIL
RZB,-,AERO REGIONAL,REGIONAL LINHAS AEREAS,REGIONAL LINHAS AEREAS S/A,BRAZIL
ICU,-,ASIA MEDICAL,REIGNWOOD ASIA AVIATION,"REIGNWOOD ASIA AVIATION CO., LTD.",CHINA
REL,-,RELIANCE AIR,RELIANCE AVIATION,"RELIANCE AVIATION (FORT LAUDERDALE, FL)",UNITED STATES OF AMERICA
RLI,-,RELIANT,RELIANT AIR CHARTER,"RELIANT AIR CHARTER, INC. (DANBURY, CT)",UNITED STATES OF AMERICA
RTS,-,RELIEF,RELIEF TRANSPORT SERVICES,RELIEF TRANSPORT SERVICES LTD.,UNITED KINGDOM
...,-,MANTRA,RELIGARE AVIATION,RELIGARE AVIATION LIMITED,INDIA
RTG,-,REITAN,RELY,RELY AS,NORWAY
RNG,-,RENEGADE,RENEGADE AIR,RENEGADE AIR LIMITED,KENYA
RNI,-,RENNIA,RENNIA AVIATION,RENNIA AVIATION LLC,UNITED STATES OF AMERICA
RGS,-,RENOWN,RENOWN AVIATION,"RENOWN AVIATION, INC. (SANTA MARIA, CA)",UNITED STATES OF AMERICA
IFA,-,RED ANGEL,RENT-A-JET,FAI RENT-A-JET GMBH,GERMANY
ZBZ,-,-,REPETITIVE FLIGHT PLAN OFFICE,REPETITIVE FLIGHT PLAN OFFICE,UNITED STATES OF AMERICA
RPA,YX,BRICKYARD,REPUBLIC AIRWAYS,"REPUBLIC AIRWAYS, INC. (INDIANAPOLIS, IN)",UNITED STATES OF AMERICA
...,-,GABON VIP FLIGHT,REPUBLIQUE GABONAISE,REPUBLIQUE GABONAISE,GABON
YCY,-,-,RESCUE CO-ORDINATION CENTRE,RESCUE CO-ORDINATION CENTRE,ICAO
RST,-,RESORT AIR,RESORT AIR,"RESORT AIR (BALTIMORE, MD)",UNITED STATES OF AMERICA
RUT,-,RADID,REUT AIRWAYS,REUT AIRWAYS LTD,ISRAEL
RLO,-,REVILO,REVILO AEROSPACE,REVILO AEROSPACE LTD,NIGERIA
FRV,-,REV AERO,REVV AVIATION,"CARVER AERO, LLC",UNITED STATES OF AMERICA
RJE,-,REYNOLDS JET,REYNOLDS JET MANAGEMENT,"MIDWEST JET, LLC D/B/A REYNOLDS JET MANAGEMENT",UNITED STATES OF AMERICA
RGV,-,VOLON,RG AVIATION,"RG AVIATION, C.A.",VENEZUELA
RDS,-,RHOADES EXPRESS,RHOADES AVIATION,"RHOADES AVIATION, INC. (COLUMBUS, IN)",UNITED STATES OF AMERICA
RIA,-,RICHAIR,RICH INTERNATIONAL AIRWAYS,"RICH INTERNATIONAL AIRWAYS, INC. (MIAMI, FL)",UNITED STATES OF AMERICA
RVC,-,RIVER CITY,RICHARDS AVIATION,"RICHARDS AVIATION, INC. (MEMPHIS, TN)",UNITED STATES OF AMERICA
RIC,-,RICHARDSON,RICHARDSON'S AIRWAY,"RICHARDSON'S AIRWAY, INC. (YAKIMA, WA)",UNITED STATES OF AMERICA
RCA,-,RICHLAND,RICHLAND AVIATION,"RICHLAND AVIATION (SIDNEY, MT)",UNITED STATES OF AMERICA
RJC,-,COLUMBIA JET,RICHMOR AVIATION,"RICHMOR AVIATION, INC. (HUDSON, NY)",UNITED STATES OF AMERICA
WHH,-,-,RICHY SLYLARK,RICHY SLYLARK PVT LTD.,SRI LANKA
HPR,-,HELIPRO,RICK LUCAS HELICOPTERS,RICK LUCAS HELICOPTERS LTD,NEW ZEALAND
RAK,-,SPORT CLUB,RIGA AIRCLUB,RIGA AIRCLUB (LATVIAN PROFESSIONAL AIR SPORT CENTER),LATVIA
POL,-,-,RIKSPOLISSTYRELSEN,RIKSPOLISSTYRELSEN,SWEDEN
OEY,-,RIMBUN AIR,RIMBUN AIR,RIMBUN AIR,INDONESIA
RIM,-,RIMROCK,RIMROCK AIRLINES,"RIMROCK AIRLINES, INC. (SPOKANE, WA)",UNITED STATES OF AMERICA
REO,-,RIO,RIO AIRWAYS,"RIO AIRWAYS (KILLEEN, TX)",UNITED STATES OF AMERICA
RBK,-,RIOBAKER,RIO BAKER,RIO BAKER,CHILE
RIO,-,RIO LINHAS,RIO LINHAS AEREAS,RIO LINHAS AEREAS LTDA,BRAZIL
RVM,-,RIVER,RIVER MINISTRIES AIR CHARTER SERVICES,RIVER MINISTRIES AIR CHARTER SERVICES (PTY) LTD,SOUTH AFRICA
RGP,-,GARDEN CITY,RIVER STATE GOVERNMENT OF NIGERIA,RIVER STATE GOVERNMENT OF NIGERIA,NIGERIA
RXI,RX,RIYADH AIR,RIYADH AIR,RIYADH AIR,SAUDIA ARABIA
RXF,-,AIDEN,RIZHAO RUIXIANG FLIGHT TRAINING,"SHANDONG DAGAO INTERNATIONAL FLIGHT ACADEMY CO., LTD",CHINA
RKW,-,BONGOR,RJM AVIATION,RJM AVIATION,CHAD
PSS,-,PROGRESS,RKC PROGRESS,"RKC PROGRESS, AIR COMPANY",RUSSIAN FEDERATION
RLE,-,RICO,RLA-RICO LINHAS AEREAS,RLA-RICO LINHAS AEREAS S/L,BRAZIL
MMU,-,SKY TOUR,ROADRUNAIR AVIATION,ROADRUNAIR AVIATION,UNITED STATES OF AMERICA
YPY,-,-,ROBEX COLLECTION CENTRE,ROBEX COLLECTION CENTRE,ICAO
ROX,-,ROBLEX,ROBLEX AVIATION,"ROBLEX AVIATION, INC. (BAYAMON, PR)",UNITED STATES OF AMERICA
RMA,-,ROCKY MOUNTAIN,ROCKY MOUNTAIN AIRWAYS,ROCKY MOUNTAIN AIRWAYS,UNITED STATES OF AMERICA
LIF,-,LIFECARE,ROCKY MOUNTAIN HOLDINGS,"ROCKY MOUNTAIN HOLDINGS, L.L.C. (PROVO, UT)",UNITED STATES OF AMERICA
RDZ,-,RODZE AIR,RODZE AIR LIMITED,RODZE AIR LIMITED,NIGERIA
RLA,-,ROLEMA,ROLEMA,LLC ROLEMA,RUSSIAN FEDERATION
RAV,-,ROLLINS,ROLLINS AIR,ROLLINS AIR S. DE R.L.,HONDURAS
RRZ,-,ROLLRIGHT,ROLLRIGHT AVIATION,ROLLRIGHT AVIATION LTD,UNITED KINGDOM
...,-,ROYCAR,ROLLS ROYCE,ROLLS ROYCE LTD.,UNITED KINGDOM
BTU,-,ROLLS,ROLLS ROYCE ENGINES,ROLLS ROYCE LTD. (BRISTOL ENGINE DIVISION),UNITED KINGDOM
RRL,-,MERLIN,ROLLS ROYCE MILITARY,ROLLS ROYCE LTD. (MILITARY AVIATION),UNITED KINGDOM
RCR,NJ*,ROMCARGO,ROM CARGO AIRLINES,ROMCARGO AIRLINES S.R.L,ROMANIA
ROF,-,ROMAF,ROMANIAN AIR FORCE,ROMANIAN AIR FORCE,ROMANIA
ROR,-,RORAIMA,RORAIMA AIRWAYS,RORAIMA AIRWAYS,GUYANA
URA,-,ROSAVIA,ROSAVIA,"AIRCOMPANY ROSAVIA, LTD",UKRAINE
REM,-,ROSE,ROSE AIR,ROSE AIR LTD.,BULGARIA
RSS,-,ROSS CHARTER,ROSSAIR,ROSSAIR (PTY) LTD,SOUTH AFRICA
SDM,FV,ROSSIYA,ROSSIYA AIRLINES,"ROSSIYA AIRLINES, JOINT STOCK COMPANY",RUSSIAN FEDERATION
RVT,-,ROSTVERTOL,ROSTVERTOL-AVIA,AIRLINE ROSTVERTOL-AVIA CJSC,RUSSIAN FEDERATION
RAL,-,ROSWELL,ROSWELL AIRLINES,"ROSWELL AIRLINES (ROSWELL, NM)",UNITED STATES OF AMERICA
RJD,-,ROTANA,ROTANA JET AVIATION,ROTANA JET AVIATION,UNITED ARAB EMIRATES
RTI,-,ROTORITALIA,ROTOR ITALIA,ROTOR ITALIA S.A.S. DI RUSPA PAOLA E.C.,ITALY
RJJ,-,MAVEX,ROTORJET,ROTORJET,PANAMA
RTH,-,-,ROTORSUN,"ROTORSUN, S.L.",SPAIN
ROV,-,ROVERAIR,ROVER AIRWAYS INTERNATIONAL,"ROVER AIRWAYS INTERNATIONAL, INC. (PAGOSA SPRINGS, CO)",UNITED STATES OF AMERICA
ROY,-,SKY DIVE,ROY RITTER SKY DIVE,ROY RITTER SKY DIVE,ISRAEL
RGG,-,-,ROYAL AIR (GAMBIA),ROYAL AIR (GAMBIA) LIMITED,GAMBIA
RCG,-,ROYAL CARGO,ROYAL AIR CARGO,ROYAL AIR CARGO,SOUTH AFRICA
RYL,-,DOUBLE GOLD,ROYAL AIR CHARTER SERVICE,"ROYAL AIR CHARTER SERVICE, INC.",PHILIPPINES
RAX,-,AIR ROYAL,ROYAL AIR FREIGHT,"ROYAL AIR FREIGHT, INC. (WATERFORD, MI)",UNITED STATES OF AMERICA
RAM,AT,ROYALAIR MAROC,ROYAL AIR MAROC,ROYAL AIR MAROC - COMPAGNIE NATIONALE DE TRANSPORTS AERIENS,MOROCCO
RLM,-,ROYAL AMERICAN,ROYAL AMERICAN AIRWAYS,"ROYAL AMERICAN AIRWAYS (TUCSON, AZ)",UNITED STATES OF AMERICA
RYB,-,ROYAL BAHRAIN,ROYAL BAHRAIN AIRLINES,ROYAL BAHRAIN AIRLINES BSC (CLOSED),BAHRAIN
RBL,-,ROYAL BELAU,ROYAL BELAU AIRWAYS,ROYAL BELAU AIRWAYS,PALAU
RBA,BI,BRUNEI,ROYAL BRUNEI AIRLINES,ROYAL BRUNEI AIRLINES SDN BHD,BRUNEI DARUSSALAM
KDR,-,DARLINES,ROYAL DAISY AIRLINES,ROYAL DAISY AIRLINES LTD,UGANDA
SZL,-,ESWATINI,ROYAL ESWATINI AIRWAYS,ROYAL ESWATINI NATIONAL AIRWAYS CORPORATION,ESWATINI
ABG,RL,ROYAL FLIGHT,ROYAL FLIGHT,"ROYAL FLIGHT AIRLINES, CJSC",RUSSIAN FEDERATION
ROJ,-,ROYALJET,ROYAL JET,ROYAL JET,UNITED ARAB EMIRATES
RJA,RJ,JORDANIAN,ROYAL JORDANIAN,ROYAL JORDANIAN AIRLINES,JORDAN
NVY,-,NAVY,ROYAL NAVY,ROYAL NAVY,UNITED KINGDOM
RRA,-,ROYAL RWANDA,ROYAL RWANDA AIRLINES,ROYAL RWANDA AIRLINES,RWANDA
RSW,-,ROYAL SKY,ROYAL SKYWAYS,"ROYAL SKYWAYS CO., LTD",THAILAND
SPW,-,ROYAL SPIRIT,ROYAL SPIRIT AIRWAYS,ROYAL SPIRIT AIRWAYS,CAMBODIA
RSM,-,ROYAL STAR,ROYAL STAR AVIATION,ROYAL STAR AVIATION INC.,PHILIPPINES
RWE,-,ROYAL WEST,ROYAL WEST AIRLINES,"ROYAL WEST AIRLINES (LAS VEGAS, NV)",UNITED STATES OF AMERICA
RYW,-,ROYAL WINGS,ROYAL WINGS,ROYAL WINGS,JORDAN
QZR,-,ROYAL ZAM,ROYAL ZAMBIAN AIRLINES,ROYAL ZAMBIAN AIRLINES,ZAMBIA
...,-,FUGA,ROYLAIR SERVICES,ROYLAIR SERVICES LTD,UNITED KINGDOM
GBJ,-,GLOBAL THAI,RPS SYSTEM,"RPS SYSTEM CO., LTD.",THAILAND
ASN,-,AIRSENSING,RS SERVICIOS DE TELEDETECCION,RS SERVICIOS DE TELEDETECCION,SPAIN
STH,-,ZELTRON,RTE / STH,RTE / STH,FRANCE
RSB,-,RUBY STAR,RUBY STAR AIRWAYS,RUBY STAR AIRWAYS,BELARUS
...,-,SCOUT,RUC AIR SUPPORT UNIT,RUC AIR SUPPORT UNIT,UNITED KINGDOM
RFH,-,NUT,RUIFENG GENERAL AVIATION,"YUNNAN RUIFENG GENERAL AVIATION CO., LTD.",CHINA
RLH,DR,SENDI,RUILI AIRLINES,"RUILI AIRLINES CO., LTD",CHINA
RMG,-,RUMUGU AIR,RUMUGU AIR,RUMUGU AIR & SPACE NIGERIA LIMITED,NIGERIA
KLE,-,-,RUSAERO,"RUSAERO, CENTER FOR CIVIL AVIATION SERVICES",RUSSIAN FEDERATION
RUH,-,-,RUSICH-T,"RUSICH-T, AIRCOMPANY CJSC",RUSSIAN FEDERATION
RSJ,-,RUSJET,RUSJET,"RUSJET, JOINT-STOCK COMPANY",RUSSIAN FEDERATION
RLU,7R,RUSLINE AIR,RUSLINE,RUSLINE,RUSSIAN FEDERATION
...,-,RUSSAGRIF,RUSSAGRIF,RUSSAGRIF,ECUADOR
RUR,-,RUSSTAR,RUSSAIR,"RUSSAIR AIRCOMPANY, CLOSED JOINT STOCK COMPANY",RUSSIAN FEDERATION
RFF,-,RUSSIAN AIRFORCE,RUSSIAN AIR FORCE,RUSSIAN FEDERATION AIR FORCE,RUSSIAN FEDERATION
RIF,-,INTERMIN AVIA,RUSSIAN NATIONAL GUARD,FEDERAL SERVICE OF THE NATIONAL GUARD TROOPS OF THE RUSSIAN FEDERATION,RUSSIAN FEDERATION
RSD,-,STATE AERO,RUSSIAN SPECIAL DETACHMENT,"SPECIAL DETACHMENT - RUSSIA, FEDERAL STATE BUDGET INSTITUTION",RUSSIAN FEDERATION
RTF,-,-,RUTA,RUTA,SPAIN
RUC,-,RUTACA,RUTAS AEREAS,"RUTAS AEREAS, C.A.",VENEZUELA
REV,-,ENDURANCE,RVL AVIATION,RVL AVIATION LTD,UNITED KINGDOM
RUA,-,-,RWANDA AIRLINES,RWANDA AIRLINES,RWANDA
RWA,-,-,RWANDA AIRWAYS,RWANDA AIRWAYS,RWANDA
RWD,WB,RWANDAIR,RWANDAIR,RWANDAIR LTD.,RWANDA
TBO,-,CARTILLION,RWS AVIATION,"RWS AVIATION, LLC",UNITED STATES OF AMERICA
RYA,-,RYAN AIR,RYAN AIR,"RYAN AIR, INC. (ANCHORAGE, AK)",UNITED STATES OF AMERICA
RYN,-,RYAN INTERNATIONAL,RYAN INTERNATIONAL AIRLINES,"RYAN AVIATION CORPORATION D/B/A RYAN INTERNATIONAL AIRLINES (WICHITA, KS)",UNITED STATES OF AMERICA
RUK,RK,BLUE MAX,RYANAIR,RYANAIR UK LIMITED,UNITED KINGDOM
RYR,FR,RYANAIR,RYANAIR,RYANAIR LTD,IRELAND
RYS,-,MAGIC SUN,RYANAIR,RYANAIR SUN S.A.,POLAND
RAA,-,RYNES AVIATION,RYNES AVIATION,"RYNES AVIATION, INC. (MELROSE PARK, IL)",UNITED STATES OF AMERICA
IND,-,INTER GROUP,S. GROUP INTERNATIONAL,S. GROUP INTERNATIONAL,KYRGYSTAN
SOK,-,SNOW SKI,S.A.C. INDUSTRIES,"S.A.C. INDUSTRIES, LLC (BOZEMAN, MT)",UNITED STATES OF AMERICA
GDG,-,GOLDEN GATE,S.P. AVIATION,"S.P. AVIATION (HAYWARD, CA)",UNITED STATES OF AMERICA
SBI,S7,SIBERIAN AIRLINES,S7 AIRLINES,JSC SIBERIA AIRLINES,RUSSIAN FEDERATION
EXY,-,EXPRESSWAYS,SA EXPRESS AIRWAYS,SA EXPRESS AIRWAYS,SOUTH AFRICA
TGT,-,TARGET,SAAB,SAAB AB,SWEDEN
SCT,-,SAAB-CRAFT,SAAB-AIRCRAFT,SAAB-AIRCRAFT AB,SWEDEN
SAX,-,SABAH AIR,SABAHAIR AVIATION,SABAHAIR AVIATION SDN. BHD.,MALAYSIA
SBR,-,FREIGHTER,SABER AVIATION,"SABER AVIATION INC. (CHARLOTTE, NC)",UNITED STATES OF AMERICA
...,-,SABINAIR CHARTER,SABINAIR AIR CHARTER,SABINAIR AIR CHARTER,MOZAMBIQUE
SBG,-,-,SABRE,"SABRE, INC. (SOUTHLAKE, TX)",UNITED STATES OF AMERICA
CIC,-,CANAIMA,SACAICA,"SACAICA, C.A.",VENEZUELA
SSS,-,SAESA,SAESA,"COMPANIA DE SERVICIOS AEREOS, S.A. (SAESA)",SPAIN
AMO,-,-,SAETA,ANGEL MARTINEZ RIDAO (SAETA),SPAIN
SAU,-,-,SAETA,"SERVICIOS AEREOS EUROPEOS Y TRATAMIENTOS AGRICOLAS, S.L. (SAETA)",SPAIN
SHP,-,SAF,SAF HELICOPTERES,SAF HELICOPTERES,FRANCE
SFR,FA,SAFAIR,SAFAIR,SAFAIR (PTY.) LTD,SOUTH AFRICA
EXZ,-,TWIGA,SAFARI AIR EXPRESS,EAST AFRICAN SAFARI AIR EXPRESS LIMITED,KENYA
SXY,-,SAFARI EXPRESS,SAFARI EXPRESS,SAFARI EXPRESS CARGO LIMITED,KENYA
XLK,-,SAFARILINK,SAFARILINK AVIATION,SAFARILINK AVIATION LIMITED,KENYA
IRV,-,SAFAT AIR,SAFAT AIRLINES,SAFAT AIRLINES,IRAN
SAQ,-,SINBAD,SAFE AIR,SAFE AIR COMPANY,KENYA
SFV,-,SAFE SERVICIOS,SAFE SERVICIOS AEREOS,"SAFE SERVICIOS AEREOS, S.A. DE C.V.",MEXICO
SFF,-,SWIFTWING,SAFEWING AVIATION COMPANY,"SAFEWING AVIATION COMPANY, INC. (KANSAS CITY, MO)",UNITED STATES OF AMERICA
CIN,-,CINNAMON,SAFFRON AVIATION,SAFFRON AVIATION (PVT) LTD,SRI LANKA
SFW,-,SAFI AIRWAYS,SAFI AIRWAYS,SAFI AIRWAYS,AFGHANISTAN
SFN,-,SAFIRAN,SAFIRAN AIRLINES,SAFIRAN AIRLINES,IRAN
SGP,-,SAGOLAIR,SAGOLAIR TRANSPORTES EJECUTIVOS,SAGOLAIR TRANSPORTES EJECUTIVOS S.L.,SPAIN
IRZ,-,SAHA,SAHA AIRLINES SERVICES,SAHA AIRLINES SERVICES,IRAN
IRS,-,SAHAND AIR,SAHAND AIRLINES,SAHAND AIRLINES,IRAN
SHD,-,-,SAHARA AIRLINES,SAHARA AIRLINES,ALGERIA
AWJ,-,SAHEL AIRLINES,SAHEL AIRLINES,SAHEL AIRLINES,NIGER
SAO,-,SAVSER,SAHEL AVIATION SERVICE,SAHEL AVIATION SERVICE,MALI
SBU,-,BLACK FIN,SAINT BARTH COMMUTER,SAINT BARTH COMMUTER,FRANCE
SAJ,-,SAINT JET,SAINT JET,"SAINT JET CO., LTD.",CHINA
BKN,-,BILLIKEN,SAINT LOUIS UNIVERSITY,SAINT LOUIS UNIVERSITY,UNITED STATES OF AMERICA
KHB,-,-,SAKHIR AIR BASE,SAKHIR AIR BASE,BAHRAIN
SIR,-,SALAIR,SALAIR,"SALAIR, INC. (SEATTLE, WA)",UNITED STATES OF AMERICA
OMS,-,MAZOON,SALAM AIR,SALAM AIR,OMAN
SLW,-,SALMA AIR,SALAMA AIRLINES,SALAMA AIRLINES NIGERIA LIMITED,NIGERIA
SLP,-,SALPA,SALPA AVIATION,SALPA AVIATION CO. LTD. (SUDAN),SUDAN
SLC,-,SALSA,SALSA,SERVICES AERIENS LATINO-AMERICAINS D/B/A SALSA S.A.,HAITI
SVV,-,SALTAVIATION,SALT AVIATION,SALT AVIATION SP. Z.O.O.,POLAND
MOZ,-,MOZART,SALZBURG JET AVIATION,SALZBURG JET AVIATION GMBH,AUSTRIA
SDP,-,MAEEN,SAMA AIRLINES,SAMA AIRLINE,YEMEN
SMQ,-,SAMAR AIR,SAMAR AIR,SAMAR AIR,TAJIKISTAN
NSP,-,SAM PURSE,SAMARITAN'S PURSE,SAMARITAN'S PURSE,UNITED STATES OF AMERICA
SAE,-,SAMPOERNA,SAMPOERNA AIR NUSANTARA,"SAMPOERNA AIR NUSANTARA, PT.",INDONESIA
SHL,-,SAMSON,SAMSON AVIATION,SAMSON AVIATION LTD,UNITED KINGDOM
BYF,-,BAY FLIGHT,SAN CARLOS FLIGHT CENTER,SAN CARLOS FLIGHT CENTER,UNITED STATES OF AMERICA
MRR,-,MARINER,SAN JUAN AIRLINES,"WEST ISLE AIR, INC. (ANACORTES, WA), D/B/A SAN JUAN AIRLINES",UNITED STATES OF AMERICA
SMF,-,SMEA,SAN MARINO EXECUTIVE AVIATION,SAN MARINO EXECUTIVE AVIATION S.R.L.,SAN MARINO
SMU,-,SPRINGER,SANBORN MAP COMPANY,"SANBORN MAP COMPANY (COLORADO SPRINGS, CO)",UNITED STATES OF AMERICA
LRS,-,-,SANSA,"COMPANIA DE SERVICIOS AEREOS NACIONALES, S.A. (SANSA)",COSTA RICA
SNZ,-,-,SANSAR AVIATION INTERNATIONAL,SANSAR AVIATION INTERNATIONAL,CANADA
BBR,-,SANTA BARBARA,SANTA BARBARA AIRLINES,"SANTA BARBARA AIRLINES, C.A.",VENEZUELA
SCB,-,SP CARGO,SAO PAULO AIR TRANSPORTS,SAO PAULO AIR TRANSPORTS LTDA,BRAZIL
OTN,-,LASTP,SAO TOME AND PRINCIPE AIRLINES,LASTP-LINHAS AEREAS DE S. TOME E PRINCIPE (SAO TOME AND PRINCIPE AIRLINES),SAO TOME AND PRINCIPE
SPP,-,SAPPHIRE,SAPPHIRE AVIATION,"SAPPHIRE AVIATION, INC. (WEST PALM BEACH, FL)",UNITED STATES OF AMERICA
SPH,-,SAPPHIRE-CHARTER,SAPPHIRE EXECUTIVE AIR,SAPPHIRE EXECUTIVE AIR,SOUTH AFRICA
KGB,-,SAPSAN,SAPSAN AIRLINE,SAPSAN AIRLINE,KYRGYZSTAN
SSR,-,SARDINIAN,SARDINIAN SKY SERVICE,SARDINIAN SKY SERVICE S.R.L.,ITALY
SRW,-,SARIA,SARIT AIRLINES,SARIT AIRLINES,SUDAN
JIM,-,SARK,SARK INTERNATIONAL AIRWAYS,SARK INTERNATIONAL AIRWAYS,UNITED KINGDOM
ZSZ,-,-,SARSAT CENTRE,SARSAT CENTRE,ICAO
SZS,SL*,SPINNAKER,SAS CONNECT,SCANDINAVIAN AIRLINES IRELAND LIMITED DBA SAS CONNECT,IRELAND
DEN,-,-,SAS DANMARK,SAS DANMARK A/S,DENMARK
SVS,-,DISCOVER,SAS LINK,SAS LINK AB,SWEDEN
SSU,-,SASCA,SASCA,SERVICIOS AEREOS SUCRE C.A. (SASCA),VENEZUELA
SAC,-,SASCO,SASCO AIRLINES,SUDANESE AERONAUTICAL SERVICES CO. LTD (SASCO AIRLINES),SUDAN
SLG,-,LIFEGUARD,SASKATCHEWAN AIR AMBULANCE,SASKATCHEWAN GOVERNMENT AIR AMBULANCE SERVICE,CANADA
SAT,SP,SATA,SATA,SERVICO ACOREANO DE TRANSPORTES AEREOS - EP (SATA),PORTUGAL
STS,-,-,SATA,SERVICOS AUXILIARES DE TRANSPORTES AEREOS (SATA),BRAZIL
-,S3,-,"SATCO, INC.","SATCO, INC.",UNITED STATES OF AMERICA
NSE,-,SATENA,SATENA,"SATENA, SERVICIOS DE AERONAVEGACION A TERRITORIOS NAC",COLOMBIA
SYK,-,AEROCAB,SATSAIR,"J AND A PROPERTIES D/B/A SATSAIR, INC. (GREENVILLE, SC)",UNITED STATES OF AMERICA
STV,-,SATURN,SATURN AVIATION,SATURN AVIATION,UNITED STATES OF AMERICA
RSF,-,ARSAF,SAUDI AIR FORCE,ROYAL SAUDI AIR FORCE,SAUDI ARABIA
SRA,-,SAUDI ARABIAN,SAUDI ROYAL AVIATION,SAUDI ROYAL AVIATION,SAUDI ARABIA
SVA,SV,SAUDIA,SAUDIA,SAUDI ARABIAN AIRLINES,SAUDI ARABIA
SGQ,-,SAUDI GOLD,SAUDIGULF AIRLINES,SAUDIGULF AIRLINES,SAUDI ARABIA
SNI,-,SAVANAHLINE,SAVANAH AIRLINES,SAVANAH AIRLINES LIMITED,NIGERIA
SVN,-,SAVANAIR,SAVANAIR,SAVANAIR (ANGOLA) LDA.,ANGOLA
SJA,-,SAWYER,SAWYER AVIATION,"SAWYER AVIATION, LLC",UNITED STATES OF AMERICA
SXN,-,SAXONAIR,SAXON AIR,SAXON AIR,UNITED KINGDOM
COL,-,COLONY,SC AVIATION,SC AVIATION INC.,UNITED STATES OF AMERICA
SAS,SK,SCANDINAVIAN,SCANDINAVIAN AIRLINES,SCANDINAVIAN AIRLINES SYSTEMS,SWEDEN
CNO,-,SCANOR,SCANDINAVIAN AIRLINES NORGE,SAS SCANDINAVIAN AIRLINES NORGE AS,NORWAY
ABF,-,SKYWINGS,SCANWINGS,"SCANWINGS OY, FINLAND",FINLAND
VSV,DV,VLASTA,SCAT AIRLINES,PLL SCAT AIR COMPANY,KAZAKHSTAN
SCY,-,-,SCD AVIATION,SCD AVIATION,GABON
ENR,-,-,SCENIC AIR,SCENIC AIR (PTY) LTD,NAMIBIA
SCE,-,SCENIC,SCENIC AIRLINES,"SCENIC AIRLINES, INC. (N. LOS VEGAS, NV)",UNITED STATES OF AMERICA
SAB,-,CHEETAH,SCHMIEDEL AIR SERVICE TCHAD,SCHMIEDEL AIR SERVICE TCHAD SARL,CHAD
KDS,-,KALEO,SCHUMAN AVIATION,"SCHUMAN AVIATION COMPANY LTD (HONOLULU, HI)",UNITED STATES OF AMERICA
TNI,-,INCA,SCHWAN S SHARED SERVICES,"SCHWAN S SHARED SERVICES LLC (MARSHALL, MN)",UNITED STATES OF AMERICA
BEN,-,FRANKLIN,SCHWEITZER ENGINEERING LABORATORIES,"SCHWEITZER ENGINEERING LABORATORIES, INC.",UNITED STATES OF AMERICA
...,-,HARVARD,SCIENTIFIC INDUSTRIES,SCIENTIFIC INDUSTRIES (UK) LIMITED,UNITED KINGDOM
IOS,-,SCILLONIA,SCILLY SKYBUS,ISLES OF SCILLY SKYBUS LTD,UNITED KINGDOM
RFT,-,ROMANIAN ACADEMY,SCOALA SUPERIOARA DE AVIATIE CIVILA,SCOALA SUPERIOARA DE AVIATIE CIVILA,ROMANIA
TGW,TR,SCOOTER,SCOOT,SCOOT PTE LTD,SINGAPORE
...,-,SCOTIA,SCOTIA HELICOPTER,SCOTIA HELICOPTER LIMITED,UNITED KINGDOM
SIS,-,SILVERSPEED,SCOTT AVIATION,"SCOTT AVIATION, LLC (FRESNO, CA)",UNITED STATES OF AMERICA
SKO,-,SKYWORK,SCOTTISH AIRWAYS,SCOTTISH AIRWAYS FLYERS LTD,UNITED KINGDOM
SIB,-,SEA AIR,SEA AIR,SEA AIR LTD.,SLOVENIA
SBS,-,SEABORNE,SEABORNE AIRLINES,"SEABORNE AIRLINES (CHRISTIANSTED, USVI)",UNITED STATES OF AMERICA
SCC,-,SEA-COASTER,SEACOAST AIRLINES,"SEACOAST AIRLINES, INC. (CLEARWATER, FL)",UNITED STATES OF AMERICA
SGD,-,AIR BLUE,SEAIR,"SOUTH EAST ASIAN AIRLINES (SEAIR) INTERNATIONAL, INC.",PHILIPPINES
SQH,-,SASQUATCH,SEAPORT AIRLINES,"SEAPORT AIRLINES, INC. (PORTLAND, OR)",UNITED STATES OF AMERICA
SRC,-,SEARCA,SEARCA,SEARCA LTDA.,COLOMBIA
SIJ,-,-,SECO INTERNATIONAL,SECO INTERNATIONAL INC.,JAPAN
ANX,-,SECRETARIA DEMARINA,SECRETARIA DE MARINA,SECRETARIA DE MARINA,MEXICO
JCM,-,SECUREAIR,SECURE AIR CHARTER,"SECURE AIR CHARTER, LLC (NASHVILLE, TN)",UNITED STATES OF AMERICA
FRU,-,FRENCH RESCUE,SECURITE CIVILE FRANCAISE,SECURITE CIVILE FRANCAISE,FRANCE
SVX,-,SECURITY AIR,SECURITY AVIATION,"SECURITY AVIATION, INC. (ANCHORAGE, AK)",UNITED STATES OF AMERICA
SED,-,SEDONA AIR,SEDONA AIR CENTER,"SEDONA AIR CENTER (WEST SEDONA, AZ)",UNITED STATES OF AMERICA
SEO,-,SELCON AIR,SELCON AIRLINES,SELCON AIRLINES LTD,NIGERIA
JSL,-,SELECTJET,SELECTJET,"NORTHERN AIR TRANSPORT, INC. D/B/A SELECTJET",UNITED STATES OF AMERICA
XMX,-,SENEAM,SENEAM,SERVICIOS A LA NAVEGACION EN EL ESPACIO AEREO MEXICANO (SENEAM),MEXICO
BZQ,-,STING,SENECA COLLEGE,SENECA COLLEGE,CANADA
MVS,-,AIR SENOK,SENOK AVIATION,SENOK AVIATION (PVT) LTD,SRI LANKA
SEN,-,SENIOR AIR,SENOR AIR,SENOR AIR,MEXICO
SEL,-,SENTEL,SENTEL CORPORATION,"SENTEL CORPORATION (NEWPORT NEWS, VA)",UNITED STATES OF AMERICA
SER,-,MANTIS,SENTRA AIRWAYS,SENTRA AIRWAYS,UNITED KINGDOM
SHI,-,SHIRAZI,SEPEHRAN AIRLINES,SEPEHRAN AIRLINES,IRAN
SEV,-,CARGOPRESS,SERAIR,"SERAIR TRANSWORLD PRESS, S.L.",SPAIN
SRE,-,SERAMI,SERAMI,"SERAMI, C.A.",VENEZUELA
SRB,-,SERBIAN AIR FORCE,SERBIAN AIR FORCE,SERBIAN AIR FORCE,SERBIA
SEP,-,SERENE,SERENE AIR,SERENE AIR,PAKISTAN
SOC,-,SERVIAEREO,SERVIAEREO,"SERVIAEREO, S.A. DE C.V.",MEXICO
SPX,-,-,SERVICE PEOPLE,"SERVICE PEOPLE GMBH, HAMBURG",GERMANY
GYG,-,NATAKHTARI,SERVICEAIR,SERVICEAIR,GEORGIA
DGC,-,-,SERVICIO AEREO DE LA GUARDIA CIVIL,SERVICIO AEREO DE LA GUARDIA CIVIL,SPAIN
SES,-,SERVISAL,SERVICIO AEREO SALTILLO,"SERVICIO AEREO SALTILLO, S.A. DE C.V.",MEXICO
MSP,-,SEGURIDAD,SERVICIO DE VIGILANCIA AEREA DEL MINISTERIO DE SEGURIDAD PUBLICA,SERVICIO DE VIGILANCIA AEREA DEL MINISTERIO DE SEGURIDAD PUBLICA,COSTA RICA
SPT,-,SERVICIOS SUP,SERVICIO SUPERIOR EJECUTIVO,SERVICIO SUPERIOR EJECUTIVO SA DE CV,MEXICO
SDX,-,SERVICIO TECNICO,SERVICIO TECNICO AERO DE MEXICO,"SERVICIO TECNICO AERO DE MEXICO, S.A. DE C.V.",MEXICO
SDQ,-,MEXTECNICO,SERVICIO Y MANTENIMIENTO TECNICO,"SERVICIO Y MANTENIMIENTO TECNICO DQ, S.A. DE C.V.",MEXICO
GCA,-,AEROGECA,SERVICIOS AEREOS,SERVICIOS AEREOS GECA,DOMINICAN REPUBLIC
MTG,-,AERO TETE,SERVICIOS AEREOS,"SERVICIOS AEREOS M.T.T., S.A. DE C.V.",MEXICO
ACW,-,ACRO JETS,SERVICIOS AEREOS ACROSS,"SERVICIOS AEREOS ACROSS, S.A. DE C.V.",MEXICO
SMO,-,SERVIAUTOMOTRIZ,SERVICIOS AEREOS AUTOMOTRIZ,"SERVICIOS AEREOS AUTOMOTRIZ, S.A. DE C.V.",MEXICO
VDO,-,AVANDARO,SERVICIOS AEREOS AVANDARO,"SERVICIOS AEREOS AVANDARO, S.A. DE C.V.",MEXICO
CEE,-,CENTRA AEREOS,SERVICIOS AEREOS CENTRALES,"SERVICIOS AEREOS CENTRALES, S.A. DE C.V.",MEXICO
TRN,-,AEROTRON,SERVICIOS AEREOS CORPORATIVOS,"SERVICIOS AEREOS CORPORATIVOS, S.A. DE C.V.",MEXICO
SCG,-,COSTA CALIDA,SERVICIOS AEREOS COSTA CALIDA,"SERVICIOS AEREOS COSTA CALIDA, S.L.",SPAIN
DDY,-,DANDY,SERVICIOS AEREOS DANDY,"SERVICIOS AEREOS DANDY, S.A. DE C.V.",MEXICO
AHI,-,AEROCHISA,SERVICIOS AEREOS DE CHIHUAHUA AERCHISA,"SERVICIOS AEREOS DE CHIHUAHUA AERCHISA, S.A. DE C.V.",MEXICO
AND,-,SERVI ANDES,SERVICIOS AEREOS DE LOS ANDES,SERVICIOS AEREOS DE LOS ANDES S.A.C.,PERU
ATP,-,ALTIPLANO,SERVICIOS AEREOS DEL ALTIPLANO,"SERVICIOS AEREOS DEL ALTIPLANO, S.A. DE C.V.",MEXICO
SDT,-,SADAT,SERVICIOS AEREOS DEL ATLANTICO,"SERVICIOS AEREOS DEL ATLANTICO, S.L.",SPAIN
SDV,-,SELVA,SERVICIOS AEREOS DEL VAUPES,SERVICIOS AEREOS DEL VAUPES LTDA.,COLOMBIA
LMP,-,SAISA,SERVICIOS AEREOS E INMOBILIARIOS,SERVICIOS AEREOS E INMOBILIARIOS ASI SA DE CV,MEXICO
LGU,-,LAGUNA,SERVICIOS AEREOS EJECUTIVOS DE LA LAGUNA,"SERVICIOS AEREOS EJECUTIVOS DE LA LAGUNA,S.A. DE C.V.",MEXICO
SRO,-,SAEREO,SERVICIOS AEREOS EJECUTIVOS SAEREO,SERVICIOS AEREOS EJECUTIVOS SAEREO S.A.,ECUADOR
ETE,-,SAELITE,SERVICIOS AEREOS ELITE,"SERVICIOS AEREOS ELITE, S.A. DE C.V.",MEXICO
DES,-,DESTINIA,SERVICIOS AEREOS ESPECIALIZADOS DESTINIA,"SERVICIOS AEREOS ESPECIALIZADOS DESTINIA, S.A. DE C.V.",MEXICO
KSP,-,SAEP,SERVICIOS AEREOS ESPECIALIZADOS EN TRANSPORTES PETROLEROS,SERVICIOS AEREOS ESPECIALIZADOS EN TRANSPORTES PETROLEROS,COLOMBIA
LLS,-,SERVIESTRELLA,SERVICIOS AEREOS ESTRELLA,"SERVICIOS AEREOS ESTRELLA, S.A. DE C.V.",MEXICO
GNA,-,SERVIGANA,SERVICIOS AEREOS GANA,"SERVICIOS AEREOS GANA, S.A. DE C.V.",MEXICO
ILS,-,SERVICIOS ILSA,SERVICIOS AEREOS ILSA,"SERVICIOS AEREOS ILSA, S.A. DE C.V.",MEXICO
TTD,-,INTERESTATALES,SERVICIOS AEREOS INTERESTATALES,"SERVICIOS AEREOS INTERESTATALES, S.A. DE C.V.",MEXICO
MLO,-,MILENIO,SERVICIOS AEREOS MILENIO,"SERVICIOS AEREOS MILENIO, S.A. DE C.V.",MEXICO
MIR,-,AEROMIR,SERVICIOS AEREOS MIRA,"SERVICIOS AEREOS MIRA, S.A. DE C.V.",MEXICO
OSS,-,NOTICIOSOS,SERVICIOS AEREOS NOTICIOSOS,"SERVICIOS AEREOS NOTICIOSOS, S.A. DE C.V.",MEXICO
POB,-,POBLANOS,SERVICIOS AEREOS POBLANOS,"SERVICIOS AEREOS POBLANOS, S.A. DE C.V.",MEXICO
PSV,-,PROSERVICIOS,SERVICIOS AEREOS PROFESIONALES,"SERVICIOS AEREOS PROFESIONALES, S.A.",DOMINICAN REPUBLIC
RGC,-,REGIOMONTANO,SERVICIOS AEREOS REGIOMONTANOS,SERVICIOS AEREOS REGIOMONTANOS,MEXICO
SCI,-,SAN CRISTOBAL,SERVICIOS AEREOS SAN CRISTOBAL,SERVICIOS AEREOS SAN CRISTOBAL,MEXICO
OFY,-,AEROSOF,SERVICIOS AEREOS SOFFLY,"SERVICIOS AEREOS SOFFLY, S.A. DE C.V.",MEXICO
SRT,-,SURTEP,SERVICIOS AEREOS SURTEP,"SERVICIOS AEREOS SURTEP, S.A. DE C.V.",MEXICO
XTA,-,TEXTRA,SERVICIOS AEREOS TEXTRA,"SERVICIOS AEREOS TEXTRA, S.A. DE C.V.",MEXICO
UNT,-,UNIVERSITARIO,SERVICIOS AEREOS UNIVERSITARIOS,"SERVICIOS AEREOS UNIVERSITARIOS, S.A. DE C.V.",MEXICO
SRL,-,SERVICIOS PERSONAL,SERVICIOS AERONAUTICOS AERO PERSONAL,"SERVICIOS AERONAUTICOS AERO PERSONAL, S.A. DE C.V.",MEXICO
SZT,-,AERO ZEE,SERVICIOS AERONAUTICOS Z,"SERVICIOS AERONAUTICOS Z, S.A. DE C.V.",MEXICO
SPL,-,CORPORATIVOS LAGUNA,SERVICIOS CORPORATIVOS AEREOS DE LA LAGUNA,"SERVICIOS CORPORATIVOS AEREOS DE LA LAGUNA, S.A. DE C.V.",MEXICO
ASE,-,ASERTEC,SERVICIOS DE AVIACION ASERTEC,"SERVICIOS DE AVIACION ASERTEC, S.A. DE C.V.",MEXICO
SXT,-,SERTAXI,SERVICIOS DE TAXI AEREOS,"SERVICIOS DE TAXI AEREOS, S.A. DE C.V.",MEXICO
SDI,-,SERVI DINAMIC,SERVICIOS DINAMICOS DE AVIACION,"SERVICIOS DINAMICOS DE AVIACION, S.A. DE C.V.",MEXICO
SVZ,-,SERVICIOS VIZ,SERVICIOS EJECUTIVOS AEREOS VIZ,"SERVICIOS EJECUTIVOS AEREOS VIZ, S.A. DE C.V.",MEXICO
SJC,-,SERVIEJECUTIVO,SERVICIOS EJECUTIVOS CONTINENTAL,"SERVICIOS EJECUTIVOS CONTINENTAL, S.A. DE C.V.",MEXICO
HJE,-,GOSA,SERVICIOS EJECUTIVOS GOSA,"SERVICIOS EJECUTIVOS GOSA, S.A. DE C.V.",MEXICO
NTG,-,INTEGRALES,SERVICIOS INTEGRALES DE AVIACION,"SERVICIOS INTEGRALES DE AVIACION, S.A. DE C.V.",MEXICO
ENL,-,OPTIMOS,SERVICIOS OPTIMOS DE AEROENLACE,SERVICIOS OPTIMOS DE AEROENLACE S.A. DE C.V.,MEXICO
SPV,-,SERVICIOS PRIVADOS,SERVICIOS PRIVADOS DE AVIACION,"SERVICIOS PRIVADOS DE AVIACION, S.A. DE C.V.",MEXICO
CRU,-,VIC-STARLIT,SERVICIOS STARLIT CARUSO,"SERVICIOS STARLIT CARUSO, S.A. DE C.V.",MEXICO
MSG,-,SAR-REGIONAL,SERVICO AEREO REGIONAL,SAR - SERVICO AEREO REGIONAL,MOZAMBIQUE
SGH,-,SERVISAIR,SERVISAIR,SERVISAIR LTD.,UNITED KINGDOM
SNM,-,SERVIZI AEREI,SERVIZI AEREI,SERVIZI AEREI SPA,ITALY
KOC,-,SETAIR,SETAIR,SETAIR,TURKEY
SLX,-,SETE,SETE LINHAS AEREAS,SETE LINHAS AEREAS LTDA.,BRAZIL
SSN,-,SETOUCHI,SETOUCHI SEAPLANES,SETOUCHI SEAPLANES INC.,JAPAN
RVP,-,SEVAIR,SEVAIR,SEVAIR,PORTUGAL
SBF,-,S-BAR,SEVEN BAR FLYING SERVICE,"SEVEN BAR FLYING SERVICE, INC. (ALBUQUERQUE, NM)",UNITED STATES OF AMERICA
IHO,-,UMOJA,SEVEN FOUR EIGHT AIR SERVICES,SEVEN FOUR EIGHT AIR SERVICES,KENYA
GDA,-,GLADIATOR,SEVERN AVIATION,SEVERN AVIATION LTD,UNITED KINGDOM
SSF,-,SEVERSTAL,SEVERSTAL,"SEVERSTAL, LTD AIRCOMPANY",RUSSIAN FEDERATION
SCH,-,OCEAN BIRD,SEYCHELLES AIRLINES,SEYCHELLES AIRLINES PTY LTD,SEYCHELLES
CSS,O3,SHUN FENG,SF AIRLINES,SF AIRLINES COMPANY LTD,CHINA
SIC,-,SICHART,SFS AVIATION,"SFS AVIATION CO., LTD",THAILAND
STF,-,-,SFT-SUDANESE FLIGHT,SFT-SUDANESE FLIGHT,SUDAN
CBW,-,SUPERWINGS,SH BELLAWINGS AIRLINES,"SUZHOU AVIATION CO., LIMITED",CHINA
PHF,-,SHAN FENG,SHAANXI FLYING COLLEGE,"SHAANXI PHOENIX INTERNATIONAL FLYING COLLEGE CO., LTD",CHINA
SAI,-,SHAHEEN AIR,SHAHEEN AIR INTERNATIONAL,SHAHEEN AIR INTERNATIONAL,PAKISTAN
SHN,-,SUGAR ALFA,SHAHEEN AIRPORT SERVICES,SHAHEEN AIRPORT SERVICES,PAKISTAN
SBP,-,SHAHIN BALL,SHAHIN BALL PARVAZ,SHAHIN BALL PARVAZ,IRAN
FFH,-,PEACE AIR,SHALOM AIR SERVICES,SHALOM AIR SERVICES,NIGERIA
CDG,SC,SHANDONG,SHANDONG AIRLINES,"SHANDONG AIRLINES CO,.LTD",CHINA
RBW,-,CAI HONG,SHANDONG AIRLINES,"SHANDONG AIRLINES RAINBOW JET CO., LTD",CHINA
NSY,-,QUNYING,SHANDONG NANSHAN INTERNATIONAL FLIGHT,"SHANDONG NANSHAN INTERNATIONAL FLIGHT CO., LTD",CHINA
CSH,FM,SHANGHAI AIR,SHANGHAI AIRLINES,SHANGHAI AIRLINES,CHINA
SHQ,-,SHANGHAI CARGO,SHANGHAI CARGO AIRLINES,SHANGHAI AIRLINES CARGO INTERNATIONAL COMPANY,CHINA
UGP,-,SHARINK,SHAR INK,SHAR INK LTD,RUSSIAN FEDERATION
SHJ,-,SHARJAH,SHARJAH RULERS FLIGHT,SHARJAH RULER S FLIGHT,UNITED ARAB EMIRATES
SHK,-,-,SHARP INC.,SHARP INC.,REPUBLIC OF KOREA
TST,-,SHATA AIR,SHATA AIR SERVICES,SHATA AIR SERVICES LTD,NIGERIA
SHV,-,SHAVANO,SHAVANO AIR,"SHAVANO AIR, INC. (PONCHA SPRINGS, CO)",UNITED STATES OF AMERICA
SYE,-,-,SHEBA AVIATION,SHEBA AVIATION,YEMEN
PEX,-,PECTEN,SHELL AIRCRAFT LTD,SHELL AIRCRAFT LTD,UNITED KINGDOM
SCL,-,SHELL CANADA,SHELL CANADA,SHELL CANADA,CANADA
SHM,-,SHELTAM,SHELTAM AVIATION,SHELTAM AVIATION CC,SOUTH AFRICA
SXJ,-,BIG WING,SHENFEI JET,SHANXI SHENFEI JET CO. LTD.,CHINA
CSZ,ZH,SHENZHEN AIR,SHENZHEN AIRLINES,SHENZHEN AIRLINES,CHINA
SHO,-,-,SHEREMETYEVO-CARGO,SHEREMETYEVO-CARGO,RUSSIAN FEDERATION
SHS,-,SHIRAK,SHIRAK AVIA,SHIRAK AVIA LLC,ARMENIA
HJI,-,SHIV AIR,SHIV AIR,SHIV AIR LIMITED,UGANDA
SHG,-,SHOP AIR,SHOPRITE GROUP,SHOPRITE GROUP LTD,UNITED KINGDOM
CST,-,SHORELINE,SHORELINE AVIATION,"SHORELINE AVIATION, INC.",UNITED STATES OF AMERICA
SDB,-,SHORE AIR,SHORELINE AVIATION,"SHORELINE AVIATION, LLC (OXFORD, CT)",UNITED STATES OF AMERICA
SHA,-,SHREE-AIR,SHREE AIRLINES,SHREE AIRLINES,NEPAL
SZG,-,STOTZ AGRO,SHTOTZ AGRO SERVICE,SHTOTZ AGRO SERVICE,BELARUS
CSY,-,SHUANGYANG,SHUANGYANG GENERAL AVIATION,SHUANGYANG GENERAL AVIATION CO.,CHINA
SQM,-,GOLDEN FIN,SIAM AIR TRANSPORT,"SIAM AIR TRANSPORT CO., LTD",THAILAND
RBR,-,SIAM AIRNET,SIAM AIRNET,"SIAM AIRNET CO., LTD",THAILAND
SVB,-,SIAVIA,SIAVIA,SIAVIA D.O.O.,SLOVENIA
SBD,-,SIBIA,SIBIA LTD,SIBIA LTD,RUSSIAN FEDERATION
CSC,3U,SI CHUAN,SICHUAN AIRLINES,"SICHUAN AIRLINES CO, LTD.",CHINA
SID,-,SIDERAL,SIDERAL LINHAS AERAS,SIDERAL LINHAS AERAS LTDA,BRAZIL
SRH,-,SIEMREAP AIR,SIEM REAP AIRWAYS INTERNATIONAL,SIEM REAP AIRWAYS INTERNATIONAL,CAMBODIA
SCA,-,AVIATOR,SIERRA CHARLIE AVIATION,SIERRA CHARLIE AVIATION,UNITED STATES OF AMERICA
SIE,-,SEREX,SIERRA EXPRESS,"SIERRA EXPRESS (RENO, NV)",UNITED STATES OF AMERICA
SRX,-,SIERRA EX,SIERRA EXPRESSWAY AIRLINES,"SIERRA EXPRESSWAY AIRLINES (OAKLAND, CA)",UNITED STATES OF AMERICA
SPA,-,SIERRA PACIFIC,SIERRA PACIFIC AIRLINES,"SIERRA PACIFIC AIRLINES, INC. (TUCSON, AZ)",UNITED STATES OF AMERICA
SGL,-,SIGAIR,SIGMA AIRLINES,SIGMA AIRLINES LLP,KAZAKHSTAN
SIG,-,-,SIGNATURE FLIGHT SUPPORT,SIGNATURE FLIGHT SUPPORT LTD,UNITED KINGDOM
SUA,-,AIR SILESIA,SILESIA AIR,SILESIA AIR J.S.C.,CZECHIA
USA,US,SILK,SILK AVIA,SILK AVIA LLC,UZBEKISTAN
AZQ,-,SILK LINE,SILK WAY AIRLINES,SILK WAY AIRLINES LTD,AZERBAIJAN
AZG,7L,SILK WEST,SILK WAY WEST AIRLINES,SILK WAY WEST AIRLINES,AZERBAIJAN
SLK,-,SILKAIR,SILKAIR SINGAPORE,SILKAIR (SINGAPORE) PTE LTD,SINGAPORE
IJS,-,-,SILVAIR,"SILVAIR, INC. (MIAMI SPRINGS, FL)",UNITED STATES OF AMERICA
SAN,-,SILVAIR NET,SILVAIR,SILVAIR SP. Z.O.O.,POLAND
SLD,-,SILVERLINE,SILVER AIR,SILVER AIR LTD,CZECHIA
SIL,3M,SILVER WINGS,SILVER AIRWAYS,"SILVER AIRWAYS CORP. (FORT LAUDERDALE, FL)",UNITED STATES OF AMERICA
SCR,-,SILVER CLOUD,SILVER CLOUD AIR,"SILVER CLOUD AIR GMBH, SCHIFFERSTADT",GERMANY
VRB,-,SILVERBACK,SILVERBACK CARGO,SILVERBACK CARGO FREIGHTERS,RWANDA
SLH,-,SILVERHAWK,SILVERHAWK AVIATION,"SILVERHAWK AVIATION, INC. (SEWARD, NE)",UNITED STATES OF AMERICA
SLR,-,SILVERSTONE,SILVESTONE AIR SERVICES,SILVESTONE AIR SERVICES LTD,KENYA
SMN,-,SIMAVIA,SIMARGL,"SIMARGL LTD, AIRCOMPANY",RUSSIAN FEDERATION
RMK,-,SIMRIK AIR,SIMRIK AIRLINES,SIMRIK AIRLINES PVT. LTD,NEPAL
SAF,-,SINGA,SINGAPORE AIR FORCE,REPUBLIC OF SINGAPORE AIR FORCE,SINGAPORE
SIA,SQ,SINGAPORE,SINGAPORE AIRLINES,SINGAPORE AIRLINES LIMITED,SINGAPORE
SQC,-,SINGCARGO,SINGAPORE AIRLINES CARGO,SINGAPORE AIRLINES CARGO,SINGAPORE
SJD,-,AIR SINO,SINO JET,"SINO JET CO., LTD.",CHINA
SJM,-,SINO SKY,SINO JET,SINO JET MANAGEMENT LTD,CHINA
JBE,-,SINO BEIJING,SINOJET BEIJING,"SINOJET (BEIJING) CO., LTD.",CHINA
SIO,-,SIRIO,SIRIO,SIRIO S.P.A.,ITALY
CIG,-,SIRIUS AERO,SIRIUS-AERO,SIRIUS-AERO,RUSSIAN FEDERATION
VRS,-,VAIRSA,SIRVAIR,"SIRVAIR, S.A.DE C.V.",MEXICO
SIT,-,-,SITA,SITA - SOCIETE INTERNATIONALE DE TELECOMMUNICATIONS AERONAUTIQUES,BELGIUM
SWO,-,SIVA,SIVA,SURINAM INTERNATIONAL VICTORY AIRLINE N.V.,SURINAME
SIX,-,DRIVE ORANGE,SIXT,"SIXT RENTA CAR, LLC",UNITED STATES OF AMERICA
HMF,-,LIFEGUARD SWEDEN,SJOFARTSVERKET,SJOFARTSVERKET,SWEDEN
UGS,-,SKY UGANDA,SKA AIR,SKA AIR AND LOGISTICS (UGANDA) LIMITED,UGANDA
KLA,-,SKYLIGHT AIR,SKA ARABIA,SKA SA AIRCRAFT LEASING (PTY) LTD,SOUTH AFRICA
MHQ,-,HELICARE,SKARGARDSHAVETS HELIKOPTERTJANST,SKARGARDSHAVETS HELIKOPTERTJANST AB (SHT),FINLAND
SJB,-,SOUTHERN TIGER,SKS AIRWAYS,SKS AIRWAYS,MALAYSIA
KGZ,-,SKY FRU,SKY,SKY FRU,KYRGYZSTAN
KYA,-,-,SKY,SKY,ISRAEL
KYR,-,SKY AERONAUTICAL,SKY AERONAUTICAL SERVICES,"SKY AERONAUTICAL SERVICES, S.A. DE C.V.",MEXICO
SKU,H2,-,SKY AIRLINES,SKY AIRLINE S.A.,CHILE
SKX,H8,SKY PERU,SKY AIRLINES PERU,SKY AIRLINE PERU S.A.C.,PERU
HPP,-,SKY HOP,SKY ATLANTIC,"AVIATION PARTNER OF BOYTON BEACH, LLC D/B/A SKY ATLANTIC",UNITED STATES OF AMERICA
RUS,-,-,SKY ATLAS,SKY ATLAS,RUSSIAN FEDERATION
SBM,-,TROPICAL SKY,SKY BAHAMAS,SKY BAHAMAS,BAHAMAS
SBL,-,SKY BIRD,SKY BIRD AIRLINES,SKY BIRD AIRLINES,EGYPT
BIS,-,JUMA AIR,SKY BISHKEK,SKY BISHKEK,KYRGYSTAN
FLH,-,MILE HIGH,SKY BUS,"SKY BUS, INC. (DENVER, CO)",UNITED STATES OF AMERICA
HVY,-,LIFT PERU,SKY BUS,SKY BUS S.A.C.,PERU
SCK,-,SKYCAM,SKY CAM,SKY CAM,FRANCE
AHW,-,SKY CAPITAL,SKY CAPITAL AIRLINES,"SKY CAPITAL AIRLINES, LTD.",BANGLADESH
SXC,-,SKY EXEC,SKY EXEC AVIATION SERVICES,SKY EXEC AVIATION SERVICES,NIGERIA
SEH,-,AIR CRETE,SKY EXPRESS,SKY EXPRESS S.A.,GREECE
SKG,-,SKY GABON,SKY GABON,SKY GABON,GABON
SAY,-,SKY PATH,SKY GATES AIRLINES,AIR COMPANY SKY GATES AIRLINES LLC,RUSSIAN FEDERATION
LSG,-,SKY LACHIN,SKY GOLDEN LACHIN,SKY GOLDEN LACHIN,TAJIKISTAN
TSZ,-,-,SKY HANDLING,SKY HANDLING LLC,RUSSIAN FEDERATION
SHC,-,SKY HARBOR CHEYENNE,SKY HARBOR AIR SERVICE,"SKY HARBOR AIR SERVICE INC. (CHEYENNE, WY)",UNITED STATES OF AMERICA
SKD,-,SKY DAWG,SKY HARBOR AIR SERVICE,"SKY HARBOR AIR SERVICE, INC. (OMAHA, NE)",UNITED STATES OF AMERICA
HSY,-,HELISKY,SKY HELICOPTEROS,SKY HELICOPTEROS S.A.,SPAIN
SHH,-,SKY DOMENICANA,SKY HIGH AVIATION SERVICES,SKY HIGH AVIATION SERVICES DOMINICANA,DOMINICAN REPUBLIC
SJU,-,-,SKY JET,SKY JET,UGANDA
KGK,-,KYRGYZ SKY,SKY KG AIRLINES,SKY KG AIRLINES,KYRGYZSTAN
SGB,-,SONGBIRD,SKY KING,"SKY KING, INC. (SACRAMENTO, CA)",UNITED STATES OF AMERICA
KYE,-,SKY CUBE,SKY LEASE CARGO,"SKY LEASE I, INC. (GREENSBORO, NC)",UNITED STATES OF AMERICA
SLY,-,SKYCO,SKY LINE,SKY LINE FOR AIR SERVICES LTD,SUDAN
SKS,-,-,SKY LINK AVIATION SERVICES,SKY LINK AVIATION SERVICES,PAKISTAN
FML,-,EAGLE BIRD,SKY MALI,SKY MALI,MALI
KYD,-,SKYAD,SKY MESSAGING,SKY MESSAGING (PTY) LTD,SOUTH AFRICA
SKJ,-,SKYNET AIR,SKY NET AIRLINE,SKY NET AIRLINE,ARMENIA
PVO,-,PRIVATE ORANGE,SKY ONE,"SKY ONE HOLDINGS, LLC (FT. LAUDERDALE, FL)",UNITED STATES OF AMERICA
FSO,-,SKY AIR,SKY ONE,SKY ONE S.R.O.,SLOVAKIA
SYF,-,SKY FIRST,SKY ONE EXPRESS AIRLINES,"SKY ONE EXPRESS AIRLINES INC. (REISTERTOWN, MD)",UNITED STATES OF AMERICA
SPD,-,SKY PRIME,SKY PRIME CHARTER,SKY PRIME CHARTER,SAUDI ARABIA
LXR,-,SKY LUXURY,SKY PRIME MALTA,SKY PRIME MALTA,MALTA
ERY,-,ERIE SHORE,SKY QUEST,SKY QUEST,UNITED STATES OF AMERICA
KVR,-,KAVAIR,SKY SERVICE,SKY SERVICE,CHILE
SSA,-,STAR-JET,SKY SERVICE AVIATION,"SKY SERVICE AVIATION, S.L.",SPAIN
SYM,-,VOLO SKY,SKY SERVICES MALTA,SKY SERVICES MALTA LTD,MALTA
HHK,-,-,SKY SHUTTLE HELICOPTERS,SKY SHUTTLE HELICOPTERS LIMITED,CHINA
SKE,-,SKYISLE,SKY TOURS,"SKY TOURS, INC. (PORT CLINTON, OH)",UNITED STATES OF AMERICA
RVU,-,GEORGIAN BALLOON,SKY TRAVEL,SKY TRAVEL LTD,GEORGIA
SYU,-,SKY UNLIMITED,SKY UNLIMITED,SKY UNLIMITED,NETHERLANDS
SVK,-,VISION,SKY VISION,SKY VISION D.O.O.,CROATIA
SVI,-,-,SKY VISION AIRLINES,SKY VISION AIRLINES CO,EGYPT
...,-,SKY WIND,SKY WIND,SKY WIND,SAO TOME AND PRINCIPE
SWJ,-,-,SKY WINGS FLIGHT SUPPORT SERVICES,SKY WINGS FLIGHT SUPPORT SERVICES,PAKISTAN
...,-,SKYZONE,SKY ZONE SERVICOS AEREOS,"SKY ZONE SERVICOS AEREOS, LDA",PORTUGAL
KYC,-,SKYBIRD CHARTER,SKYBIRD AIR,SKYBIRD AIR LIMITED,NIGERIA
SBN,-,SKYBOSNIA,SKYBOSNIA,SKYBOSNIA D.O.O.,BOSNIA AND HERZEGOVINA
SBB,-,BALKAN JET,SKYBRIDGE INTERNATIONAL,SKYBRIDGE INTERNATIONAL BALKAN DOO,SERBIA
SKB,-,SKYBUS,SKYBUS AIRLINES,"SKYBUS AIRLINES, INC. (COLUMBUS, OH)",UNITED STATES OF AMERICA
BSJ,-,SKYBUS JET,SKYBUS JET,SKYBUS JET LTD,BAHAMAS
PHX,-,PHOENIX NORTH,SKYCARE,2080061 ONTARIO INC.,CANADA
SKL,-,SKYCHARTER,SKYCHARTER,SKYCHARTER (MALTON) LIMITED,CANADA
SKF,-,SKYCRAFT,SKYCRAFT,"SKYCRAFT, INC. (SEATTLE, WA)",UNITED STATES OF AMERICA
SDL,-,SKYDRIFT,SKYDRIFT,SKYDRIFT LTD,UNITED KINGDOM
EMO,-,EMOTION,SKYEMOTION,SKYEMOTION GMBH,AUSTRIA
KFE,-,MORITO,SKYFIRST,SKYFIRST LTD,MALTA
SFT,-,SKYFREIGHT,SKYFREIGHT,"SKYFREIGHT, INC. (SEATTLE, WA)",UNITED STATES OF AMERICA
HAU,-,SKYHAUL,SKYHAUL,SKYHAUL PTY LTD,SOUTH AFRICA
SSW,-,-,SKYHAWKS AVIATION,SKYHAWKS AVIATION SERVICE WORLDWIDE,PAKISTAN
SJL,-,KAMILA,SKYJET,SKYJET,KYRGYZSTAN
LRK,-,SKYLARK,SKYJET AVIATION,SKYJET AVIATION SERVICES LIMITED,NIGERIA
SJS,-,JET PORT,SKYJETS,"SKYJETS & SUPPORT, S.A. DE C.V.",MEXICO
SKI,-,SKYKING,SKYKING,SKYKING LTD,UNITED KINGDOM
SKA,-,SKYLAN AIRWAYS,SKYLAN AIRWAYS,PREMIER AVIATION GROUP LTD D/B/A SKYLAN AIRWAYS,JAMAICA
LSK,-,SKYLIGHT,SKYLIGHT,SKYLIGHT JSC,RUSSIAN FEDERATION
SMT,-,SKYLIMIT,SKYLINE,SKYLINE LTD,NIGERIA
SML,-,SKYLINE,SKYLINE AVIATION,SKYLINE AVIATION SRL,SAN MARINO
SKN,-,SKYLINER,SKYLINE AVIATION SERVICES,"SKYLINE AVIATION SERVICES, INC. (BEAVER FALLS, PA)",UNITED STATES OF AMERICA
UTN,QU,UT-UKRAINE,SKYLINE EXPRESS,"SKYLINE EXPRESS AIRLINES, LLC",UKRAINE
SXL,-,SONIC,SKYLINE FLIGHT,"CORNERSTONE AVIATION, LLC. D/B/A SKYLINE FLIGHT (STOW, MA)",UNITED STATES OF AMERICA
KCU,-,KOCOGLU,SKYLINE ULASIM TICARET,SKYLINE ULASIM TICARET A.S.,TURKEY
SLL,-,-,SKYLINK AVIATION,SKYLINK AVIATION LIMITED,KENYA
SLQ,-,SKYLINK,SKYLINK EXPRESS,SKYLINK EXPRESS INC,CANADA
TSM,-,SKYLOUNGE,SKYLOUNGE SERVICES,SKYLOUNGE SERVICES S.A.L.,LEBANON
SKY,-,SKYMARK,SKYMARK AIRLINES,SKYMARK AIRLINES INC.,JAPAN
SMB,-,SKYMARK ELITE,SKYMARK EXECUTIVE,SKYMARK EXECUTIVE S.R.L.,SAN MARINO
SKC,-,SKYMASTER AIR,SKYMASTER AIR LINES,SKYMASTER AIR LINES LTDA,BRAZIL
SDD,-,SKY DANCE,SKYMASTER AIR TAXI,"R I C INC., D/B/A SKYMASTER AIR TAXI (LACONIA, NH)",UNITED STATES OF AMERICA
LAS,-,LIONS HELICOPTER,SKYMEDIA,LIONS AIR SKYMEDIA AG DBA SKYMEDIA,SWITZERLAND
XXS,-,-,SKYPLAN SERVICES,SKYPLAN SERVICES LTD,CANADA
SIH,-,SKY ROADS,SKYROADS AVIATION,"SKYROADS AVIATION, LLC",UNITED STATES OF AMERICA
...,-,SKYROUTE,SKYROUTE AVIATION,SKYROUTE AVIATION,ERITREA
WLK,-,SKYWATCH,SKYROVER,SKYROVER CC,SOUTH AFRICA
SKR,-,SKYSCAPES,SKYSCAPES AIR CHARTERS,SKYSCAPES AIR CHARTERS,SOUTH AFRICA
SYB,-,SKYBIZ,SKYSERVICE,SKYSERVICE BUSINESS AVIATION INC.,CANADA
SKV,-,SKY SIDE,SKYSIDE,SKYSIDE GMBH,AUSTRIA
SSK,-,SKYSTAR,SKYSTAR INTERNATIONAL,"SKYSTAR INTERNATIONAL, INC. (WASHINGTON, NJ)",UNITED STATES OF AMERICA
IGA,-,IGUANA,SKYTAXI,SKYTAXI LTD,POLAND
TTQ,-,-,SKYTRAC,SKYTRAC SYSTEMS,CANADA
SND,-,SNOWBIRD,SKYTRADERS,SKYTRADERS PTY LTD,AUSTRALIA
...,-,SKYTRAIL,SKYTRAIL AIRLINES,SKYTRAIL AIRLINES LIMITED,KENYA
SKP,-,SKYTRANS,SKYTRANS AIRLINES,SKYTRANS PTY LTD T/A SKYTRANS AIRLINES,AUSTRALIA
SKT,-,SKYTROPIC,SKYTROPIC,"AERO SKYTROPIC, S.A.",PANAMA
SQP,-,SKYUP,SKYUP AIRLINES,SKYUP AIRLINES,UKRAINE
SEU,-,SKY MALTA,SKYUP MALTA,SKYUP MT,MALTA
RCT,-,GREEN SKY,SKYVIEW AIRWAYS,"SKYVIEW AIRWAYS CO., LTD",THAILAND
UWD,-,UPWARD,SKYWARD AVIATION,SKYWARD AVIATION,UNITED STATES OF AMERICA
SEW,-,SKYWARD EXPRESS,SKYWARD EXPRESS,SKYWARD EXPRESS,KENYA
SWY,-,-,SKYWAY,"SKYWAY, CJSC",RUSSIAN FEDERATION
GCS,-,SKY TEC,SKYWAY AIRLINES,SKYWAY AIRLINES,COSTA RICA
SKZ,-,SKYWAY-INC,SKYWAY ENTERPRISES,"SKYWAY ENTERPRISES, INC. (KISSIMMEE, FL)",UNITED STATES OF AMERICA
SKW,OO,SKYWEST,SKYWEST AIRLINES,"SKY WEST AVIATION, INC. (ST. GEORGE, UT)",UNITED STATES OF AMERICA
SWM,-,SKY ANGKOR,SKYWINGS ASIA AIRLINES,SKYWINGS ASIA AIRLINES,CAMBODIA
SWZ,-,SKYWISE,SKYWISE,CABOLAR (PTY) LTD T/A SKYWISE,SOUTH AFRICA
SPC,-,PORT,SKYWORLD AIRLINES,"SKYWORLD AIRLINES (DENVER, CO)",UNITED STATES OF AMERICA
SLJ,-,SLAMAIR,SLAM LAVORI AEREI,SLAM LAVORI AEREI S.R.L.,ITALY
SYJ,-,-,SLATE FALLS AIR,SLATE FALLS AIRWAYS LTD.,CANADA
SHX,-,SLIM AIR,SLIM AVIATION SERVICES,SLIM AVIATION SERVICES LIMITED,NIGERIA
...,-,SLINGSBY,SLINGSBY AVIATION,SLINGSBY AVIATION LIMITED,UNITED KINGDOM
SLN,-,SLOANE,SLOANE HELICOPTERS,SLOANE HELICOPTERS LTD,UNITED KINGDOM
SLB,-,SLOK AIR,SLOK AIR,SLOK AIR LIMITED,NIGERIA
OKS,-,SLOK GAMBIA,SLOK AIR INTERNATIONAL,SLOK AIR INTERNATIONAL (GAMBIA) LIMITED,GAMBIA
SQF,-,SLOVAK AIRFORCE,SLOVAK AIR FORCE,SLOVAK AIR FORCE,SLOVAKIA
SSG,-,SLOVAK GOVERNMENT,SLOVAK GOVERNMENT,SLOVAK GOVERNMENT FLIGHT SERVICE,SLOVAKIA
SQA,-,SLOVAK AEROCLUB,SLOVAK NATIONAL AEROCLUB,SLOVAK NATIONAL AEROCLUB,SLOVAKIA
LSV,-,SLOVENIAN AIRFORCE,SLOVENIAN AIR FORCE,SLOVENIAN MINISTRY OF DEFENCE,SLOVENIA
SMA,-,SESAME,SMA AIRLINES,SMA AIRLINES NIG. LIMITED,NIGERIA
GDM,-,SMALL,SMALL FLY,SMALL FLY CO. LTD.,MALTA
LKH,-,SKYPLANET,SMALL PLANET,SMALL PLANET,CAMBODIA
LLC,-,SMALL PLANET,SMALL PLANET AIRLINES,SMALL PLANET AIRLINES JSC,LITHUANIA
LLP,-,SKYPOL,SMALL PLANET AIRLINES,SMALL PLANET AIRLINES SP. Z.O.O.,POLAND
LLX,-,GERMANJET,SMALL PLANET AIRLINES,SMALL PLANET AIRLINES GMBH,GERMANY
SME,-,-,SMART AVIATION COMPANY,SMART AVIATION COMPANY,EGYPT
SAH,-,SMART JET,SMART JET,SMART JET SP. Z O.O.,POLAND
AUL,5N,ARCHANGELSK AIR,SMARTAVIA,"NORDAVIA-REGIONAL AIRLINES, JSC",RUSSIAN FEDERATION
SMG,-,SMARTLINE,SMARTLINE,SMARTLINE LUFTFAHRT GMBH,AUSTRIA
ART,6Y,SMART LYNX,SMARTLYNX AIRLINES,SMARTLYNX AIRLINES LTD,LATVIA
LCV,-,CABO CAT,SMARTLYNX AIRLINES CABO VERDE,SMARTLYNX AIRLINES CABO VERDE,CABO VERDE
MYX,6Y,TALLINN CAT,SMARTLYNX ESTONIA,SMARTLYNX AIRLINES ESTONIA,ESTONIA
LYX,2N,MALTA CAT,SMARTLYNX MALTA,SMARTLYNX AIRLINES MALTA,MALTA
TVS,QS,SKYTRAVEL,SMARTWINGS,"SMARTWINGS, A.S.",CZECHIA
TVL,-,TRAVEL SERVICE,SMARTWINGS HUNGARY,SMARTWINGS HUNGARY KFT.,HUNGARY
TVP,-,JET TRAVEL,SMARTWINGS POLAND,SMARTWINGS POLAND,POLAND
STG,-,STAGE,SMB AIRLINES,"SEDALIA, MARSHALL, BOONVILLE STAGE LINE, INC. (DES MOINES, IA)",UNITED STATES OF AMERICA
SMH,-,SMITHAIR,SMITHAIR,"SMITHAIR, INC. (ATLANTA, GA)",UNITED STATES OF AMERICA
SBQ,-,SKIBBLE,SMITHKLINE BEACHAM CLINICAL LABS,SMITHKLINE BEACHAM CLINICAL LABS,UNITED STATES OF AMERICA
SMD,-,SKYMAP,SMJET,SMJET S.R.L.,SAN MARINO
SMY,-,CABO CACTI,SMM FLIGHT SERVICES,SMM FLIGHT SERVICES SA DE CV,MEXICO
GYR,-,GYROFER,SNCF SURETE,SNCF SURETE,FRANCE
SNU,-,-,SNUNIT AVIATION,SNUNIT AVIATION,ISRAEL
SDK,-,SADELCA,SOCIEDAD AEREA DEL CAQUETA,SOCIEDAD AEREA DEL CAQUETA LTDA,COLOMBIA
SAL,-,-,SOCIEDAD AERONAUTICA PENINSULAR,SOCIEDAD AERONAUTICA PENINSULAR S.L.,SPAIN
VSC,-,-,SOCIEDAD DE PROMOCIÃ“N Y GESTIÃ“N DEL TURISMO ARAGONES,SOCIEDAD DE PROMOCIÃ“N Y GESTIÃ“N DEL TURISMO ARAGONES S.L.U.,SPAIN
VSC,-,-,SOCIEDAD DE PROMOCIÓN Y GESTIÓN DEL TURISMO ARAGONES,SOCIEDAD DE PROMOCIÓN Y GESTIÓN DEL TURISMO ARAGONES S.L.U.,SPAIN
SSM,-,SASEMAR,SOCIEDAD DE SALVAMENTO Y SEGURIDAD MARITIMA,SOCIEDAD DE SALVAMENTO Y SEGURIDAD MARITIMA,SPAIN
SNS,-,-,SOCIETE CENTRAFRICAINE DE TRANSPORT AERIEN,SOCIETE CENTRAFRICAINE DE TRANSPORT AERIEN,CENTRAL AFRICAN REPUBLIC
NSC,-,TRANS-SOCIETE,SOCIETE DE TRANSPORT AERIEN DE MAURITANIE,SOCIETE DE TRANSPORT AERIEN DE MAURITANIE,MAURITANIA
...,-,VICTOR INDIA,SOCIETE DE TRAVAIL AERIEN,SOCIETE DE TRAVAIL AERIEN,ALGERIA
TTM,-,TOUT-AIR,SOCIETE TOUT TRANSPORT MAURITANIEN,SOCIETE TOUT TRANSPORT MAURITANIEN,MAURITANIA
SCF,-,SOCOFER,SOCOFER,"SOCOFER, LDA",ANGOLA
SDA,-,-,SOGDIANA,SOGDIANA,TAJIKISTAN
OKT,-,SOKO AIR,SOKO AVIATION,"SOKO AVIATION, S.L.",SPAIN
OLS,-,FLIGHT SOL,SOL,SOL S.A. LINEAS AEREAS,ARGENTINA
SOF,-,SKY COMFORT,SOL AIR,SOL AIR,ZIMBABWE
SGU,-,SOLPARAGUAYO,SOL DEL PARAGUAY LINEAS AEREAS,SOL DEL PARAGUAY LINEAS AEREAS S.A.,PARAGUAY
SGA,-,SOL URUGUAY,SOL LINEAS AEREAS URUGUAYAS,SOL LINEAS AEREAS URUGUAYAS (CUWEROY S.A.),URUGUAY
SBA,-,SOL BRASIL,SOL LINHAS AEREAS,SOL LINHAS AEREAS LTDA,BRAZIL
OLC,-,SOLARCARGO,SOLAR CARGO,SOLAR CARGO C.A.,VENEZUELA
SNJ,-,NEWSKY,SOLASEED AIR,SOLASEED AIR INC.,JAPAN
SFU,-,SAINTS,SOLENT FLIGHT,SOLENT FLIGHT LIMITED,UNITED KINGDOM
...,-,SOLENT,SOLENT HELICOPTERS,SOLENT HELICOPTERS,UNITED KINGDOM
SET,-,SOLENTA,SOLENTA AVIATION,SOLENTA AVIATION (PTY) LTD,SOUTH AFRICA
SIV,-,SOLENT-IVOIRE,SOLENTA AVIATION,SOLENTA AVIATION - CI,COTE D'IVOIRE
SVG,-,SOLAVIA,SOLENTA AVIATION GABON,SOLENTA AVIATION GABON,GABON
MFJ,-,SEGURO,SOLENTA AVIATION MOZAMBIQUE,SOLENTA AVIATION MOZAMBIQUE SA,MOZAMBIQUE
SOP,-,SOLINAIR,SOLINAIR,SOLINAIR LTD,SLOVENIA
SOL,IE,SOLOMON,SOLOMON AIRLINES,SOLOMON AIRLINES LIMITED,SOLOMON ISLANDS
SPK,-,SOLSTAS LAB,SOLSTAS LAB PARTNERS,"SOLSTAS LAB PARTNERS (GREENSBORO, NC)",UNITED STATES OF AMERICA
LRG,-,SOLAER LAGUNA,SOLUCIONES AEREAS DE LA LAGUNA,"SOLUCIONES AEREAS DE LA LAGUNA, S.A. DE C.V.",MEXICO
BLU,-,BLUEGRASS,SOLUTIONS AIR CHARTER,"SOLUTIONS AIR CHARTER, LLC (ZIONSVILLE, IN)",UNITED STATES OF AMERICA
HUN,-,HUNGARIAN,SOLYOM HUNGARIAN AIRWAYS,SOLYOM HUNGARIAN AIRWAYS AIR SERVICE AND TRADING LTD,HUNGARY
SMR,SZ,SOMON AIR,SOMON AIR,LLC AIR COMPANY SOMON AIR,TAJIKISTAN
SOR,-,SONAIR,SONAIR SERVICO AEREO,"SONAIR SERVICO AEREO, SARL",ANGOLA
SYI,-,-,SONALYSTS,"SONALYSTS, INC. (WATERFORD, CT)",UNITED STATES OF AMERICA
SNO,-,SONAVI,SONI AVIONES,"SONI AVIONES, S.A. DE C.V.",MEXICO
-,YZ,-,SONOCO THERMOSAFE,SONOCO THERMOSAFE,UNITED STATES OF AMERICA
STI,-,SONTAIR,SONTAIR,SONTAIR LTD,CANADA
SNL,-,SOONAIR,SOONAIR LINES,"SOONAIR LINES, INC. (TULSA, OK)",UNITED STATES OF AMERICA
SSE,-,-,SORENS AERO,SORENS AERO SM S.R.L.,SAN MARINO
OSL,-,SOSOLISO,SOSOLISO,SOSOLISO LIMITED,NIGERIA
OUL,-,SOUL BIRD,SOULBIRD,OKLAHOMA AVIATION DBA SOULBIRD,UNITED STATES OF AMERICA
-,S8,-,SOUNDS AIR,SOUNDS AIR,NEW ZEALAND
LMG,-,SOUTH AFRICAN,SOUTH AFRICAN AIR FORCE,SOUTH AFRICAN AIR FORCE,SOUTH AFRICA
SAA,SA,SPRINGBOK,SOUTH AFRICAN AIRWAYS,SOUTH AFRICAN AIRWAYS (SAA),SOUTH AFRICA
SYY,-,SKY COACH,SOUTH AFRICAN HISTORIC FLIGHT,SOUTH AFRICAN HISTORIC FLIGHT,SOUTH AFRICA
BDS,-,SOUTH ASIAN,SOUTH ASIAN AIRLINES,SOUTH ASIAN AIRLINES LTD,BANGLADESH
PLT,-,PALMETTO,SOUTH CAROLINA AERONAUTICS COMMISSION,"SOUTH CAROLINA AERONAUTICS COMMISSION (COLUMBIA, SC)",UNITED STATES OF AMERICA
CRY,-,CERNEY,SOUTH CERNEY,SOUTH CERNEY,UNITED KINGDOM
GAD,-,SOUTHCOAST,SOUTH COAST AVIATION,SOUTH COAST AVIATION (BOURNEMOUTH) LTD,UNITED KINGDOM
SOU,-,PARADISE,SOUTH PACIFIC AIRLINES,SOUTH PACIFIC AIRLINES,CHINA
SXP,-,SOUTHPAC EXPRESS,SOUTH PACIFIC EXPRESS,SOUTH PACIFIC EXPRESS HOLDINGS LIMITED,SAMOA
SPI,-,SOUTH PACIFIC,SOUTH PACIFIC ISLAND AIRWAYS,"SOUTH PACIFIC ISLAND AIRWAYS, INC.",UNITED STATES OF AMERICA
SEA,-,SOUTHEAST AIR,SOUTHEAST AIR,"SOUTHEAST AIR, INC. (NEW BEDFORD, MA)",UNITED STATES OF AMERICA
SNK,-,SUN KING,SOUTHEAST AIRLINES,"SUN JET INTERNATIONAL, INC. D/B/A SOUTHEAST AIRLINES (LARGO, FL)",UNITED STATES OF AMERICA
SPU,-,SPUTTER,SOUTHEAST AIRMOTIVE,"SOUTHEAST AIRMOTIVE CORP. (CHARLOTTE, NC)",UNITED STATES OF AMERICA
SOT,-,SOUTH COURIER,SOUTHEAST CORRECT CRAFT,"SOUTHEAST CORRECT CRAFT, INC. (ORLANDO, FL)",UNITED STATES OF AMERICA
SOO,9S,SOUTHERN AIR,SOUTHERN AIR,"SOUTHERN AIR, INC. (COLUMBUS, OH)",UNITED STATES OF AMERICA
SOA,-,SOUTH AIRCHARTER,SOUTHERN AIR CHARTER,SOUTHERN AIR CHARTER,BAHAMAS
SXA,-,FERRY,SOUTHERN CROSS AVIATION,"SOUTHERN CROSS AVIATION, INC. (CAMARILLO, CA)",UNITED STATES OF AMERICA
SXF,-,SOUTHERN FLIGHT,SOUTHERN CROSS AVIATION,"SOUTHERN CROSS AVIATION INC., LLC",UNITED STATES OF AMERICA
SXI,-,SOUTHERN CROSS,SOUTHERN CROSS INTERNATIONAL,SOUTHERN CROSS INTERNATIONAL,UNITED STATES OF AMERICA
ALC,-,ACOM,SOUTHERN JERSEY AIRWAYS,"SOUTHERN JERSEY AIRWAYS, INC. (ATLANTIC CITY, NJ)",UNITED STATES OF AMERICA
HNJ,-,SOUTHERN JET,SOUTHERN JET,"SOUTHERN JET CO, LTD",CHINA
SOH,-,SOUTHERN OHIO,SOUTHERN OHIO AVIATION SALES,"SOUTHERN OHIO AVIATION SALES CO. (W. CARROLLTON, OH)",UNITED STATES OF AMERICA
SSC,-,SOUTHERN SKIES,SOUTHERN SEAPLANE,"SOUTHERN SEAPLANE, INC. (BELLE CHASSE, LA)",UNITED STATES OF AMERICA
SRS,-,SKY SOUTH,SOUTHERN SKY,SOUTHERN SKY,KAZAKHSTAN
CAK,-,CACTUS,SOUTHWEST AIRCRAFT CHARTER,SOUTHWEST AIRCRAFT CHARTER,UNITED STATES OF AMERICA
SWA,-,SOUTHWEST,SOUTHWEST AIRLINES,"SOUTHWEST AIRLINES CO. (SAN ANTONIO, TX)",UNITED STATES OF AMERICA
STW,-,MOON STAR,SOUTHWIND AIRLINES,SOUTHWIND AIRLINES,TURKEY
RHK,-,REDHAWK,SOVEREIGN BUSINESS JETS,SOVEREIGN BUSINESS JETS LTD,UNITED KINGDOM
SPF,-,SPACE WORLD,SPACE WORLD AIRLINE,SPACE WORLD AIRLINE,NIGERIA
JKK,-,SPANAIR,SPANAIR,SPANAIR,SPAIN
LDX,-,LAUDA RUSH,SPARFELL LUFTFAHRT,SPARFELL LUFTFAHRT GMBH,AUSTRIA
QFX,-,SPARFELL,SPARFELL MALTA,SPARFELL MALTA LTD,MALTA
SCU,-,SKELLY,SPARTAN COLLEGE OF AERONAUTICS AND TECHNOLOGY,"SPARTAN EDUCATION, LLC DBA SPARTAN COLLEGE OF AERONAUTICS AND TECHNOLOGY",UNITED STATES OF AMERICA
SPS,-,SALDUERO,SPASA,"SPASA (SERVICIOS POLITECNICOS AEREOS, S.A.)",SPAIN
SGC,-,SPEC WINGS,SPEC ENERGY,SPEC ENERGY,SAN MARINO
SYV,-,SPECIAL SYSTEM,SPECIAL AVIATION SYSTEM,"SPECIAL AVIATION SYSTEMS, INC. (LEIPSIC, OH)",UNITED STATES OF AMERICA
XHA,-,-,SPECIAL HANDLING SERVICE FOR AIRCRAFT,SPECIAL HANDLING SERVICE FOR AIRCRAFT,ICAO
SSZ,-,SPECSAVERS,SPECSAVERS,SPECSAVERS AVIATION LTD,UNITED KINGDOM
CDS,-,SPECDAS,SPECTREM AIR,SPECTREM AIR LTD,SOUTH AFRICA
XSA,-,-,SPECTRUM AIR SERVICE,"SPECTRUM AIR SERVICE, INC. (LEAGUE CITY, TX)",UNITED STATES OF AMERICA
ECV,-,-,SPECTRUM AVIA,SPECTRUM AVIA,RUSSIAN FEDERATION
LSP,-,AIR TONY,SPECTRUM AVIATION,SPECTRUM AVIATION INCORPORATED,UNITED KINGDOM
SPJ,-,SPECTRUM,SPECTRUM AVIATION,SPECTRUM AVIATION,UNITED KINGDOM
SFD,-,DRACO,SPEED FLY,SPEED FLY,SPAIN
SPG,-,SPEEDWING,SPEEDWINGS EXECUTIVE JET,SPEEDWINGS EXECUTIVE JET GMBH,AUSTRIA
SAD,-,INDASTRIA,SPETS AVIA INDASTRIA,"SPETS AVIA INDASTRIA, MAC",UKRAINE
SEJ,SG,SPICEJET,SPICEJET,SPICEJET LIMITED,INDIA
NKS,-,SPIRIT WINGS,SPIRIT AIRLINES,"SPIRIT AIRLINES, INC. (EASTPOINTE, MI)",UNITED STATES OF AMERICA
SJJ,-,SPIRIT JET,SPIRIT JETS,"SPIRIT JETS, LLC (CHESTERFIELD, MO)",UNITED STATES OF AMERICA
SDN,-,BLUE NILE,SPIRIT OF AFRICA AIRLINES,SPIRIT OF AFRICA AIRLINES,SUDAN
SPO,-,SPORAVIA,SPORAVIA,SPORAVIA S.L.,SPAIN
SPE,-,SPRAGUE,SPRAGUE ELECTRIC,"SPRAGUE ELECTRIC CO. (NORTH ADAMS, MA)",UNITED STATES OF AMERICA
SFG,-,COLORSKY,SPREE FLUG,SPREE FLUG LUFTFAHRT GMBH,GERMANY
CQH,9C,AIR SPRING,SPRING AIRLINES,"SPRING AIRLINES CO., LTD",CHINA
SJO,-,JEY SPRING,SPRING AIRLINES,"SPRING AIRLINES JAPAN CO., LTD.",JAPAN
SZJ,-,SPRING JET,SPRING JET,SPRING JET LIMITED,CHINA
SPB,-,SPRING CLASSIC,SPRINGBOK CLASSIC AIR,SPRINGBOK CLASSIC AIR,SOUTH AFRICA
IBG,-,ICE BRIDGE,SPRINGFIELD AIR,"SPRINGFIELD AIR (Kansas City, MO)",UNITED STATES OF AMERICA
SRN,-,SPRINTAIR,SPRINTAIR,SPRINTAIR SA,POLAND
SAR,-,SPRINTAIR CARGO,SPRINTAIR CARGO,SPRINTAIR CARGO SP. Z.O.O.,POLAND
PUR,-,SPURWING,SPURWING AIRLINES,SPURWING AIRLINES (PTY) LTD,SOUTH AFRICA
QSR,-,SPARKLE ROLL,SR JET,SR JET CO. LTD.,CHINA
ALK,UL,SRILANKAN,SRI LANKAN AIRWAYS,SRI LANKAN AIRWAYS,SRI LANKA
KBN,-,KABIN,SRIRACHA AVIATION,SRIRACHA AVIATION CO. LTD.,THAILAND
SJY,-,SRIWIJAYA,SRIWIJAYA AIR,"SRIWIJAYA AIR, PT.",INDONESIA
UAW,-,UNIFORM,ST ATHAN UAS,UAS/AEF ST ATHAN,UNITED KINGDOM
STN,-,SAINT ATHAN,ST. ATHAN MU,ST. ATHAN MU,UNITED KINGDOM
SXM,-,SAINT MAARTEN,ST. MAARTEN AIRWAYS,ST. MAARTEN AIRWAYS,NETHERLANDS
SBO,-,STABAIR,STABO AIR,STABO AIR LIMITED,ZAMBIA
SOB,-,STABO,STABO FREIGHT,STABO FREIGHT LIMITED,ZAMBIA
KFB,-,MISSION,STAJETS,"SUPERIOR TRANSPORTATION ASSOCIATES, INC - DBA STAJETS",UNITED STATES OF AMERICA
STL,-,STAPLEFORD,STAPLEFORD FLIGHT CENTRE,STAPLEFORD FLIGHT CENTRE,UNITED KINGDOM
SFI,-,SPACE STAR,STAR AEROSPACE,STAR AEROSPACE,AUSTRIA
SDG,-,HI STAR,STAR AIR,"STAR AIR, M/S GHODAWAT ENTERPRISES PVT. LTD.",INDIA
URJ,-,STARAV,STAR AIR,STAR AIR M/S,PAKISTAN
SRR,DJ,WHITESTAR,STAR AIR,STAR AIR A/S,DENMARK
BRH,-,BRIGHTSTAR,STAR AIR CARGO,STAR AIR CARGO (PTY) LTD,SOUTH AFRICA
DST,-,STAR AVIATION,STAR AVIATION,STAR AVIATION SPA,ALGERIA
SVP,-,STAR INDIA,STAR AVIATION,STAR AVIATION PVT. LTD,INDIA
SEK,-,EAST RIDER,STAR EAST AIRLINE,STAR EAST AIRLINE,ROMANIA
SYW,-,FAST STAR,STAR FLY WINGS,STAR FLY WINGS D.O.O.,SERBIA
SFJ,-,STARFLYER,STAR FLYER,STAR FLYER INC,JAPAN
CHJ,-,SHINING,STAR JET,"STAR JET CO., LTD",CHINA
SRU,-,STAR-UP,STAR UP,STAR UP S.A.,PERU
SUU,-,SUNSTAR,STAR WEST AVIATION,"STAR WEST AVIATION (EVANSTON, WY)",UNITED STATES OF AMERICA
SWP,-,STAR WORK,STAR WORK SKY,STAR WORK SKY,ITALY
SBE,-,STARBASE,STARBASE AVIATION,STARBASE AVIATION LLC,UNITED STATES OF AMERICA
SGT,-,STARGATE,STARGATE AVIATION,STARGATE AVIATION CC,SOUTH AFRICA
SLT,-,STARLIGHT CARGO,STARLIGHT AIRLINE,"STARLIGHT AIRLINE STP, S.A.",SAO TOME AND PRINCIPE
TLK,-,STARLINK,STARLINK AVIATION,STARLINK AVIATION,CANADA
TRL,-,STARSTREAM,STARLITE AVIATION,STARLITE AVIATION PTY LTD,SOUTH AFRICA
SJX,-,STARWALKER,STARLUX AIRLINES,"STARLUX AIRLINES CO., LTD",CHINA
FOZ,-,STARS AIRWAYS,STARS AIRWAYS,STARS AIRWAYS,SYRIAN ARAB REPUBLIC
STX,-,STARSAWAY,STARS AWAY AVIATION,STARS AWAY AVIATION,SOUTH AFRICA
SRM,-,TARMEX,STARS DE MEXICO,"STARS DE MEXICO, S.A. DE C.V.",MEXICO
HIP,-,STARSA,STARSHIP,"STARSHIP, S.A. DE C.V.",MEXICO
SSP,-,STARSPEED,STARSPEED,STARSPEED LTD,UNITED KINGDOM
STQ,-,STARTREK,STARWINGS,"STARWINGS DORTMUND LUFTFAHRTGESELLSCHAFT MBH, DORTMUND",GERMANY
BEC,-,-,STATE AIR COMPANY BERKUT,STATE AIR COMPANY BERKUT,KAZAKHSTAN
UTS,-,AIRRUH,STATE AIR TRAFFIC SERVICE ENTERPRISE,STATE AIR TRAFFIC SERVICE ENTERPRISE,UKRAINE
OVD,-,RUSSIA CORP,STATE ATM CORPORATION,STATE ATM CORPORATION,RUSSIAN FEDERATION
BKB,-,BLACK BEAR,"STATE OF WEST VIRGINIA, AVIATION DIVISION","STATE OF WEST VIRGINIA, AVIATION DIVISION (CHARLESTON, WV)",UNITED STATES OF AMERICA
ORG,-,ORENAVIA,STATE UNITARY ENTERPRISE ORENBURG,"STATE UNITARY ENTERPRISE ORENBURG REGION, INTERNATIONAL AIRPORT ORENBURG",RUSSIAN FEDERATION
XSM,-,AIRSMART,STEELMAN AVIATION,STEELMAN AVIATION INC,UNITED STATES OF AMERICA
SLV,-,AVISTELLA,STELLA AVIATION,STELLA AVIATION,MAURITANIA
RKK,-,ROCKTOWN,STEPHENS INVESTMENTS HOLDINGS,STEPHENS INVESTMENTS HOLDINGS,UNITED STATES OF AMERICA
NSH,-,NORTH-SHORE,STERLING AVIATION,STERLING AVIATION LLC,UNITED STATES OF AMERICA
STR,-,STERNA,STERNA LINHAS AREAS,STERNA LINHAS AREAS LTDA.,BRAZIL
VGS,-,SMART,STICHTING VLIEGSCHOOL ZESTIENHOVEN,STICHTING VLIEGSCHOOL 16HOVEN,NETHERLANDS
STK,-,STOBART,STOBART AIR,STOBART AIR,IRELAND
VVD,-,LIVERBIRD,STOBART AIR SERVICES,STOBART AIR SERVICES UK LIMITED,UNITED KINGDOM
WVU,-,COUNTRY ROADS,STOCKMEIER URETHANES USA,"STOCKMEIER URETHANES USA, INC.",UNITED STATES OF AMERICA
HWS,-,STORM,STORM HELIWORKS,STORM HELIWORKS,SWEDEN
STP,-,SAOTOME AIRWAYS,STP AIRWAYS,STP AIRWAYS,SAO TOME AND PRINCIPE
NUK,-,NANUCK,STRAIT AIR,STRAIT AIR (2000) LTD,CANADA
SRZ,-,STRATO,STRATO AIR SERVICES,STRATO AIR SERVICES,SOUTH AFRICA
VPT,-,POTOK,STREAM AIR,STREAM AIR,RUSSIAN FEDERATION
SLE,-,SLIPSTREAM,STREAMLINE,STREAMLINE NAC,SOUTH AFRICA
STO,-,SLOPS,STREAMLINE OPS,"STREAMLINE OPS, CJSC",RUSSIAN FEDERATION
STZ,-,STUDIO,STUDIO 88 AVIATION,BIZ AFRICA 1019 CC T/A STUDIO 88 AVIATION,SOUTH AFRICA
SSB,-,SUASA AIR,SUASA AIRLINES,SUASA AIRLINES SDN BHD,MALAYSIA
SUB,-,SUB AIR,SUBURBAN AIR FREIGHT,"SUBURBAN AIR FREIGHT, INC. (OMAHA, NE)",UNITED STATES OF AMERICA
SUD,-,SUDANAIR,SUDAN AIRWAYS,SUDAN AIRWAYS,SUDAN
SDZ,-,SUDANA,SUDAN PEZETEL AVIATION,SUDAN PEZETEL FOR AVIATION,SUDAN
SNV,-,SUDANESE,SUDANESE STATES AVIATION,SUDANESE STATES AVIATION CO. LTD,SUDAN
SUT,-,SUMMIT,SUMMIT AIR,SUMMIT AIR LTD.,CANADA
YEL,-,YELLOWSTONE,SUMMIT AIR,"SUMMIT AVIATION, INC",UNITED STATES OF AMERICA
SMM,-,SUMMIT-AIR,SUMMIT AIRLINES,"SUMMIT AIRLINES (PHILADELPHIA, PA)",UNITED STATES OF AMERICA
SNR,-,SUN GROUP,SUN AIR,SUN AIR CO.,SUDAN
SUR,-,-,SUN AIR,SUN AIR,EGYPT
BGS,-,SUNNY,SUN AIR BULGARIA,SUN AIR BULGARIA,BULGARIA
FDY,-,FRIENDLY,SUN AIR EXPRESS,"SUN AIR EXPRESS, LLC (FT. LAUDERDALE, FL)",UNITED STATES OF AMERICA
SJE,-,SUN JOURNEY,SUN AIR JETS,SUN AIR JETS,UNITED STATES OF AMERICA
SCX,SY,SUN COUNTRY,SUN COUNTRY AIRLINES,"MN AIRLINES, LLC, D/B/A SUN COUNTRY AIRLINES (MENDOTA HEIGHTS, MN)",UNITED STATES OF AMERICA
SNP,-,SUN PACIFIC,SUN PACIFIC INTERNATIONAL,"SUN PACIFIC INTERNATIONAL, INC. (TUCSON, AZ)",UNITED STATES OF AMERICA
SNQ,-,EXECU-QUEST,SUN QUEST EXECUTIVE AIR CHARTER,"SUN QUEST EXECUTIVE AIR CHARTER, INC. (PACOIMA, CA)",UNITED STATES OF AMERICA
RZT,-,RITZ JET,SUN RITZ JET,"SUN RITZ JET CO., LTD",CHINA
SNW,-,SUN WEST,SUN WEST AIRLINES,"SUN WEST AIRLINES (SCOTTSDALE, AZ)",UNITED STATES OF AMERICA
SNF,-,MATZADA,SUNAIR,SUNAIR,ISRAEL
SUS,EZ,SUNSCAN,SUN-AIR,SUN-AIR OF SCANDINAVIA A/S,DENMARK
LEO,-,SUN-OLE,SUNAIR AIR OLE,SUNAIR AIR OLE S.L.,SPAIN
SAV,-,SUNAIR,SUNAIR AVIATION,SUNAIR AVIATION LTD,UNITED STATES OF AMERICA
CDL,-,CAROLINA,SUNBIRD AIRLINES,"SUNBIRD AIRLINES, INC. (CHARLOTTE, NC)",UNITED STATES OF AMERICA
VKG,DK,VIKING,SUNCLASS AIRLINES,SUNCLASS AIRLINES APS,DENMARK
SNT,-,SUNCOAST,SUNCOAST AVIATION,"SUNCOAST AVIATION, INC.(CLEARWATER, FL)",UNITED STATES OF AMERICA
JSN,-,JETSUN,SUNCOR ENERGY,SUNCOR ENERGY INC.,CANADA
SDR,-,SUNDAIR,SUNDAIR,SUNDAIR GMBH,GERMANY
BNC,-,BARNACLE AIR,SUNDANCE AIR,"SUNDANCE AIR, INCORPORATED (DENVER, CO)",UNITED STATES OF AMERICA
SUV,-,DANCEAIR,SUNDANCE AIR,SUNDANCE AIR S.A.,VENEZUELA
MDT,-,MIDNIGHT,SUNDT AIR,SUNDT AIR A/S,NORWAY
AKK,-,AKER,SUNDT AIR MANAGEMENT,SUNDT AIR MANAGEMENT,NORWAY
SXS,XQ,SUN EXPRESS,SUNEXPRESS,GUNES EKSPRES HAVACILIK A.S. (SUNEXPRESS),TURKEY
SXD,-,SUNRISE,SUNEXPRESS DEUTSCHLAND,"SUNEXPRESS DEUTSCHLAND GMBH, FRANKFURT (MAIN)",GERMANY
SUF,-,SUNFLOWER,SUNFLOWER AIRLINES,SUNFLOWER AIRLINES LIMITED,FIJI
SUC,-,-,SUNFLY,"SUNFLY, S.L.",SPAIN
KAM,-,SUNKAR,SUNKAR AIR,SUNKAR AIR,KAZAKHSTAN
RLB,-,SUNLIGHT,SUNLIGHT EXPRESS AIRWAYS,SUNLIGHT EXPRESS AIRWAYS,PHILIPPINES
JAM,-,SUNTRACK,SUNLINE AIRLINES,SUNLINE AIRLINES LTD,KENYA
SDC,-,SUNDANCE,SUNRISE AIRLINES,"SUNRISE AIRLINES (PAGE, AZ)",UNITED STATES OF AMERICA
KSZ,-,-,SUNRISE AIRWAYS,SUNRISE AIRWAYS,HAITI
TWY,-,TWILIGHT,SUNSET AVIATION,"SUNSET AVIATION, LLC (PETALUMA, CA)",UNITED STATES OF AMERICA
TMP,-,TEMPUS,SUNSHINE HEALTH,"CENTENE MANAGEMENT COMPANY, LLC",UNITED STATES
SSQ,-,SUNSTATE,SUNSTATE AIRLINES,SUNSTATE AIRLINES (QLD) PTY,AUSTRALIA
CNK,-,CHINOOK,SUNWEST AVIATION,SUNWEST AVIATION LTD,CANADA
SWS,-,SUNNY WEST,SUNWEST AVIATION,"LINDQUIST INVESTMENT CO., LTD. D/B/A SUNWEST AVIATION (OGDEN, UT)",UNITED STATES OF AMERICA
SWG,-,SUNWING,SUNWING AIRLINES,SUNWING AIRLINES INC.,CANADA
SWI,-,SUNWORLD,SUNWORLD INTERNATIONAL AIRWAYS,"SUNWORLD INTERNATIONAL AIRWAYS, INC. (LAS VEGAS, NV)",UNITED STATES OF AMERICA
YZR,Y8,YANGTZE RIVER,SUPARNA AIRLINES,SUPARNA AIRLINES,CHINA
SJV,-,PROSPER,SUPER AIR JET,PT. SUPER AIR JET,INDONESIA
SLS,-,POWER BLADE,SUPER LEGACY,SUPER LEGACY XP LTD,SAN MARINO
SLZ,-,LUZA,SUPER LUZA,SUPER LUZA,ANGOLA
SUQ,-,SUPERIOR,SUPERIOR AIR,SUPERIOR AIR S.A.,GREECE
HKA,-,SPEND AIR,SUPERIOR AVIATION,"SUPERIOR AVIATION, INC.(IRON MOUNTAIN/KINGSFORD, MI)",UNITED STATES OF AMERICA
SUK,-,SKYCARGO,SUPERIOR AVIATION SERVICES,SUPERIOR AVIATION SERVICES LTD,KENYA
SHF,-,VORTEX,SUPPORT HELICOPTER FORCE,SUPPORT HELICOPTER FORCE,UNITED KINGDOM
SUH,-,-,SURAVIA,"SURAVIA, S.A.",SPAIN
DSP,-,SURAVIATION,SURAVIATION,SURAVIATION S.L.,SPAIN
URF,-,SURFAIR,SURF AIR,"SURF AIR (SANTA MONICA, CA)",UNITED STATES OF AMERICA
SRJ,-,SURIJET,SURIJET.COM,SURIJET.COM INC.,SURINAME
SLM,-,SURINAM,SURINAAMSE LUCHTVAART,SURINAAMSE LUCHTVAART MAATSCHAPPIJ N.V.,SURINAME
BDF,-,BORDER FORCE,SURVEILLANCE AUSTRALIA,SURVEILLANCE AUSTRALIA P/L,AUSTRALIA
SWK,-,ZAGEL,SUWAIKET AVIATION,SUWAIKET AVIATION,UNITED ARAB EMIRATES
JET,-,TRADEWIND,SVENSK INDUSTRIFLYG,SVENSK INDUSTRIFLYG AB,SWEDEN
SWV,-,SWEDEMED,SVENSK LUFTAMBULANS,SVENSK LUFTAMBULANS,SWEDEN
SWE,-,SWEDECARE,SVENSKT AMBULANSFLYG,SVENSKT AMBULANSFLYG,SWEDEN
SVD,-,GRENADINES,SVG AIR,ST. VINCENT GRENADINES AIR (1990) LIMITED,SAINT VINCENT AND THE GRENADINES
AZH,-,HELIAZE,SW HELICOPTER SERVICES,SW HELICOPTER SERVICES,AZERBAIJAN
PRK,-,PARACA,SWALLOW AVIACION,"SWALLOW AVIACION, S.L.",SPAIN
SFX,-,SWAMP FOX,SWAMP FOX,SPORTSMAN S LLC. / SWAMP FOX LLC.,UNITED STATES OF AMERICA
SMX,-,SWANTON,SWANTON MORLEY (RAF),SWANTON MORLEY (RAF),UNITED KINGDOM
SVF,-,SWEDEFORCE,SWEDISH ARMED FORCES,SWEDISH ARMED FORCES,SWEDEN
SFL,-,SWIFTLINE,SWIFT AIR,SWIFT AIR,BAHRAIN
WFC,-,SWIFTCOPTERS,SWIFT COPTERS,SWIFT COPTERS SA,SWITZERLAND
SWT,-,SWIFT,SWIFTAIR,SWIFTAIR S.A.,SPAIN
MDF,-,MED-FREIGHT,SWIFTAIR HELLAS,SWIFTAIR HELLAS S.A.,GREECE
SUI,-,SWISS AIRFORCE,SWISS AIR FORCE,SWISS AIR FORCE,SWITZERLAND
SAZ,-,SWISS AMBULANCE,SWISS AIR-AMBULANCE,"SWISS AIR-AMBULANCE LTD., ZURICH",SWITZERLAND
SWR,LX,SWISS,SWISS AIRLINES,SWISS INTERNATIONAL AIR LINES LTD,SWITZERLAND
SFS,-,TOPO,SWISS FLIGHT SERVICES,SWISS FLIGHT SERVICES,SWITZERLAND
SWW,-,LAKE,SWISS PRIVATE JET,SWISS PRIVATE JET SA,SWITZERLAND
WSW,-,SWOOP,SWOOP,SWOOP INC.,CANADA
BCP,-,SYBAJET,SYBAJET,SYBAJET SAN MARINO SRL,SAN MARINO
SYO,-,SYERSTON,SYERSTON FTU,SYERSTON FTU,UNITED KINGDOM
AWU,-,SYLT AIR,SYLT AIR,"SYLT AIR GMBH, SYLT-OST",GERMANY
SYN,-,SYNCRUDE,SYNCRUDE,SYNCRUDE CANADA LTD,CANADA
SYG,YD,SYNERGY,SYNERGY AVIATION,SYNERGY AVIATION LTD,UNITED KINGDOM
SYP,-,SYNESIS,SYNESIS AVIATION,SYNESIS AVIATION,CYPRUS
SYA,-,SYPHAXAIR,SYPHAXAIR,SYPHAXAIR,TUNISIA
SYR,RB,SYRIANAIR,SYRIAN AIR,SYRIAN ARAB AIRLINES,SYRIAN ARAB REPUBLIC
SYC,-,SYSTEC,SYSTEC,"SYSTEC 2000, INC (WATERFORD, MI)",UNITED STATES OF AMERICA
TPS,-,TAPSA,T.A.P.S.A.,TRANSPORTES AEREOS PETROLEROS (T.A.P.S.A.),ARGENTINA
NCC,-,STARFLEET,T3 AVIATION,"T3 AVIATION, INC.",UNITED STATES OF AMERICA
DTA,DT,DTA,TAAG - ANGOLA AIRLINES,"TAAG, LINHAS AEREAS DE ANGOLA (ANGOLA AIRLINES)",ANGOLA
IRF,-,TA-AIR,TA-AIR AIRLINE,TA-AIR AIRLINE,IRAN
BOL,-,BOL,TAB,TRANSPORTES AEREOS BOLIVIANOS (TAB),BOLIVIA
BKT,-,BLACKTAIL,TAB CHARTERS,TAB CHARTERS (PTY) LTD,SOUTH AFRICA
TBI,-,TAB INTERNATIONAL,TAB EXPRESS INTERNATIONAL,"TAB EXPRESS INTERNATIONAL (DELAND, FL)",UNITED STATES OF AMERICA
TBN,-,TABAN,TABAN AIRLINES,TABAN AIRLINES,IRAN
TCV,-,CABOVERDE,TACV,TRANSPORTES AEREOS DE CABO VERDE - TACV,CABO VERDE
TDC,-,TADAIR,TADAIR,"TADAIR, S.A.",SPAIN
JYR,-,TAECA,TAECA,TRANSPORTE AEREO DE CARGA DEL CARIBE S.A. TAECA,PANAMA
TES,-,TESABAN,TAESPEJO PORTUGAL,"TAESPEJO PORTUGAL, LDA",PORTUGAL
HET,-,HELITAF,TAF HELICOPTERS,TAF HELICOPTERS S.A.,SPAIN
TSD,-,TAFI,TAF-LINHAS AEREAS,TAF-LINHAS AEREAS S/A,BRAZIL
SBT,-,TAFTAN,TAFTAN AIRLINES,TAFTAN AIRLINES,IRAN
TBJ,-,TAG JET,TAG ASIA,TAG AVIATION ASIA LTD,CHINA
TCJ,-,TAG ISLAND,TAG AVIATION,TAG AVIATION (CAYMAN) SEZC,CAYMAN ISLANDS
FPG,-,TAG AVIATION,TAG AVIATION,TAG AVIATION SA,SWITZERLAND
VIP,-,SOVEREIGN,TAG AVIATION,TAG AVIATION (UK) LTD,UNITED KINGDOM
TGM,-,TAG ESPANA,TAG ESPANA,"TAG AVIATION ESPANA, S.A.",SPAIN
FBO,-,-,TAG FARNBOROUGH AIRPORT,TAG FARNBOROUGH AIRPORT LTD,UNITED KINGDOM
TEU,-,TAG MALTA,TAG MALTA,TAG AVIATION (MALTA) LTD,MALTA
TAG,-,TAGSPIRIT,TAG SAN MARINO,TAG AVIATION SAN MARINO S.R.L.,SAN MARINO
PGN,-,PEREGRINE,TAILWIND AIR,"TAILWIND AIR, LLC",UNITED STATES OF AMERICA
TWI,TI,TAILWIND,TAILWINF AIRLINES,TAILWIND HAVAYOLLARI A.S.,TURKEY
TTV,-,WINSKY,T-AIR,"T-AIR, SPOL. S R.O.",CZECHIA
TJK,-,TAJIKAIR,TAJIKAIR,TAJIKAIR,TAJIKISTAN
TZK,-,TAJIKISTAN,TAJIKISTAN,TAJIKISTAN,TAJIKISTAN
TIL,-,TIL,TAJIKISTAN INTERNATIONAL AIRLINES,TAJIKISTAN INTERNATIONAL AIRLINES,TAJIKISTAN
TUJ,-,TAJA,TAJOUJ AVIATION,TAJOUJ AVIATION,SUDAN
TAL,-,TALAIR,TALAIR,TALAIR PTY. LTD.,PAPUA NEW GUINEA
TFF,-,TALON FLIGHT,TALON AIR,"TALON AIR, INC. (FARMINGDALE, NY)",UNITED STATES OF AMERICA
TML,-,TAM AIRLINE,TAM,SOCIETE ANONYME DE TRANSPORT ET TRAVAUX AERIENS DE MADAGASCAR (TAM),MADAGASCAR
TRM,-,SOTRANS,TAM,TRANSPORT AERIEN DE MAURITANIE (TAM),MAURITANIA
TVE,-,-,TAM AVIACAO EXECUTIVA,TAM AVIACAO EXECUTIVA,BRAZIL
TMR,-,TAMARA,TAMARA NIGER AVIATION,TAMARA NIGER AVIATION,NIGER
TAE,-,TAME,TAME EP,EMPRESA PUBLICA TAME LINEA AEREA DEL ECUADOR (TAME EP),ECUADOR
EPT,-,TAMEP,TAMEP,EMPRESA PUBLICA DE TRANSPORTE AEREO MILITAR,BOLIVIA
TMI,-,TAMIRWAYS,TAMIR AIRWAYS,TAMIR AIRWAYS LTD,ISRAEL
TPA,-,TAMPA,TAMPA,TRANSPORTES AEREOS MERCANTILES PANAMERICANOS S.A. (TAMPA),COLOMBIA
TNR,-,TAN AIR,TANANA AIR SERVICES,"TANANA AIR SERVICES (TANANA, AK)",UNITED STATES OF AMERICA
TTU,-,TANTALUS,TANTALUS AIR,TANTALUS AIR LTD.,CANADA
TAP,TP,AIR PORTUGAL,TAP AIR PORTUGAL,"TRANSPORTES AEREOS PORTUGUESES, E.P.",PORTUGAL
TJA,-,TAPJETS,TAPJETS,TAPJETS INC,UNITED STATES OF AMERICA
TQN,-,TAQUAN,TAQUAN AIR SERVICES,"TAQUAN AIR SERVICES, INC. (KETCHIKAN, AK)",UNITED STATES OF AMERICA
TPL,-,INTERPILOT,TAR INTERPILOT,TAR INTERPILOT,MAURITANIA
IRR,-,TARAIR,TARA AIR LINE,TARA AIR LINE,IRAN
TQQ,-,AVIATION TARCO,TARCO AVIATION COMPANY,TARCO AVIATION COMPANY LIMITED,SUDAN
TKJ,-,TARKIM,TARKIM UCAK BAKIM ONARIM VE HAVACILIK TICARET,TARKIM UCAK BAKIM ONARIM VE HAVACILIK TICARET LTD STI,TURKEY
ROT,RO,TAROM,TAROM,COMPANIA NATIONALA DE TRANSPORTURI AERIENE ROMANE TAROM S.A.,ROMANIA
RMS,-,TASS AIR,TAS AVIATION,"TAS AVIATION, INC. (DEFIANCE, OH)",UNITED STATES OF AMERICA
TSK,-,TASHKENT AIR,TASHKENTAIR,"TASHKENTAIR, LLC",UZBEKISTAN
TMN,-,TASMAN,TASMAN CARGO AIRLINES,TASMAN CARGO AIRLINES PTY LTD,AUSTRALIA
DTH,SF,TASSILI AIR,TASSILI AIRLINES,TASSILI AIRLINES,ALGERIA
TTJ,-,TATRA,TATRA JET,TATRA JET S.R.O,SLOVAKIA
...,-,TATRAKSHAK,TATRAKSHAK MUKHYALAYA,INDIAN COAST GUARD (TATRAKSHAK MUKHYALAYA),INDIA
PGS,-,PEGASUS,TAURANGA AERO CLUB,TAURANGA AERO CLUB (INC),NEW ZEALAND
TQE,-,TAXAIR,TAXAIR MEXIQUENSES,"TAXAIR MEXIQUENSES, S.A. DE C.V.",MEXICO
...,-,TAXIAEREO,TAXI AEREO,LABORES AEREAS COMPANIA LTDA. (TAXI AEREO),ECUADOR
TXL,-,TAXI COZATL,TAXI AEREO COZATL,"TAXI AEREO COZATL, S.A. DE C.V.",MEXICO
TXM,-,TAXIMEX,TAXI AEREO DE MEXICO,TAXI AEREO DE MEXICO,MEXICO
MOL,-,TAXI MOREL,TAXI AEREO DE MORELIA,"TAXI AEREO DE MORELIA, S.A. DE C.V.",MEXICO
VRC,-,VERACRUZ,TAXI AEREO DE VERACRUZ,TAXI AEREO DE VERACRUZ,MEXICO
PRJ,-,PRONAIR,TAXI FLY GROUP,TAXI FLY GROUP S.A.,SPAIN
LJT,-,LIFEJET,TAXIJET,TAXIJET,SPAIN
TNE,-,TAXINOROESTE,TAXIS AEREOS DEL NOROESTE,"TAXIS AEREOS DEL NOROESTE, S.A. DE C.V.",MEXICO
TVT,-,TAXIS TOLUCA,TAXIS AEREOS DEL VALLE DE TOLUCA,"TAXIS AEREOS DEL VALLE DE TOLUCA, S.A. DE C.V.",MEXICO
HLN,-,-,TAYARAN ALHILALL ALNFTTI,TAYARAN ALHILALL ALNFTTI,LIBYA
TJB,E8,ALADIN,TAYARANJET,TAYARAN JET JSC,BULGARIA
TFY,-,TAYSIDE,TAYSIDE AVIATION,TAYSIDE AVIATION LTD,UNITED KINGDOM
TBC,-,TBILISI,TBILISI AIRWAYS,TBILISI AIRWAYS,GEORGIA
TJC,-,-,TCA JET CHARTERS,TCA JET CHARTERS,DOMINICAN REPUBLIC
TZS,-,TOKA,TCA LTD,TCA LTD,GEORGIA
CDO,-,TCHADIA,TCHADIA AIRLINES,TCHADIA AIRLINES,CHAD
TFX,-,TEAM AIR,TEAM GLOBAL EXPRESS,TEAM GLOBAL EXPRESS PTY LTD,AUSTRALIA
TIM,-,TEAM BRASIL,TEAM TRANSPORTES AEREOS,TEAM TRANSPORTES AEREOS,BRAZIL
UDG,-,UNDERDOG,TEAM124,TEAM125,UNITED STATES OF AMERICA
TEF,-,TECFOTO,TECNICAS FOTOGRAFICAS,"TECNICAS FOTOGRAFICAS, S.L.",SPAIN
TEB,-,-,TECNOAVIACION,TECNOAVIACION,SPAIN
-,C1,-,TECTIMES SUDAMERICANA,TECTIMES SUDAMERICANA S.A.,ARGENTINA
THR,-,TEHRAN AIR,TEHRAN AIRLINE,TEHRAN AIRLINE,IRAN
YTY,-,-,TELECOMMUNICATION AUTHORITY,TELECOMMUNICATION AUTHORITY,ICAO
TCM,-,TELEDYN,TELEDYNE CONTINENTAL MOTORS,"TELEDYNE CONTINENTAL MOTORS (MUSKEGON, MI)",UNITED STATES OF AMERICA
TLX,-,TELESIS,TELESIS TRANSAIR,"TELESIS TRANSAIR, INC. (DALLAS, TX)",UNITED STATES OF AMERICA
TEL,-,TELFORD,TELFORD AVIATION,"TELFORD AVIATION, INC. (WATERVILLE, ME)",UNITED STATES OF AMERICA
TPV,-,-,TEMPLE AVIACION,TEMPLE AVIACION S.L.,SPAIN
TPJ,-,TEMPUS JETS,TEMPUS JETS,"TEMPUS JETS, INC. (MAPLE, NC)",UNITED STATES OF AMERICA
TMS,-,TEMSCO,TEMSCO HELICOPTERS,"TEMSCO HELICOPTERS, INC. (KETCHIKAN, AK)",UNITED STATES OF AMERICA
...,-,ROTARY,TEN TENTHS,TEN TENTHS LTD,UNITED KINGDOM
TNL,-,SKY HORSE,TENGERIYN ULAACH SHINE,TENGERIYN ULAACH SHINE,MONGOLIA
TEN,-,TENNESSEE,TENNESSEE AIRWAYS,"TENNESSEE AIRWAYS (ALCOA, TN)",UNITED STATES OF AMERICA
THL,-,TERNHILL,TERNHILL (RAF),TERNHILL (RAF),UNITED KINGDOM
TVR,-,TERRAAVIA,TERRA AVIA,TERRA AVIA,MOLDOVA
USX,-,TERRAKEA,TERRAKEA,TERRAKEA,MEXICO
TER,-,TERRI-AIRE,TERRITORIAL AIRLINES,"TERRITORIAL AIRLINES, INC. (SANTA FE, NM)",UNITED STATES OF AMERICA
TXT,-,TEXAS CHARTER,TEXAS AIR CHARTERS,"GROUP ONE, INC. D/B/A TEXAS AIR CHARTERS (DENTON, TX)",UNITED STATES OF AMERICA
TXN,-,TEXAS NATIONAL,TEXAS NATIONAL AIRLINES,"TEXAS NATIONAL AIRLINES (SAN ANTONIO, TX)",UNITED STATES OF AMERICA
XLR,-,TEXEL,TEXEL AIR,TEXEL AIR,BAHRAIN
TEZ,-,TEZJET,TEZ JET AIRLINES,TEZ JET AIRLINES,KYRGYZSTAN
LTU,-,GERMANAIR,TFC FLUGBETRIEB,TFC FLUGBETRIEB UND -TECHNIK BERATUNGSGESELLSCHAFT MBH,GERMANY
TFS,-,CAMPUS,TFF GMBH,"TFF GMBH, OSNABRUECK",GERMANY
TGC,-,THANET,TG AVIATION,TG AVIATION LTD,UNITED KINGDOM
THA,TG,THAI,THAI,THAI AIRWAYS INTERNATIONAL LTD.,THAILAND
AIQ,-,THAI ASIA,THAI AIR ASIA,"THAI AIR ASIA CO., LTD",THAILAND
TAX,XJ,EXPRESS WING,THAI AIRASIA X,"THAI AIRASIA X CO., LTD",THAILAND
TAC,-,TAURUS,THAI AVIATION ACADEMY,THAI AVIATION ACADEMY,THAILAND
TSL,-,THAI AVIATION,THAI AVIATION SERVICES LIMITED,THAI AVIATION SERVICES LIMITED,THAILAND
ESS,-,THAI STAR,THAI EASTARJET,THAI EASTARJET,THAILAND
TXZ,-,EXPRESS AIR,THAI EXPRESS AIR,THAI EXPRESS AIR CO. LTD.,THAILAND
TFT,-,THAI FLYING,THAI FLYING SERVICE,THAI FLYING SERVICE CO. LTD,THAILAND
TLM,SL,MENTARI,THAI LION AIR,"THAI LION MENTARI CO., LTD",THAILAND
THD,WE,THAI SMILE,THAI SMILE,THAI SMILE AIRWAYS,THAILAND
AST,-,THAI SUMMER,THAI SUMMER AIRWAYS,THAI SUMMER AIRWAYS COMPANY LIMITED,THAILAND
TVJ,-,THAIVIET JET,THAI VIETJET AIR,"THAI VIETJET AIR JOINT STOCK CO., LTD.",THAILAND
GFN,-,GRIFFON,THE 955 PRESERVATION GROUP,THE 955 PRESERVATION GROUP,UNITED KINGDOM
LEG,-,LEGACY,THE ARMY AVIATION HERITAGE FOUNDATION,"THE ARMY AVIATION HERITAGE FOUNDATION (HAMPTON, GA)",UNITED STATES OF AMERICA
DBJ,-,DUCHESS,THE DUCHESS OF BRITTANY,DUCHESS OF BRITTANY (JERSEY) LTD,UNITED KINGDOM
LCC,-,LANCAIR,THE LANCAIR COMPANY,"THE LANCAIR COMPANY (BEND, OR)",UNITED STATES OF AMERICA
RJM,-,MILLEN,THE MILLEN CORPORATION,"MILLEN CORPORATION, THE",UNITED KINGDOM
MIP,-,-,THE MITRE CORPORATION,THE MITRE CORPORATION,UNITED STATES OF AMERICA
PTJ,-,PAT-JETS,THE PATRIOTS,"AIRSHOWS AMERICA THE PATRIOTS (BYRON, CA)",UNITED STATES OF AMERICA
SFB,-,-,THE SULTAN S FLIGHT,HIS MAJESTY THE SULTAN S FLIGHT,BRUNEI DARUSSALAM
IYC,-,AERO THEBE,THEBE INGENIERIA Y CONSULTORIA,THEBE INGENIERIA Y CONSULTORIA SA DE CV,MEXICO
TME,-,TAIMEN,THOMAS AIR,THOMAS AIR,MONGOLIA
TCX,-,THOMAS COOK,THOMAS COOK AIRLINES,THOMAS COOK AIRLINES LTD,UNITED KINGDOM
CTB,-,SUNNYHEART,THOMAS COOK AIRLINES BALEARICS,THOMAS COOK AIRLINES BALEARICS S.L.,SPAIN
...,-,CHIPPY,THREE POINT AVIATION,THREE POINT AVIATION,UNITED KINGDOM
TIV,-,THRIVE,THRIVE AVIATION,"CORPORATE FLIGHT INTERNATIONAL, DBA THRIVE AVIATION",UNITED STATES OF AMERICA
XEN,-,ZEN JET,THRO AVIATION,"THRO AVIATION, INC.",UNITED STATES OF AMERICA
TRF,-,THRUST,THRUST FLIGHT,THRUST FLIGHT,UNITED STATES OF AMERICA
THU,-,AIR THUNDER,THUNDER AIR,THUNDER AIRLINES LTD,CANADA
TKC,-,TURKISH CARGO,THY HAVA KARGO TASIMACILIGI,THY HAVA KARGO TASIMACILIGI A.S.,TURKEY
IHS,-,-,THYRLUTHJONUSTAN,THYRLUTHJONUSTAN,ICELAND
BLI,-,BLUELINE,THYSSEN KRUPP,"THYSSEN KRUPP AG, DUESSELDORF",GERMANY
CTJ,-,TIANJIN CARGO,TIANJIN AIR CARGO,"TIANJIN AIR CARGO CO., LTD.",CHINA
GCR,GS,BO HAI,TIANJIN AIRLINES,"TIANJIN AIRLINES CO., LTD",CHINA
TBA,-,TIBET,TIBET AIRLINES,"TIBET AIRLINES CO., LTD",CHINA
TGG,-,TIGGOZ,TIGER AIRWAYS,TIGER AIRWAYS AUSTRALIA PTY LTD,AUSTRALIA
...,-,BIG CAT,TIGER AIRWAYS,TIGER AIRWAYS,UNITED KINGDOM
...,-,TIGERCLUB,TIGER CLUB,TIGER CLUB,UNITED KINGDOM
TIG,-,TIGRIS,TIGER HELICOPTERS,TIGER HELICOPTERS LTD,UNITED KINGDOM
TTW,-,SMART CAT,TIGERAIR TAIWAN,TIGERAIR TAIWAN CO. LD.,CHINA
TBS,-,TIMBIS,TIMBIS AIR SERVICES,TIMBIS AIR SERVICES,KENYA
TIE,-,TIME AIR,TIME AIR,TIME AIR,CZECHIA
NAD,-,TINADAR,TINADAR JETS,TINADAR AVIATION,SERBIA
TIH,-,TIRIAC AIR,TIRIAC,S.C.ION TIRIAC S.A.,ROMANIA
AWC,ZT,ZAP,TITAN AIRWAYS,TITAN AIRWAYS LIMITED,UNITED KINGDOM
TMT,TM*,KAPOW,TITAN AIRWAYS,TITAN AIRWAYS MALTA LTD,MALTA
AOC,-,ARAMIS,TITANFLY,TITANFLY INTERNATIONAL,SAN MARINO
TSR,-,SAN MARINO,TJS SAN MARINO,TJS SAN MARINO,SAN MARINO
TLI,-,SPIRIT,TL AVIATION,TL AVIATION GMBH,GERMANY
TLS,-,TEALSY,TLC AIR,"TLC AIR, INC. (CARROLTON, TX)",UNITED STATES OF AMERICA
TMM,-,WILLOW RUN,TMC AIRLINES,"TRAFFIC MANAGEMENT CORPORATION (TMC) AIRLINES (YPSILANTI, MI)",UNITED STATES OF AMERICA
TOJ,-,TOJ AIRLINE,TOJ AIRLINES,TOJ AIRLINES,TAJIKISTAN
TMK,-,TOMAHAWK,TOMAHAWK AIRWAYS,"TOMAHAWK AIRWAYS, INC. (ALCOA, TN)",UNITED STATES OF AMERICA
MNE,-,MOUNT EAGLE,TOMONTENEGRO,TOMONTENEGRO,MONTENEGRO
SQD,-,AERO SQUAD,TOMORROW S AERONAUTICAL MUSEUM,"TOMORROW S AERONAUTICAL MUSEUM, INC. (COMPTON, CA)",UNITED STATES OF AMERICA
TJE,-,TOMZAJET,TOMZAJET,"TOMZAJET, S.A. DE C.V.",MEXICO
TSP,-,TONLESAP AIR,TONLESAP AIRLINES,TONLESAP AIRLINES,CAMBODIA
IRT,-,TOOS AIR,TOOS AIRLINES,TOOS AIRLINES,IRAN
TOP,-,AIR TOP,TOP AIR HAVACILIK SANAYI VE TICARET,TOP AIR HAVACILIK SANAYI VE TICARET A.S.,TURKEY
CHE,-,CHECK AIR,TOP FLIGHT AIR SERVICE,"TOP FLIGHT AIR SERVICE, INC. (TAMPA, FL)",UNITED STATES OF AMERICA
BRM,-,-,TOP HELICOPTEROS,"TOP HELICOPTEROS, S.L.",SPAIN
BRL,-,BRASS LINE,TOPBRASS AVIATION,TOPBRASS AVIATION,NIGERIA
TOF,-,TOPCLIFFE,TOPCLIFFE FTU,TOPCLIFFE FTU,UNITED KINGDOM
TAF,-,TOP FLIGHT,TOPFLIGHT AERO,TOPFLIGHT AERO-SERVICES LTD. ,BAHAMAS
TLY,-,TOPFLY,TOP-FLY,TOP-FLY,SPAIN
TTL,-,TOTAL,TOTAL LINHAS AEREAS,TOTAL LINHAS AEREAS S/A,BRAZIL
THF,-,TOURAINE HELICO,TOURAINE HELICOPTERE,TOURAINE HELICOPTERE,FRANCE
HKR,-,DATA BIRD,TOWER AVIATION MANAGEMENT,"TOWER AVIATION MANAGEMENT, LLC DBA A2V",UNITED STATES OF AMERICA
TOY,-,TOYO AVIATION,TOYO AVIATION,TOYO AVIATION,ROMANIA
TGE,-,TASA,TRABAJOS AEREOS,TRABAJOS AEREOS S.A.,SPAIN
FZM,-,-,TRABAJOS AEREOS DE CORDOBA,TRABAJOS AEREOS DE CORDOBA S.L.,SPAIN
EPJ,-,ESPEJO,TRABAJOS AEREOS ESPEJO,TRABAJOS AEREOS ESPEJO S.L.,SPAIN
TXE,-,-,TRABAJOS AEREOS EXTREMENOS,"TRABAJOS AEREOS EXTREMENOS, S.A.",SPAIN
FYR,-,-,TRABAJOS AEREOS FOTOGRAFIA Y REPORTAJES,"TRABAJOS AEREOS FOTOGRAFIA Y REPORTAJES, S.L.",SPAIN
AIM,-,PIJO,TRABAJOS AEREOS MURCIANOS,TRABAJOS AEREOS MURCIANOS S.L.,SPAIN
TAQ,-,-,TRABAJOS AEREOS PUBLICITARIOS,"TRABAJOS AEREOS PUBLICITARIOS, S.L.",SPAIN
CGM,-,-,TRABAJOS AEREOS Y PUBLICIDAD ANDALUZA,"TRABAJOS AEREOS Y PUBLICIDAD ANDALUZA, S.L.",SPAIN
TAZ,-,-,TRACK AVIATION SERVICES PAKISTAN,TRACK AVIATION SERVICES PAKISTAN,PAKISTAN
TDR,C3,TRADE AIR,TRADE AIR,TRADE AIR D.O.O.,CROATIA
RGL,-,RIDGELINE,TRADECRAFT FLYING SERVICE,"TRADECRAFT FLYING SERVICE, LLC",UNITED STATES OF AMERICA
TCA,-,TRADECRAFT,TRADECRAFT NIGERIA,TRADECRAFT NIGERIA LTD,NIGERIA
GPD,-,GOODSPEED,TRADEWIND AVIATION,"TRADEWIND AVIATION LLC (OXFORD, CT)",UNITED STATES OF AMERICA
JCH,-,TRADING CARGO,TRADING AIR CARGO,TRADING AIR CARGO,MAURITANIA
TTG,-,VIETNAM CARGO,TRAI THIEN AIR CARGO,TRAI THIEN AIR CARGO,VIET NAM
TMQ,-,TRAM AIR,"TRAM, SOCIETE","TRAM, SOCIETE",MAURITANIA
TMX,-,TRAMON,TRAMON AIR,TRAMON AIR CC,SOUTH AFRICA
TRR,-,TRAMSON,TRAMSON LIMITED,TRAMSON LIMITED,SUDAN
MUI,-,TRANSAIR,TRANS AIR,"TRANS AIR (HONOLULU, HI)",UNITED STATES OF AMERICA
TRC,-,TRACKER,TRANS AIR CHARTER,"TRANS AIR CHARTER, INC. (FULLERTON, CA)",UNITED STATES OF AMERICA
TWW,-,WELWITCHIA,TRANS AIR WELWITCHIA,TRANS AIR WELWITCHIA,ANGOLA
TPU,-,TRANS PERU,TRANS AM,TRANS AMERICAN AIRLINES S.A. - TRANS AM,PERU
RTM,-,AERO TRANSAM,TRANS AM COMPANIA,TRANS AM COMPANIA LTDA.,ECUADOR
CLR,-,CLINTON AIRWAYS,TRANS AMERICA,"TRANS AMERICA (ENGLEWOOD, CO)",UNITED STATES OF AMERICA
TVA,-,TRANS-AMERICA,TRANS AMERICA AIRLINES,TRANS AMERICA AIRLINES INC.,UNITED STATES OF AMERICA
TRT,-,TRANS ARABIAN,TRANS ARABIAN AIR TRANSPORT,TRANS ARABIAN AIR TRANSPORT,SUDAN
TCK,-,TRANS CARAVAN,TRANS CARAVAN,TRANS CARAVAN KG,KYRGYZSTAN
TCC,-,TRANSCAL,TRANS CONTINENTAL AIRLINES,TRANS CONTINENTAL AIRLINES,SUDAN
TGY,-,TRANS GUYANA,TRANS GUYANA AIRWAYS,TRANS GUYANA AIRWAYS,GUYANA
TIA,-,TRANS INTERNATIONAL,TRANS INTERNATIONAL AIRLINES,TRANS INTERNATIONAL AIRLINES,UNITED STATES OF AMERICA
BAP,-,BIG APPLE,TRANS INTERNATIONAL EXPRESS AVIATION,TRANS INTERNATIONAL EXPRESS AVIATION,UNITED STATES OF AMERICA
TRD,-,TRANS ISLAND,TRANS ISLAND AIR,TRANS ISLAND AIR (2000),BARBADOS
GGT,-,THUNDERBALL,TRANS ISLAND AIRWAYS,TRANS ISLAND AIRWAYS LTD.,BAHAMAS
TMW,-,TRANS MALDIVIAN,TRANS MALDIVIAN AIRWAYS,"TRANS MALDIVIAN AIRWAYS PVT., LTD",MALDIVES
TMA,-,TANGO LIMA,TRANS MEDITERRANEAN AIRLINES,TRANS MEDITERRANEAN AIRLINES (TMA),LEBANON
TNW,-,TRANS-NATION,TRANS NATION AIRWAYS,TRANS NATION AIRWAYS LTD,ETHIOPIA
AUD,-,GENIE,TRANS NORTHERN AIRWAYS,"TRANS NORTHERN AIRWAYS, LLC",UNITED STATES OF AMERICA
REC,-,TRANS-RECO,TRANS RECO,TRANS RECO,MAURITANIA
SBJ,-,TRANS SAHARA,TRANS SAHARA AIR,TRANS SAHARA AIR LTD,NIGERIA
LOF,-,WATERSKI,TRANS WORLD EXPRESS,"TRANS STATES AIRLINES, INC. D/B/A TRANS WORLD EXPRESS",UNITED STATES OF AMERICA
TEO,-,TRANSAEREO,TRANSAEREO,"TRANSAEREO 5074, C.A.",VENEZUELA
TKU,-,UGATRANS,TRANSAFRIC UGANDA,TRANSAFRIC UGANDA LIMITED,UGANDA
TNF,-,TRANSFAS,TRANSAFRICAINE,TRANSAFRICAINE S.A.,BURKINA FASO
TCG,-,AFRICARGO,TRANSAFRICAINE AIR CARGO,TRANSAFRICAINE AIR CARGO,BURKINA FASO
TAK,-,TRANSAFRICAN,TRANSAFRICAN AIR,TRANSAFRICAN AIR LIMITED,KENYA
TFK,-,-,TRANSAFRIK INTERNATIONAL,TRANSAFRIK INTERNATIONAL LTD,SAO TOME AND PRINCIPE
TSA,-,AIRTRAF,TRANSAIR FRANCE,TRANSAIR FRANCE,FRANCE
TGX,-,TRANSGABON,TRANSAIR GABON,TRANSAIR GABON,GABON
TSN,-,AIR TRANS,TRANS-AIR SERVICES,TRANS-AIR SERVICES LIMITED,NIGERIA
TSG,-,TRANS-AIR-CONGO,TRANS-AIR-CONGO,TRANS-AIR-CONGO,CONGO
GJB,-,SKY TRUCK,TRANS-AIR-LINK,"TRANS-AIR-LINK CO. (MIAMI, FL)",UNITED STATES OF AMERICA
UTT,-,ARABIAN TRANSPORT,TRANSARABIAN TRANSPORTATION SERVICES,TRANSARABIAN TRANSPORTATION SERVICES CO. LTD,UGANDA
TNA,-,-,TRANSASIA AIRWAYS,TRANSASIA AIRWAYS,CHINA
VEN,-,TRANSAVEN AIRLINE,TRANSAVEN,"TRANSAVEN (TRANSPORTE AEREO DE VENEZUELA, C.A.)",VENEZUELA
TAD,-,-,TRANSAVIA,TRANSAVIA FLUGBETRIEBSGESELLSCHAFT MBH,GERMANY
TRA,HV,TRANSAVIA,TRANSAVIA,TRANSAVIA HOLLAND B.V.,NETHERLANDS
TVF,-,FRANCE SOLEIL,TRANSAVIA FRANCE,TRANSAVIA FRANCE,FRANCE
KTB,-,TRANSBALTIKA,TRANSAVIABALTIKA,TRANSAVIABALTIKA,LITHUANIA
TXC,-,TRANSEXPORT,TRANSAVIAEXPORT,TRANSAVIAEXPORT,BELARUS
TIW,-,TIACA,TRANSCARGA INTL AIRWAYS,"TRANSCARGA INTL AIRWAYS, C.A.",VENEZUELA
TRG,-,TRANSCARGO,TRANSCARGO,TRANSCARGO,SAO TOME AND PRINCIPE
TCE,-,TRANS-COLORADO,TRANS-COLORADO AIRLINES,"TRANS-COLORADO AIRLINES, INC. (GUNNISON, CO)",UNITED STATES OF AMERICA
TCT,-,TRANS-CONT,TRANSCONTINENTAL,TRANSCONTINENTAL SUR S.R.L.,URUGUAY
TCH,-,TRANS GULF,TRANSCONTINENTAL AIR,TRANSCONTINENTAL AIR WLL,BAHRAIN
TCP,-,TRANSCORP,TRANSCORP AIRWAYS,TRANSCORP AIRWAYS,UNITED KINGDOM
TFA,-,TRANS FLORIDA,TRANS-FLORIDA AIRLINES,"TRANS-FLORIDA AIRLINES (DAYTONA BEACH, FL)",UNITED STATES OF AMERICA
TKA,-,TOURLIZ,TRANSLIZ AVIATION,TRANSLIZ AVIATION (K) LTD,KENYA
TLZ,-,TRANSLIZ,TRANSLIZ AVIATION,TRANSLIZ AVIATION (TMS) LTD,SAO TOME AND PRINCIPE
TMD,-,TRANSMANDU,TRANSMANDU,"TRANSMANDU, C.A.",VENEZUELA
TRZ,-,TRANS-MERIDIAN,TRANSMERIDIAN AIRLINES,"TRANSMERIDIAN AIRLINES (HOUSTON, TX)",UNITED STATES OF AMERICA
TNV,-,TRANSNORTHERN,TRANSNORTHERN,"TRANSNORTHERN, LLC (ANCHORAGE, AK)",UNITED STATES OF AMERICA
TNU,-,TRANSNUSA,TRANSNUSA AVIATION,"TRANSNUSA AVIATION MANDIRI, PT.",INDONESIA
TPM,-,TRANSPAIS,TRANSPAIS AEREO,"TRANSPAIS AEREO, S.A. DE C.V.",MEXICO
CIA,-,CALIMERA,TRANSPORT AUTHORITY,TRANSPORT AUTHORITY,SLOVAKIA
TGO,-,TRANSPORT,TRANSPORT CANADA,CANADA - TRANSPORT CANADA,CANADA
TFI,-,-,TRANSPORT FACILITATORS,"TRANSPORT FACILITATORS, INC. (HOUSTON, TX)",UNITED STATES OF AMERICA
MCT,-,TRANS CORTES,TRANSPORTACION AEREA DEL MAR DE CORTES,"TRANSPORTACION AEREA DEL MAR DE CORTES, S.A. DE C.V.",MEXICO
TPN,-,AEREA DELNORTE,TRANSPORTACION AEREA DEL NORTE,"TRANSPORTACION AEREA DEL NORTE, S.A. DE C.V.",MEXICO
KMS,-,-,TRANSPORTE AEREO DE CARGA COSMOS,TRANSPORTE AEREO DE CARGA COSMOS S.A.,COLOMBIA
TCB,-,AEREO COLOMBIA,TRANSPORTE AEREO DE COLOMBIA,TRANSPORTE AEREO DE COLOMBIA,COLOMBIA
APU,-,APUKA,TRANSPORTE AEREO EXPRESO MOCHE,TRANSPORTE AEREO EXPRESO MOCHE S.A.C.,PERU
MGM,-,AERO EMM-GEE-EMM,TRANSPORTE AEREO MGM,"TRANSPORTE AEREO MGM, S.A DE C.V.",MEXICO
TTS,-,TECNICO,TRANSPORTE AEREO TECNICO EJECUTIVO,"TRANSPORTE AEREO TECNICO EJECUTIVO, S.A. DE C.V.",MEXICO
TMZ,-,TRANS AMAZON,TRANSPORTE AMAZON AIR,TRANSPORTE AMAZON AIR C.A.,VENEZUELA
EAR,-,EJECUTIVO-AEREO,TRANSPORTE EJECUTIVO AEREO,"TRANSPORTE EJECUTIVO AEREO, S.A. DE C.V.",MEXICO
MPO,-,AMPARO,TRANSPORTES AEREOS AMPARO,"TRANSPORTES AEREOS AMPARO, S.A. DE C.V.",MEXICO
TIC,-,TAC AIRLINES,TRANSPORTES AEREOS COSTARRICENSES,TRANSPORTES AEREOS COSTARRICENSES,COSTA RICA
LWC,-,TRANSACA,TRANSPORTES AEREOS DE ACAPULCO,"TRANSPORTES AEREOS DE ACAPULCO, S.A. DE C.V",MEXICO
DCL,-,DON CARLOS,TRANSPORTES AEREOS DON CARLOS,TRANSPORTES AEREOS DON CARLOS LTDA.,CHILE
TGU,-,CHAPIN,TRANSPORTES AEREOS GUATEMALTECOS,TRANSPORTES AEREOS GUATEMALTECOS,GUATEMALA
MXQ,-,MEXIQUENSES,TRANSPORTES AEREOS MEXIQUENSES,"TRANSPORTES AEREOS MEXIQUENSES, S.A. DE C.V.",MEXICO
TPG,-,TRANSPEGASO,TRANSPORTES AEREOS PEGASO,"TRANSPORTES AEREOS PEGASO, S.A. DE C.V.",MEXICO
SRF,-,SAN RAFAEL,TRANSPORTES AEREOS SAN RAFAEL,TRANSPORTES AEREOS SAN RAFAEL LTDA.,CHILE
RRT,-,SIERRA ALTA,TRANSPORTES AEREOS SIERRA ALTA,"TRANSPORTES AEREOS SIERRA ALTA, S.A. DE C.V.",MEXICO
SEI,-,TRANSPORTE SIERRA,TRANSPORTES AEREOS SIERRA MADRE,"TRANSPORTES AEREOS SIERRA MADRE, S.A. DE C.V.",MEXICO
TAU,-,TRANSTAURO,TRANSPORTES AEREOS TAURO,"TRANSPORTES AEREOS TAURO, S.A. DE C.V.",MEXICO
TRX,-,TRANS-TERRESTRES,TRANSPORTES AEREOS TERRESTRES,"TRANSPORTES AEREOS TERRESTRES, S.A. DE C.V.",MEXICO
TAB,-,TRANS-BAJIO,TRANSPORTES AERONAUTICOS DEL BAJIO,"TRANSPORTES AERONAUTICOS DEL BAJIO, S.A. DE C.V.",MEXICO
TEP,-,TRANSPORTES PIZA,TRANSPORTES EJECUTIVOS PIZA,"TRANSPORTES EJECUTIVOS PIZA, S.A. DE R.L.",MEXICO
TPZ,-,TRANSPAZ,TRANSPORTES LA PAZ,"TRANSPORTES LA PAZ, S.A. DE C.V.",MEXICO
THC,-,TRANAVEN,TRANSPORTES NACIONALES,TRANSPORTES NACIONALES CA,VENEZUELA
TTC,-,TRANSTECO,TRANSTECO,TRANSTECO,ANGOLA
TRW,-,TRANS-WEST,TRANSWESTERN AIRLINES,"TRANSWESTERN AIRLINES OF UTAH (LOGAN, UT)",UNITED STATES OF AMERICA
TWT,-,TRANSWISATA,TRANSWISATA PRIMA AVIATION,"TRANSWISATA PRIMA AVIATION, PT.",INDONESIA
TRE,-,-,TRAST AERO ATLANTIC,TRAST AERO ATLANTIC,SAO TOME AND PRINCIPE
APB,-,-,TRATAMIENTOS AGRICOLAS AEREOS PERAN,"TRATAMIENTOS AGRICOLAS AEREOS PERAN, S.L.",SPAIN
XAR,-,TRAVEL EXPRESS,TRAVEL EXPRESS AVIATION SERVICES,"TRAVEL EXPRESS AVIATION SERVICES, PT.",INDONESIA
TMC,-,TRAIL BLAZER,TRAVEL MANAGEMENT COMPANY,"TRAVEL MANAGEMENT COMPANY LTD (ELKHART, IN)",UNITED STATES OF AMERICA
TVQ,-,SLOVAKTRAVEL,TRAVEL SERVICE SLOVENSKO,"TRAVEL SERVICE SLOVENSKO, S. R. O.",SLOVAKIA
TLV,-,PAJAROS,TRAVELAIR,TRAVELAIR,URUGUAY
VTR,-,-,TRAVERSE-AVIA SERVICE,TRAVERSE-AVIA SERVICE LTD,RUSSIAN FEDERATION
TVV,-,PARAMITA,TRAVIRA AIR,TRAVIRA AIR,INDONESIA
SFE,-,STAR FLIGHT,TRAVIS COUNTY EMS,TRAVIS COUNTY EMS,UNITED STATES OF AMERICA
AOO,-,TREBET AVIATION,TREBET AVIATION,TREBET AVIATION LTD,NIGERIA
UPV,-,UPAVON,TRENCHARD LINES,UPAVON (TRENCHARD LINES),UNITED KINGDOM
TDA,-,TREND AIR,TREND AVIATION,"TREND AVIATION, LLC (ORLANDO, FL)",UNITED STATES OF AMERICA
TNX,-,TRAINER,TRENER LTD,TRENER LTD,HUNGARY
TBQ,-,-,TRIAIR BERMUDA,TRIAIR BERMUDA LTD,UNITED KINGDOM
TRU,-,TRI AIR,TRIANGLE AIRLINE,TRIANGLE AIRLINE (UGANDA) LTD,UGANDA
WMN,-,WATERMAN,TRIDENT AIRCRAFT,"TRIDENT AIRCRAFT, INC",UNITED STATES OF AMERICA
SWD,-,SAWBLADE,TRIFLY,"TRIFLY, LLC (MINNEAPOLIS, MN)",UNITED STATES OF AMERICA
TGN,-,TRIGANA,TRIGANA AIR SERVICE,"TRIGANA AIR SERVICE, PT.",INDONESIA
TIB,-,TRIP,TRIP,"TRIP, TRANSPORTE AEREO REGIONAL DO INTERIO PAULISTA LTDA.",BRAZIL
TTP,-,MIGHTY WING,TRIPLE O. AVIATION,TRIPLE O. AVIATION LTD,NIGERIA
TSY,-,TRIPLE STAR,TRISTAR AIR,TRISTAR AIR,EGYPT
TRY,-,TRISTAR AIR,TRISTAR AIRLINES,"TRISTAR AIRLINES, INC. (LAS VEGAS, NV)",UNITED STATES OF AMERICA
TSS,-,TRI-STATE,TRI-STATE AERO,"TRI-STATE AERO, INC. (EVANSVILLE, IL)",UNITED STATES OF AMERICA
TOS,9N,TROPISER,TROPIC AIR,TROPIC AIR LTD,BELIZE
FTO,-,WAGNER,TROPIC OCEAN AIRWAYS,TROPIC OCEAN AIRWAYS LLC,UNITED STATES OF AMERICA
TPD,-,TROPICAL,TROPICAL AERO SERVICIOS,"TROPICAL AERO SERVICIOS, S.R.L.",DOMINICAN REPUBLIC
TBG,-,-,TROPICAL AIRWAYS,TROPICAL AIRWAYS D HAITI,HAITI
TGP,-,TROPICANA,TROPICANA AIRLINES,TROPICANA AIRLINES,GHANA
MGF,-,FOGLIA,TRTO AGENCY,TRTO AGENCY LTD.,MALTA
TUB,-,TRUE AVIATION,TRUE AVIATION,TRUE AVIATION LIMITED,BANGLADESH
...,-,TRUMAN,TRUMAN AVIATION,TRUMAN AVIATION,UNITED KINGDOM
KPR,-,SKIPPER,TRUSTCO AIR SERVICES,TRUSTCO AIR SERVICES (PTY) LTD,NAMIBIA
TUS,-,TRUSTCO,TRUSTCO GROUP INTERNATIONAL,TRUSTCO GROUP INTERNATIONAL (PTY) LTD,NAMIBIA
TDS,-,TSARADIA,TSARADIA,TSARADIA,MADAGASCAR
TTA,-,KANIMANBO,TTA,"TTA -SOCIEDADE DE TRANSPORTE E TRABALHO AEREO, S.A.R.L.",MOZAMBIQUE
TTK,-,-,TTM KOREA,TTM KOREA CO. LTD,REPUBLIC OF KOREA
BLX,6B,BLUESCAN,TUI,TUIFLY NORDIC AB,SWEDEN
TOM,BY,TOMJET,TUI,TUI AIRWAYS LTD,UNITED KINGDOM
JAF,-,BEAUTY,TUI BELGIUM,TUI AIRLINES BELGIUM NV,BELGIUM
TUI,X3,TUI JET,TUI FLY GERMANY,"TUIFLY GMBH, LANGENHAGEN",GERMANY
TFL,-,ORANGE,TUI NEDERLAND,TUI AIRLINES NEDERLAND,NETHERLANDS
MNO,-,TULCA,TULCA,TULCA (PTY) LTD,SOUTH AFRICA
RFE,-,RUSSIAN EXPRESS,TULPAR,TULPAR AIRCOMPANY LIMITED TRADE DEVELOPMENT,RUSSIAN FEDERATION
TUL,-,URSAL,TULPAR AIR,TULPAR AIR,RUSSIAN FEDERATION
TAR,TU,TUNAIR,TUNISAIR,TUNIS AIR - SOCIETE TUNISIENNE DE L AIR,TUNISIA
TUX,-,TUNEXPRESS,TUNISAIR EXPRESS,TUNISAIR EXPRESS,TUNISIA
TAJ,-,TUNISAVIA,TUNISAVIA,"TUNISAVIA - SOCIETE DE TRANSPORTS, SERVICES ET TRAVAUX AERIENS",TUNISIA
TUN,-,TUNISIAN AIRFORCE,TUNISIAN AIR FORCE,TUNISIAN AIR FORCE,TUNISIA
TRJ,-,TRUJET,TURBO MEGA AIRWAYS,TURBO MEGA AIRWAYS PVT. LTD.,INDIA
TVH,-,-,TURISVOL,"TURISVOL, S.L.",SPAIN
THK,-,HUR KUS,TURK HAVA KURUMU HAVA TAKSI ISLETMESI,TURK HAVA KURUMU HAVA TAKSI ISLETMESI,TURKEY
HVK,-,TURKISH AIRFORCE,TURKISH AIR FORCE,TURKISH AIR FORCE,TURKEY
THY,TK,TURKISH,TURKISH AIRLINES,TURK HAVA YOLLARI (TURKISH AIRLINES CO.),TURKEY
TRK,-,TURKISH REPUBLIC,TURKISH AIRLINES GENERAL AVIATION,TURKISH AIRLINES GENERAL AVIATION,TURKEY
TUA,-,TURKMENISTAN,TURKMENHOVAYOLLARY,TURKMENHOVAYOLLARY,TURKMENISTAN
TUG,-,TURKMENISTAN GOVERNMENT,TURKMENHOWAYOLLARY,TURKMENHOWAYOLLARY,TURKMENISTAN
VTU,-,TURPIAL,TURPIAL AIRLINES,TURPIAL AIRLINES,VENEZUELA
TLT,-,TURTLE,TURTLE AIRWAYS,TURTLE AIRWAYS LTD.,FIJI
TRH,-,TURUKHAN,TURUKHAN AIRLINES,TURUKHAN AIRLINES,RUSSIAN FEDERATION
CYF,-,TUS AIR,TUS AIRWAYS,TUS AIRWAYS,CYPRUS
THS,-,TUSAS,TUSAS TURK HAVACILIK VE UZAY SANAYI,TUSAS TURK HAVACILIK VE UZAY SANAYI A.S.,TURKEY
USB,-,TUSHETI,TUSHETI,TUSHETI,GEORGIA
TWB,TW,TEEWAY,T'WAY AIR,"T WAY AIR CO., LTD",REPUBLIC OF KOREA
SCN,-,SILICON,TWC AVIATION,"TWC AVIATION, INC.",UNITED STATES OF AMERICA
TNY,-,TWINCAL,TWIN AIR CALYPSO,"TWIN AIR CALYPSO LIMITED, INC. (FORT LAUDERDALE, FL)",UNITED STATES OF AMERICA
TCY,-,TWIN CITY,TWIN CITIES AIR SERVICE,"TWIN CITIES AIR SERVICE, INC. (AUBURN, ME)",UNITED STATES OF AMERICA
TJT,-,TWINJET,TWIN JET,TWIN JET,FRANCE
TWJ,-,-,TWINJET AIRCRAFT SALES,TWINJET AIRCRAFT SALES LTD,UNITED KINGDOM
TYW,-,TYROL AMBULANCE,TYROL AIR AMBULANCE,TYROL AIR AMBULANCE GMBH,AUSTRIA
TJS,-,TYROLJET,TYROLEAN JET SERVICE,TYROLEAN JET SERVICE NFG. GMBH & CO. KG,AUSTRIA
TYJ,-,TYROL MALTA,TYROLEAN JET SERVICES MALTA,TYROLEAN JET SERVICES MALTA LTD.,MALTA
DOI,-,INTERIOR,U.S. DEPARTMENT OF THE INTERIOR,"U.S. DEPARTMENT OF THE INTERIOR, OFFICE OF AIRCRAFT SERVICES, (BOISE, ID)",UNITED STATES OF AMERICA
USH,-,US-HELI,U.S. HELICOPTER,"U.S. HELICOPTER CORP. (STRATFORD, CT)",UNITED STATES OF AMERICA
RPN,-,REPATRIATE,U.S. IMMIGRATION AND CUSTOM ENFORCEMENT,U.S. IMMIGRATION AND CUSTOM ENFORCEMENT,UNITED STATES OF AMERICA
GBL,-,LITGLOBE,UAB GLOBAL AIRWAYS,UAB GLOBAL AIRWAYS,LITHUANIA
JUP,-,JUMP AIR,UAB JUMP AIR,UAB JUMP AIR,LITHUANIA
UAF,-,UNIFORCE,UAE AIR FORCE,UNITED ARAB EMIRATES AIR FORCE,UNITED ARAB EMIRATES
UAP,-,AIRWING,UAE POLICE,UAE POLICE,UNITED ARAB EMIRATES
UAS,-,-,UAS CRANWELL,UAS CRANWELL,UNITED KINGDOM
-,CR,-,UBM AVIATION,UBM AVIATION - OAG,UNITED KINGDOM
UCO,-,UCOAVIACION,UCOAVIACION,UCOAVIACION S.L.,SPAIN
UFS,-,FEEDER FLIGHT,"UFS, INC.","UFS, INC. (ST.LOUIS, MO)",UNITED STATES OF AMERICA
UCC,-,UGANDA CARGO,UGANDA AIR CARGO,UGANDA AIR CARGO,UGANDA
UGD,-,CRESTED,UGANDA AIRLINES,UGANDA NATIONAL AIRLINES COMPANY LIMITED DBA UGANDA AIRLINES,UGANDA
UGA,-,UGANDA,UGANDA AIRLINES CORPORATION,UGANDA AIRLINES CORPORATION,UGANDA
RAU,-,UGANDA ROYAL,UGANDA ROYAL AIRWAYS,UGANDA ROYAL AIRWAYS,UGANDA
UGJ,-,UNIJET,UGJET,UGJET,CZECHIA
...,-,PIPELINE,UK PIPELINE INSPECTION,UK PIPELINE INSPECTION,UNITED KINGDOM
...,-,POWERLINE,UK POWERLINE INSPECTION,UK POWERLINE INSPECTION,UNITED KINGDOM
KRH,-,SPARROWHAWK,UK ROYAL FLIGHT (CIVIL AIRCRAFT),UK ROYAL FLIGHT (CIVIL AIRCRAFT),UNITED KINGDOM
KRF,-,KITTYHAWK,UK ROYAL FLIGHT (MILITARY AIRCRAFT),UK ROYAL FLIGHT (MILITARY AIRCRAFT),UNITED KINGDOM
RRF,-,KITTY,UK ROYAL POSITIONING FLIGHT (MILITARY AIRCRAFT),UK ROYAL POSITIONING FLIGHT (MILITARY AIRCRAFT),UNITED KINGDOM
TKF,-,RAINBOW,UK ROYAL/VIP HELICOPTER FLIGHTS,UK ROYAL/VIP HELICOPTER FLIGHTS,UNITED KINGDOM
UKN,-,ENTERPRISE UKRAINE,UKRAINE AIR ENTERPRISE,UKRAINE AIR ENTERPRISE,UKRAINE
UKL,-,UKRAINE ALLIANCE,UKRAINE AIRALLIANCE,UKRAINE AIRALLIANCE,UKRAINE
UFA,-,FLIGHT ACADEMY,UKRAINE FLIGHT ACADEMY,"STATE FLIGHT ACADEMY OF UKRAINE, THE",UKRAINE
AUI,PS,UKRAINE INTERNATIONAL,UKRAINE INTERNTIONAL AIRLINES,UKRAINE INTERNATIONAL AIRLINES PJSC,UKRAINE
UHL,-,UKRAINE COPTERS,UKRAINIAN HELICOPTERS,"UKRAINIAN HELICOPTERS, CJS COMPANY",UKRAINE
UPL,-,PILOT SCHOOL,UKRAINIAN PILOT SCHOOL,UKRAINIAN PILOT SCHOOL,UKRAINE
UWJ,-,UKRAINIAN WINGS,UKRAINIAN WINGS,UKRAINIAN WINGS,UKRAINE
UKT,-,UKTUS,UKTUS,"UKTUS, AIRCOMPANY",RUSSIAN FEDERATION
KZU,GO,UNIVERSAL CARGO,ULS AIRLINES CARGO,ULS AIRLINES CARGO,TURKEY
...,-,SCRABO,ULSTER FLYING CLUB,ULSTER FLYING CLUB (1961),UNITED KINGDOM
ULR,-,VIPER,ULTIMATE AIRWAYS,ULTIMATE AIRWAYS (PTY)LTD,SOUTH AFRICA
ULH,-,ULTIMATE HELI,ULTIMATE HELI,ULTIMATE HELI (PTY) LTD,SOUTH AFRICA
UJC,-,ULTIMATE,ULTIMATE JETCHARTERS,"ULTIMATE JETCHARTERS, INC. (NORTH CANTON, OH)",UNITED STATES OF AMERICA
ULA,-,ULTRAJET,ULTRAAIR,"ULTRAAIR, LLC (OMAHA, NE)",UNITED STATES OF AMERICA
ULT,-,ULTRAIR,ULTRAIR,"ULTRAIR, INC. (SMYRNA, TN)",UNITED STATES OF AMERICA
UMZ,-,UMZA,UMZA XPRESS,UMZA AVIATION SERVICES,NIGERIA
KSV,-,KOSFLIGHT,UN - KOSOVO,UN HUMANITARIAN RELIEF FLIGHTS (KOSOVO),KOSOVO
UIA,B7,GLORY,UNI AIR,UNI AIRWAYS CORPORATION,TAIPEI
UNI,-,UNICAIR,UNICAIR,UNICAIR GMBH,GERMANY
UHE,-,-,UNIDAD DE HELICOPTEROS DE LA ERTZAINTZA,UNIDAD DE HELICOPTEROS DE LA ERTZAINTZA,SPAIN
ETF,-,-,UNIDADES AEROMOVILES DEL EJERCITO DE TIERRA,UNIDADES AEROMOVILES DEL EJERCITO DE TIERRA,SPAIN
UFX,-,RAGNAR,UNI-FLY,UNIâˆ’FLY HELIWORX LTD,UNITED KINGDOM
UFX,-,RAGNAR,UNI-FLY,UNI−FLY HELIWORX LTD,UNITED KINGDOM
UNC,-,UNICOPTER,UNI-FLY,UNI-FLY A/S,DENMARK
LEA,-,LEADAIR,UNIJET,UNIJET,FRANCE
-,R9,-,UNILODE AVIATION SOLUTIONS,UNILODE AVIATION SOLUTIONS UK LIMITED,UNITED KINGDOM
UNF,-,UNION FLIGHTS,UNION FLIGHTS,"UNION FLIGHTS (SACRAMENTO, CA)",UNITED STATES OF AMERICA
UNQ,-,UNIQUE,UNIQUE AIR CHARTER,UNIQUE AIR CHARTER (PTY) LTD,SOUTH AFRICA
UAC,-,UNITAIR,UNITED AIR CHARTERS,UNITED AIR CHARTERS,ZIMBABWE
UAL,UA,UNITED,UNITED AIRLINES,"UNITED AIRLINES, INC. (CHICAGO, IL)",UNITED STATES OF AMERICA
UAB,-,UNITED ARABIAN,UNITED ARABIAN AIRLINES,UNITED ARABIAN AIRLINES,SUDAN
VAR,-,VARNEY,UNITED AVIATE ACADEMY,"WESTWIND SCHOOL OF AERONAUTICS, PHOENIX,",UNITED STATES OF AMERICA
UVN,-,SENYARI,UNITED AVIATION,GULF AVIATION SERVICES GROUP (UNITED AVIATION),KUWAIT
HFJ,-,PANGU,UNITED BUSINESS JET,"SHENZHEN UNITED BUSINESS JET CO., LTD",CHINA
JRC,-,JETAIR,UNITED CARIBBEAN AIRLINES,JETAIR CARIBBEAN (UNITED CARIBBEAN AIRLINES),NETHERLANDS
UCB,-,EAGLE EYE,UNITED CARIBBEAN AIRLINES,UNITED CARIBBEAN AIRLINES INC.,NETHERLANDS
UCS,-,UNITED CARRIERS,UNITED CARRIERS SYSTEMS,"UNITED CARRIERS SYSTEMS, INC. (GAHANNA, OH)",UNITED STATES OF AMERICA
UEE,-,EAGLE SLOVENIA,UNITED EAGLE,UNITED EAGLE DOO,SLOVENIA
UNO,-,UNITED NATIONS,UNITED NATIONS,UNITED NATIONS ORGANIZATION,UNITED NATIONS
CGD,-,-,UNITED STATES NORTH CAROLINA AIR NATIONAL GUARD,"CHARLOTTE, NC AIR NATIONAL GUARD (CHARLOTTE, NC)",UNITED STATES OF AMERICA
UWA,-,GRUMPY,UNITED WEST AIRLINES,"UNITED WEST AIRLINES, INC. (STUART, FL)",UNITED STATES OF AMERICA
UTP,-,UNI-TOP,UNI-TOP AIRLINES,"UNI-TOP AIRLINES CO., LTD",CHINA
UVA,-,UNIVERSAL,UNIVERSAL AIRWAYS,"UNIVERSAL AIRWAYS, INC.",UNITED STATES OF AMERICA
AUE,-,AIR UNIVERSE,UNIVERSAL AVIATION ACADEMY,UNIVERSAL AVIATION ACADEMY,REPUBLIC OF KOREA
UJR,-,UNIVERSAL JET,UNIVERSAL JET RENTAL DE MEXICO,"UNIVERSAL JET RENTAL DE MEXICO, S.A. DE C.V.",MEXICO
UIT,-,ARTIC,UNIVERSITETET I TROMSO,UNIVERSITETET I TROMSO,NORWAY
UCM,-,MULE-FLIGHT,UNIVERSITY OF CENTRAL MISSOURI,"UNIVERSITY OF CENTRAL MISSOURI (WARRENSBURG, MO)",UNITED STATES OF AMERICA
ILU,-,ILLINI,UNIVERSITY OF ILLINOIS,"UNIVERSITY OF ILLINOIS INSTITUTE OF AVIATION (SAVOY, IL)",UNITED STATES OF AMERICA
NDU,-,SIOUX,UNIVERSITY OF NORTH DAKOTA,"UNIVERSITY OF NORTH DAKOTA (GRAND FORKS, ND)",UNITED STATES OF AMERICA
OUA,-,CRIMSON,UNIVERSITY OF OKLAHOMA,"UNIVERSITY OF OKLAHOMA, DEPARTMENT OF AVIATION",UNITED STATES OF AMERICA
UCG,-,UNIWORLD,UNIWORLD AIR CARGO,"UNIWORLD COMMERCIAL GROUP, S.A. (UNIWORLD AIR CARGO)",PANAMA
ZUZ,-,-,UPPER AREA CONTROL CENTRE,UPPER AREA CONTROL CENTRE,ICAO
UPS,5X,UPS,UPS AIRLINES,"UNITED PARCEL SERVICE COMPANY, (LOUISVILLE, KY)",UNITED STATES OF AMERICA
UBD,-,URAIR,UR AIRLINES,UR AIRLINES,IRAQ
SVR,U6,SVERDLOVSK AIR,URAL AIRLINES,JSC URAL AIRLINES,RUSSIAN FEDERATION
UGC,-,URGEMER,URGEMER CANARIAS,"URGEMER CANARIAS, S.L.",SPAIN
CUH,UQ,LOULAN,URUMQI AIR,URUMQI AIRLINES CO. LTD.,CHINA
UCH,-,US CHARTER,US AIRPORTS AIR CHARTER,"US AIRPORTS AIR CHARTER (ROCHESTER, NY)",UNITED STATES OF AMERICA
USR,-,US ARMY,US ARMY,"US ARMY AERONAUTICAL SERVICES AGENCY (FT. BELVOIR, VA)",UNITED STATES OF AMERICA
GKA,-,GOLDEN KNIGHTS,US ARMY PARACHUTE TEAM,US ARMY PARACHUTE TEAM,UNITED STATES OF AMERICA
XCN,-,FIRE SCAN,US FOREST SERVICE,"US FOREST SERVICE (OGDEN, UT)",UNITED STATES OF AMERICA
USJ,-,USJET,US JET,"U S JET, INC. (WASHINGTON, DC)",UNITED STATES OF AMERICA
MSH,-,MARSHALAIR,US MARSHALS,"US MARSHALS SERVICE, U.S. DEPARTMENT OF JUSTICE",UNITED STATES OF AMERICA
CNV,-,CONVOY,US NAVY,"US NAVY AIR LOGISTICS OFFICE (NEW ORLEANS, LA)",UNITED STATES OF AMERICA
CMB,-,CAMBER,US TRANSPORTATION COMMAND,US TRANSPORTATION COMMAND,UNITED STATES OF AMERICA
GWY,-,GETAWAY,USA 3000,"USA 3000 AIRLINES (NEWTOWN SQUARE, PA)",UNITED STATES OF AMERICA
JUS,-,JET USA,USA JET AIRLINES,"USA JET AIRLINES, INC. (BELLEVILLE, MI)",UNITED STATES OF AMERICA
DOD,-,-,USAF AIR MOBILITY OPERATIONS CONTROL CENTER,USAF AIR MOBILITY OPERATIONS CONTROL CENTER,UNITED STATES OF AMERICA
UBG,-,BANGLASTAR,US-BANGLA AIRLINES,US-BANGLA AIRLINES LTD.,BANGLADESH
USY,XG,UNISKY,USC,USC GMBH,GERMANY
URI,-,URI AIR,USKY AIR,USKY AIR,REPUBLIC OF KOREA
UTG,-,UTAGE,UTAGE,UNION DE TRANSPORTES AEREO DE GUINEA ECUATORIAL (UTAGE),EQUATORIAL GUINEA
UTA,UT,UTAIR,UTAIR,UTAIR AVIATION,RUSSIAN FEDERATION
UTR,-,UTAIR LIMITED,UTAIR,UTAIR LIMITED,RUSSIAN FEDERATION
UTH,-,UTAIR HELICOPTERS,UTAIR-HELICOPTER SERVICES,UTAIR-HELICOPTER SERVICES,RUSSIAN FEDERATION
UVM,-,UVAVEMEX,UVAVEMEX,"UVAVEMEX, S.A. DE C.V.",MEXICO
UVT,-,TAT-JET,UVT AERO,JSC UVT AERO,RUSSIAN FEDERATION
UAT,-,UZTECH,UZ AERO,UZ AERO TECH GROUP,UZBEKISTAN
UZB,HY,UZBEK,UZBEKISTAN AIRWAYS,UZBEKISTAN HAVO JULLARY - UZBEKISTAN AIRWAYS,UZBEKISTAN
VUR,-,VIPEC,V.I.P.,VUELOS INTERNOS PRIVADOS (V.I.P.),ECUADOR
VHS,-,VALAIRHELI,VALAIR,VALAIR AG,SWITZERLAND
VVV,-,VALAIRJET,VALAIR-AVIACAO,"VALAIR-AVIACAO, LDA",PORTUGAL
VLA,-,NALAU,VALAN INTERNATIONAL,VALAN INTERNATIONAL CARGO CHARTER SA PTY LTD,SOUTH AFRICA
VLN,-,VALAN,VALAN INTERNATIONAL,VALAN INTERNATIONAL CARGO CHARTER LTD,MOLDOVA
DWG,-,DARK WING,VALKYRIE AERO,"VALKYRIE AERO, LLC",UNITED STATES OF AMERICA
VYT,-,ANGLESEY,VALLEY FTU,VALLEY FTU,UNITED KINGDOM
VLL,-,-,VALLEY SAR TRAINING UNIT,"SEARCH AND RESCUE TRAINING UNIT (SARTU) VALLEY, RAF",UNITED KINGDOM
VAC,-,VALORAVIA,VALOR AIR,VALOR AIR,KYRGYZSTAN
FVJ,-,VALUEJET,VALUEJET,FLY FOR VALUE AVIATION LIMITED (VALUEJET),NIGERIA
VAA,-,EUROVAN,VAN AIR EUROPE,"VAN AIR EUROPE, A.S.",CZECHIA
VGC,-,VANGUARDIA COLIMA,VANGUARDIA EN AVIACION EN COLIMA,"VANGUARDIA EN AVIACION EN COLIMA, S.A. DE C.V.",MEXICO
...,-,VADER,VAQ-209,DEPARTMENT OF THE NAVY (VAQ-209),UNITED STATES OF AMERICA
VRH,-,SKY VICTOR,VARESH AIR LINES,VARESH AIR LINES,IRAN
VLO,-,VELOG,VARIG LOGISTICA,VARIG LOGISTICA S.A.,BRAZIL
VFC,-,VASCO AIR,VASCO,VASCO,VIET NAM
WIW,-,VEE-AVIA,V-AVIA,V-AVIA AIRLINE LTD,UKRAINE
BLO,-,BELOGORIE,VC BELOGORIE,VC BELOGORIE,RUSSIAN FEDERATION
CXF,-,CARDS FLIGHT,VCAP AVIATION,VCAP AVIATION LLC,UNITED STATES OF AMERICA
VIG,-,VEGA AVIATION,VEGA AVIATION,VEGA AVIATION & ENG. SYSTEMS CO. LTD,SUDAN
VEC,-,VECAR,VENSECAR INTERNACIONAL,VENSECAR INTERNACIONAL C.A.,VENEZUELA
VKY,-,VALKYRIE,VENT AIRLINES,"VENT AIRLINES, INC. (SAN ANTONIO, TX)",UNITED STATES OF AMERICA
VNT,-,VENTURA,VENTURA AIR SERVICES,VENTURA AIR SERVICES,UNITED STATES OF AMERICA
VET,-,POINSETT AIR,VENTURE AVIATION GROUP,"VENTURE AVIATION GROUP, LLC (GREENVILLE, SC)",UNITED STATES OF AMERICA
WSP,-,WHISPER JET,VERIJET,VERIJET,UNITED STATES OF AMERICA
VMA,-,VERO MONMOUTH,VERO MONMOUTH AIRLINES,"VERO MONMOUTH AIRLINES (VERO BEACH, FL)",UNITED STATES OF AMERICA
MDB,-,MARIANAS,VERTICAL AVIATION,"VERTICAL AVIATION, LLC",UNITED STATES OF AMERICA
VLT,-,VERTICAL,VERTICAL-T,"VERTICAL-T, AIR COMPANY",RUSSIAN FEDERATION
HRF,-,HERO-FLIGHT,VETERANS AIRLIFT COMMAND,"VETERANS AIRLIFT COMMAND (ST. LOUIS PARK, MN)",UNITED STATES OF AMERICA
VHA,-,AIR V-H,VH-AIR INDUSTRIE,VH-AIR INDUSTRIE,ANGOLA
VIL,-,TURTLE DOVE,VI AIR LINK,VI AIR LINK,UNITED KINGDOM
VID,-,VID-AIR,VIA AIR,VIA AIR,CENTRAL AFRICAN REPUBLIC
SRY,-,STINGRAY,VIA AIRLINES,VIA AIRLINES,UNITED STATES OF AMERICA
VDG,-,VIAJES DON GOYO,VIAJES DON GOYO,"VIAJES DON GOYO, S.A. DE C.V.",MEXICO
VJM,-,VIAJES MEXICANOS,VIAJES EJECUTIVOS MEXICANOS,"VIAJES EJECUTIVOS MEXICANOS, S.A. DE C.V.",MEXICO
VIH,-,VICHI,VICHI,VICHI,MOLDOVA
WEV,-,VICTORIA,VICTORIA INTERNATIONAL AIRWAYS,VICTORIA INTERNATIONAL AIRWAYS LTD,UGANDA
FTN,-,FRONTRUNNER,VICTORY AIR,VICTORY AIR LLC,UNITED STATES OF AMERICA
VGA,-,AIR VICTORY,VICTORY GENERAL AVIATION,"SHANXI VICTORY GENERAL AVIATION CO., LTD.",CHINA
-,U1,-,VIDECOM INTERNATIONAL,VIDECOM INTERNATIONAL LIMITED,UNITED KINGDOM
VES,-,VIEQUES,VIEQUES AIR LINK,"VIEQUES AIR LINK, INC. (VIEQUES, PR)",UNITED STATES OF AMERICA
VJC,VJ,VIETJETAIR,VIETJET AIR,VIETJET AVIATION JOINT STOCK COMPANY,VIET NAM
HVN,VN,VIET NAM AIRLINES,VIETNAM AIRLINES,HANG KHONG VIET NAM,VIET NAM
VAG,-,VIETRAVEL AIR,VIETRAVEL AIRLINES,VIETRAVEL AIRLINES,VIET NAM
VSM,-,VIETSTAR,VIETSTAR AIRLINE,VIETSTAR AIRLINE CORP (VIETSTAR AIRLINES MULTIROLE CORPORATION),VIET NAM
VFM,-,VIFEMED,VIFEOMED,"VIFEOMED, S.A. DE C.V.",MEXICO
VHC,-,WILDCAT,VIH HELICOPTERS,"VIH COUGAR HELICOPTERS, INC. (BELLINGHAM, WA)",UNITED STATES OF AMERICA
VKN,-,TRUE NORTH,VIKING AIR,VIKING AIR LTD,CANADA
WCY,-,TITAN AIR,VIKING EXPRESS,"VIKING EXPRESS, INC. (WEST CHICAGO, IL)",UNITED STATES OF AMERICA
VQI,-,VILLA AIR,VILLA AIR,VILLA AIR PRIVATE LIMITED,MALDIVES
MOV,-,MOV AIR,VIM AIRLINES,VIM AIRLINES,RUSSIAN FEDERATION
VIN,-,VINAIR,VINAIR,"VINAIR - HELICOPTEROS, LIMITADA",PORTUGAL
VPP,-,VINTAGE,VINTAGE PROPS AND JETS,"VINTAGE PROPS AND JETS, INC. (NEW SMYRNA BEACH, FL)",UNITED STATES OF AMERICA
GHK,-,GOLDEN HAWK,VINTAGE WINGS OF CANADA,VINTAGE WINGS OF CANADA,CANADA
BFW,-,SUMMAN,VIP AIR TRANSPORT,VIP AIR TRANSPORT,BAHRAIN
VIE,-,VIP EMPRESARIAL,VIP EMPRESARIAL,"VIP EMPRESARIAL, S.A. DE C.V.",MEXICO
VIC,-,VIP-EJECUTIVO,VIP SERVICIOS AEREOS EJECUTIVOS,"VIP SERVICIOS AEREOS EJECUTIVOS, S.A. DE C.V.",MEXICO
VNK,-,-,VIPPORT,"VIPPORT, JSC",RUSSIAN FEDERATION
VRD,-,REDWOOD,VIRGIN AMERICA,"VIRGIN AMERICA, INC. (BURLINGAME, CA)",UNITED STATES OF AMERICA
VGI,-,-,VIRGIN ATLANTIC,VIRGIN ATLANTIC INTERNATIONAL LIMITED,UNITED KINGDOM
VIR,VS,VIRGIN,VIRGIN ATLANTIC,VIRGIN ATLANTIC AIRWAYS LIMITED,UNITED KINGDOM
PBN,-,BLUEBIRD,VIRGIN AUSTRALIA,VIRGIN AUSTRALIA AIRLINES (NZ) LTD,NEW ZEALAND
VOZ,VA,VELOCITY,VIRGIN AUSTRALIA,VIRGIN AUSTRALIA AIRLINES PTY. LTD.,AUSTRALIA
VEX,-,VIRGIN EXPRESS,VIRGIN EXPRESS,VIRGIN EXPRESS,BELGIUM
VGX,-,GALACTIC,VIRGIN GALACTIC,"VIRGIN GALACTIC, LLC (GILBERT, AZ)",UNITED STATES OF AMERICA
VSS,-,WATERBIRD,VIRGIN ISLANDS SEAPLANE,"VIRGIN ISLANDS SEAPLANE SHUTTLE, INC.(ST.CROIX, VI)",UNITED STATES OF AMERICA
VGN,-,VIRGIN NIGERIA,VIRGIN NIGERIA,VIRGIN NIGERIA,NIGERIA
OBT,-,COSMIC GIRL,VIRGIN ORBIT,VIRGIN ORBIT,UNITED STATES OF AMERICA
VAB,-,-,VIRTRANS,VIRTRANS LTD,RUSSIAN FEDERATION
VCT,-,VISCOUNT AIR,VISCOUNT AIR SERVICE,"VISCOUNT AIR SERVICE, INC. (TUCSON, AZ)",UNITED STATES OF AMERICA
RBY,-,RUBY,VISION AIR,"VISION AIRLINES, INC. D/B/A VISION AIR (NORTH LAS VEGAS, NV)",UNITED STATES OF AMERICA
VIS,-,DREAM BIRD,VISION AIR INTERNATIONAL,VISION AIR INTERNATIONAL (PVT) LIMITED,PAKISTAN
SSI,-,SUPER JET,VISION AIRLINES,VISION AIRLINES LTD,NIGERIA
VFS,-,VISION FLIGHT,VISION FLIGHT CENTER,VISION FLIGHT CENTER,UNITED STATES OF AMERICA
VJA,-,ICONIC,VISTA AMERICA,JETSELECT DBA VISTA AMERICA,UNITED STATES
VJA,-,VISTA AM,VISTA AMERICA,JETSELECT DBA VISTA AMERICA,UNITED STATES
VJH,-,VISTA GERMANY,VISTAJET,VISTAJET GMBH,GERMANY
VJS,-,CARBON,VISTAJET,VISTAJET,MALTA
VJT,-,VISTA JET,VISTAJET,VISTAJET LTD,MALTA
VJH,-,VISTA GERMANY,VISTAJET GERMANY,"VISTAJET GMBH, HAMBURG",GERMANY
VTI,UK,VISTARA,VISTARA,TATA SIA AIRLINES LTD.,INDIA
VPE,-,VIVA PERU,VIVA AIRLINES PERU,VIVA AIRLINES PERU S.A.C.,PERU
VVM,-,JACKPOT,VIVA MACAU,VIVA MACAU LIMITED,CHINA
VYE,-,JET SOLUTIONS,VJET,VJET SA DE CV,MEXICO
LSN,-,SERVI NAL,VL SERVICIOS NACIONALES,"VL SERVICIOS NACIONALES, S.A. DE C.V.",MEXICO
TCW,-,PHOENIX,VLM AIRLINES,VLM AIRLINES N.V.,BELGIUM
WLM,-,RIBICA,VLM AIRLINES,VLM AIRLINES D.D.,SLOVENIA
VLM,-,RUBENS,VLM REGIONAL,SHS ANTWERP AVIATION N.V. (DBA VLM REGIONAL),BELARUS
VMO,-,-,VMO SOLUTIONS,VMO SOLUTIONS,CANADA
VRL,-,VOAR LINHAS,VOAR,VOAR LDA.,ANGOLA
PTB,2Z,PASSAREDO,VOEPASS,VOEPASS LINHAS AEREOS S.A.,BRAZIL
VAI,-,-,VOLANT AVIATION,VOLANT AVIATION INTERNATIONAL,PAKISTAN
VLR,-,VOLAX,VOLARE,"VOLARE 22 X, S.A. DE C.V.",MEXICO
VLZ,-,VOLARE,VOLARE,VOLARE AVIATION (GUERNSEY) LTD.,UNITED KINGDOM
VCM,-,CARMEN,VOLARE AIR CHARTER,"VOLARE AIR CHARTER COMPANY (EL PASO, TX)",UNITED STATES OF AMERICA
VOI,Y4,VOLARIS,VOLARIS,"CONCESIONARIA VUELA COMPANIA DE AVIACION, S.A. DE C.V.",MEXICO
VOC,Q6,COSTA RICAN,VOLARIS COSTA RICA,VUELA AVIACION S.A. (VOLARIS COSTA RICA),COSTA RICA
TMB,-,TOMBO,VOLATO,"VOLATO, INC.",UNITED STATES OF AMERICA
VDR,-,VOLDIR,VOLDIRECT,VOLDIRECT SAS,FRANCE
VOY,-,-,VOLEMOS SERVICIOS AEREOS,"VOLEMOS SERVICIOS AEREOS, S.L.",SPAIN
VDA,-,VOLGA,VOLGA-DNEPR,VOLGA-DNEPR,RUSSIAN FEDERATION
BTX,-,BEETLE,VOLKSWAGEN AIRSERVICE,VOLKSWAGEN AIRSERVICE GMBH,GERMANY
VGV,-,VOLOGDA AIR,VOLOGDA,VOLOGDA STATE AIR ENTERPRISE,RUSSIAN FEDERATION
VOE,V7,VOLOTEA,VOLOTEA,"VOLOTEA, S.L.",SPAIN
VXM,-,GOS HAWK,VOLUXIS,VOLUXIS SAN MARINO,SAN MARINO
VXS,-,VOLUXIS,VOLUXIS,VOLUXIS LTD,UNITED KINGDOM
VTK,-,VOSTOK,VOSTOK AIRLINES,VOSTOK AIRLINES,RUSSIAN FEDERATION
VAV,-,-,VOSTOKAVIASERVIS,"VOSTOKAVIASERVIS, LLC",RUSSIAN FEDERATION
VRG,-,VARNA LINES,VOYAGE AIR,VOYAGE AIR LTD.,BULGARIA
VAL,-,VOYAGEUR,VOYAGEUR AIRWAYS,VOYAGEUR AIRWAYS LTD.,CANADA
VOS,-,JETSAL,VUELA EL SALVADOR,VUELA EL SALVADOR S.A. DE C.V.,EL SALVADOR
VLG,VY,VUELING,VUELING,VUELING AIRLINES,SPAIN
VTH,-,VUELOS TEHUACAN,VUELOS CORPORATIVOS DE TEHUACAN,"VUELOS CORPORATIVOS DE TEHUACAN, S.A. DE C.V.",MEXICO
VUK,-,VUKANI,VUKANI AVIATION,VUKANI AVIATION CC,SOUTH AFRICA
VKA,-,VULKAN AIR,VULKAN AIR,VULKAN AIR LLC,UKRAINE
VVB,-,VEE-TRANS,VVB AVIATION,VVB AVIATION CHARTER SERVICES LTD,UNITED KINGDOM
VZL,-,VZLYET,VZLYET,VZLYET,RUSSIAN FEDERATION
WAD,-,VULCAN,WADDINGTON FTU,WADDINGTON FTU,UNITED KINGDOM
CGG,-,CHARGE,WALMART AVIATION,"WALMART AVIATION (ROGERS, AR)",UNITED STATES OF AMERICA
WZM,-,MATILDA,WALTZING MATILDA AVIATION,WALTZING MATILDA AVIATION,UNITED STATES OF AMERICA
EAW,-,WALYA,WALYA AIRWAYS,WALYA AIRWAYS,ETHIOPIA
PLM,EB,PULLMAN,WAMOS AIR,WAMOS AIR S.A.,SPAIN
WFH,-,WANFENG,WANFENG GENERAL AVIATION,WANFENG GENERAL AVIATION CO. LTD.,CHINA
WHG,-,CHEER,WANFENG GENERAL AVIATION,"ZHEJIANG WANFENG GENERAL AVIATION CO., LTD.",CHINA
WAV,-,WARBELOW,WARBELOWS AIR VENTURES,"WARBELOWS AIR VENTURES (FAIRBANKS, AK)",UNITED STATES OF AMERICA
WFD,-,AVRO,WARTON LARGE AIRCRAFT,WARTON LARGE AIRCRAFT FLIGHT OPERATIONS,UNITED KINGDOM
WTN,-,TARNISH,WARTON MILITARY,WARTON MILITARY FLIGHT OPS,UNITED KINGDOM
WSG,-,WASAYA,WASAYA AIRWAYS,WASAYA AIRWAYS LTD,CANADA
WPH,-,WAT PHNOM,WAT PHNOM AIRLINES,WAT PHNOM AIRLINES,CAMBODIA
WMA,-,WATERMAKERS,WATERMAKERS AIR,"WATERMAKERS AIR (FT. LAUDERDALE, FL)",UNITED STATES OF AMERICA
WYF,-,WAYFARER,WAYFARER AVIATION,"WAYFARER AVIATION, INC. (WEYMOUTH, MA)",UNITED STATES OF AMERICA
WDL,-,WDL,WDL AVIATION,WDL AVIATION (KOLN),GERMANY
WNI,-,-,WEATHERNEWS,"WEATHERNEWS, INC",JAPAN
WZA,-,-,WEATHERZONE,THE WEATHER COMPANY PTY (WEATHERZONE),AUSTRALIA
WEB,-,WEB-BRASIL,WEBJET LINHAS AEREAS,WEBJET LINHAS AEREAS LTDA.,BRAZIL
WEJ,-,WE JET,WEJET,"WEJET, INC.",UNITED STATES OF AMERICA
TDB,-,THUNDER BAY,WELCH AVIATION,"WELCH AVIATION, INC. (ALPENA, MI)",UNITED STATES OF AMERICA
WLC,-,WELCOMEAIR,WELCOME AIR,WELCOME AIR LUFTFAHRT- GMBH & CO KG,AUSTRIA
+,W7,+,WELTALL-AVIA,"""AIRLINE ""WELLTALL-AVIA""",RUSSIAN FEDERATION
WLL,-,WELTALL,WELTALL-AVIA AIRLINES,WELTALL-AVIA AIRLINES,RUSSIAN FEDERATION
BLW,-,BLUESTAR,WERMLANDSFLYG OPERATIONS,WERMLANDSFLYG OPERATIONS AB,SWEDEN
WSF,-,-,WEST AFRICAN AIRLINES,WEST AFRICAN AIRLINES,BENIN
WAC,-,WESTAF CARGO,WEST AFRICAN CARGO AIRLINES,WEST AFRICAN CARGO AIRLINES SARL,MAURITANIA
CHB,PN,WEST CHINA,WEST AIR,"CHINA WEST AIR CO., LTD",CHINA
SWN,-,AIR SWEDEN,WEST ATLANTIC,WEST ATLANTIC SWEDEN AB,SWEDEN
NPT,-,NEPTUNE,WEST ATLANTIC,WEST ATLANTIC UK LIMITED,UNITED KINGDOM
WCW,-,-,WEST CARIBBEAN AIRWAYS,WEST CARIBBEAN AIRWAYS S.A.,COLOMBIA
WCC,-,WEST COAST,WEST COAST CHARTERS,"WEST COAST CHARTERS (SANTA ANA, CA)",UNITED STATES OF AMERICA
TEE,-,TEEBIRD,WEST FREUGH DTEO,WEST FREUGH DTEO,UNITED KINGDOM
WLN,-,WEST LINK,WEST LINK AIRLINES,WEST LINK AIRLINES (NIG) LIMITED,NIGERIA
WEW,-,WESTWIND,WEST WIND AVIATION,WEST WIND AVIATION INC.,CANADA
NLF,-,NORTHERN LIFE,WESTAIR AVIATION,WESTAIR AVIATION INC.,CANADA
WAA,-,WESTAIR WINGS,WESTAIR AVIATION,WESTAIR AVIATION (PTY) LTD,NAMIBIA
EFF,-,EMERALD,WESTAIR AVIATION,WESTAIR AVIATION LIMITED,IRELAND
PCM,-,PAC VALLEY,WESTAIR INDUSTRIES,"WESTAIR INDUSTRIES, INC. (CHICO, CA)",UNITED STATES OF AMERICA
WST,-,WESTERN AIR,WESTERN AIR,WESTERN AIR,BAHAMAS
WAE,-,WESTERN EXPRESS,WESTERN AIR EXPRESS,"WESTERN AIR EXPRESS (BOISE, ID)",UNITED STATES OF AMERICA
STT,-,SAWTOOTH,WESTERN AIRCRAFT,"WESTERN AIRCRAFT, INC.",UNITED STATES OF AMERICA
WTV,-,WESTAVIA,WESTERN AVIATORS,"WESTERN AVIATORS (GRAND JUNCTION, CO)",UNITED STATES OF AMERICA
WGN,-,WESTERN GLOBAL,WESTERN GLOBAL AIRLINES,"WESTERN GLOBAL AIRLINES, INC.",UNITED STATES OF AMERICA
WMU,-,SKYBRONCO,WESTERN MICHIGAN UNIVERSITY,WESTERN MICHIGAN UNIVERSITY COLLEGE OF AVIATION,UNITED STATES OF AMERICA
WPA,-,WESTPAC,WESTERN PACIFIC AIRSERVICE,WESTERN PACIFIC AIRSERVICE,SOLOMON ISLANDS
WJA,WS,WESTJET,WESTJET,WESTJET AIRLINES LTD,CANADA
WEN,WR,ENCORE,WESTJET ENCORE,WESTJET ENCORE,CANADA
WHE,-,WESTLAND,WESTLAND HELICOPTERS,WESTLAND HELICOPTERS LTD.,UNITED KINGDOM
SJG,-,SUMMER JET,WESTSTAR AEROSERVICE,ALG GROUP LLC,UNITED STATES OF AMERICA
WSH,-,WEST STAR,WESTSTAR AVIATION,WESTSTAR HELICOPTER SAUDI COMPANY,SAUDI ARABIA
WWA,-,WILKEN AIR,WESTWIND AVATION,WESTWIND AVATION LTD. (KENYA),KENYA
WUP,-,UP AVIATION,WHEELS UP,WHEELS UP PRIVATE JETS,UNITED STATES
WHT,WI,WHITEJET,WHITE AIRWAYS,WHITE AIRWAYS,PORTUGAL
WRA,-,-,WHITE RIVER AIR SERVICES,WHITE RIVER AIR SERVICES LTD.,CANADA
...,-,WALTHAM,WHITE WALTHAM AIRFIELD,WHITE WALTHAM AIRFIELD LTD,UNITED KINGDOM
WTJ,-,BRASILJETS,WHITEJETS,WHITEJETS,BRAZIL
...,-,SPELLCASTER,WHIZZARD HELICOPTERS,WHIZZARD HELICOPTERS,UNITED KINGDOM
WIF,WF,WIDEROE,WIDEROE,WIDEROE'S FLYVESELSKAP A/S,NORWAY
WID,-,WIDGEON,WIDGEON AIRLINE,WIDGEON AIRLINE,BELARUS
WIG,-,WIGGINS AIRWAYS,WIGGINS AIRWAYS,"WIGGINS AIRWAYS (NORWOOD, MA)",UNITED STATES OF AMERICA
WJT,-,WIJET,WIJET,WIJET,FRANCE
WHS,-,WEEKING,WIKING HELIKOPTER,"WIKING HELIKOPTER SERVICE, GMBH, BREMEN",GERMANY
WLD,-,WILDERNESS,WILDERNESS AIR SOUTH AFRICA,WILDERNESS AIR SOUTH AFRICA (PTY) LTD,SOUTH AFRICA
WLS,-,WILLIAMS AIR,WILLIAMS AIR,"WILLIAMS AIR, INC. (MEDFORD LAKES, NJ)",UNITED STATES OF AMERICA
WGP,-,GRAND PRIX,WILLIAMS ENGINEERING,WILLIAMS GRAND PRIX ENGINEERING LTD,UNITED KINGDOM
WNA,-,WINAIR,WINAIR,"WINAIR, INC. (SALT LAKE CITY, UT)",UNITED STATES OF AMERICA
WVZ,-,-,WINAIR,WINAIR D.O.O.,CROATIA
WSI,-,WIND SPIRIT,WIND SPIRIT AIR,"WIND SPIRIT AIR, INC. (DETROIT, MI)",UNITED STATES OF AMERICA
QGA,-,QUADRIGA,WINDROSE AIR,WINDROSE AIR JETCHARTER GMBH,GERMANY
WRC,7W,WIND ROSE,WINDROSE AIRLINES,WIND ROSE AVIATION COMPANY LTD,UKRAINE
WJM,-,WINDSOR JET,WINDSOR JET,"WINDSOR JET MANAGEMENT (FORT LAUDERDALE, FL)",UNITED STATES OF AMERICA
WEA,-,DAYSTAR,WINDWARD EXPRESS AIRWAYS,WINDWARD EXPRESS AIRWAYS N.V,NETHERLANDS
WIA,-,WINDWARD,WINDWARDS AIRWAYS,WINDWARDS ISLANDS AIRWAYS INTERNATIONAL N.V.,NETHERLANDS
CWG,-,CLEAR WING,WING AVIATION,WING AVIATION,UNITED STATES OF AMERICA
FIS,-,SHERRY,WINGGLIDER,WINGGLIDER LIMITED GBR.ATO.0216,UNITED KINGDOM
WAI,-,BUSHWOOD,WINGS AIR,"WINGS AIR (LAWRENCEVILLE, GA)",UNITED STATES OF AMERICA
WAT,-,-,WINGS AIR,WINGS AIR TRANSPORT CO.,SUDAN
WON,IW,WINGS ABADI,WINGS AIR,"PT WINGS ABADI AIRLINES, PT.",INDONESIA
WAW,-,WING SHUTTLE,WINGS AIRWAYS,"WINGS AIRWAYS (BLUE BELL, PA)",UNITED STATES OF AMERICA
TWD,-,TRADEWINGS,WINGS AVIATION,WINGS AVIATION LTD,NIGERIA
WOL,-,WINGJET,WINGS AVIATION,WINGS AVIATION LIMITED,GUYANA
WLB,-,WINGS LEBANON,WINGS OF LEBANON,WINGS OF LEBANON AVIATION,LEBANON
WAG,-,-,WISCONSIN AIR NATIONAL GUARD,WISCONSIN AIR NATIONAL GUARD,UNITED STATES OF AMERICA
WSM,-,WISMAN,WISMAN AVIATION,"WISMAN AVIATION (FT. WAYNE, IN)",UNITED STATES OF AMERICA
WIT,-,STRIKER,WITTERING FTU,WITTERING FTU,UNITED KINGDOM
UAV,-,UNIFORM,WITTERING UAS,UAS/AEF WYTON,UNITED KINGDOM
WMT,-,WIZZ MALTA,WIZZ AIR,WIZZ AIR MALTA LIMITED,MALTA
WZZ,W6,WIZZAIR,WIZZ AIR,WIZZ AIR HUNGARY LTD,HUNGARY
WAZ,-,WIZZ SKY,WIZZ AIR ABU DHABI,WIZZ AIR ABU DHABI,UNITED ARAB EMIRATES
WUK,W9,WIZZ GO,WIZZ AIR UK,WIZZ AIR UK LIMITED,UNITED KINGDOM
WNR,-,WONDAIR,WONDAIR ON DEMAND,WONDAIR ON DEMAND AVIATION S.L.,SPAIN
CWY,-,CAUSEWAY,WOODGATE AVIATION,WOODGATE AVIATION (NI) LTD.,UNITED KINGDOM
UAM,-,UNIFORM,WOODVALE UAS,UAS/AEF WOODVALE,UNITED KINGDOM
WOF,-,FIREWISE,WORKING ON FIRE,FFA AVIATION (PTY) LTD T/A WORKING ON FIRE,SOUTH AFRICA
WOA,-,WORLD,WORLD AIRWAYS,WORLD AIRWAYS INC.,UNITED STATES OF AMERICA
WAL,-,DORAL,WORLD ATLANTIC AIRLINES,"CARIBBEAN SUN AIRLINES, INC. D/B/A WORLD ATLANTIC AIRLINES",UNITED STATES OF AMERICA
WCM,-,WORLD CARGO,WORLD CARGO AIRLINE,WORLD CARGO AIRLINE SDN. BHD.,MALAYSIA
WPT,-,NEW BLUE,WORLD2FLY,WORLD2FLY PORTUGAL,PORTUGAL
WFL,2W ,BLUE WORLD,WORLD2FLY,WORLD2FLY,SPAIN
-,1G,-,WORLDSPAN,TRAVELPORT WORLDWIDE LTD,UNITED KINGDOM
-,W1,-,WORLDTICKET,WORLD TICKET LTD,DENMARK
WWS,-,-,WORLDWIDE AVIATION SERVICES,WORLDWIDE AVIATION SERVICES,PAKISTAN
WWI,-,WORLDWIDE,WORLDWIDE JET CHARTER,"WORLDWIDE JET CHARTER (SCOTTSDALE, AZ)",UNITED STATES OF AMERICA
WRR,-,WRAP AIR,"WRA, INC","WRA, INC. (MORRISVILLE, NC)",UNITED STATES OF AMERICA
WRT,-,WRIGHT-AIR,WRIGHT AIR LINES,"WRIGHT AIR LINES, INC. (CLEVELAND, OH)",UNITED STATES OF AMERICA
WRF,-,WRIGHT FLYER,WRIGHT AIR SERVICE,"WRIGHT AIR SERVICE, INC. (FAIRBANKS, AK)",UNITED STATES OF AMERICA
XWS,-,-,WSI CORPORATION,WSI CORPORATION,UNITED STATES OF AMERICA
...,-,HELIPOWER,WUCHER HELICOPTER,WUCHER HELICOPTER GMBH,AUSTRIA
WUE,-,FASTY,WUERTH AVIATION,"WUERTH AVIATION, KUENZELSAU",GERMANY
WYG,-,WYOMING,WYOMING AIRLINES,"WYOMING AIRLINES LTD. (DENVER, CO)",UNITED STATES OF AMERICA
BBI,-,SKY NET,X2 AIR,X2 AIR LIMITED,NIGERIA
XAB,-,AERO XABRE,XABRE AEROLINEAS,"XABRE AEROLINEAS, S.A. DE C.V.",MEXICO
XAE,-,AURA,XAIR BRNO,XAIR BRNO,CZECHIA
XLJ,-,XCEL JET,XCEL JET,XCEL JET,UNITED STATES OF AMERICA
XJC,-,EXCLUSIVE JET,XCLUSIVE JET,XCLUSIVE JET CHARTER LTD,UNITED KINGDOM
XED,-,BUNNY,XEAD,XEAD AVIATION S.A.R.L.,LUXEMBOURG
MRV,-,XENA,XENA,LLC XENA,UKRAINE
XER,-,XEROX,XEROX CORPORATION,XEROX CORPORATION,UNITED STATES OF AMERICA
EST,EE,REVAL,XFLY,REGIONAL JET OÃœ,ESTONIA
EST,EE,REVAL,XFLY,REGIONAL JET OÜ,ESTONIA
CXA,MF,XIAMEN AIR,XIAMEN AIRLINES,XIAMEN AIRLINES,CHINA
XTH,-,BRIGHT PEARL,XINJIANG GENERAL AVIATION,XINJIANG GENERAL AVIATION CO. LTD.,CHINA
XLF,-,STARWAY,XL AIRWAYS,XL AIRWAYS FRANCE,FRANCE
XOJ,-,EXOJET,XOJET AVIATION,"XOJET, INC. (MCLELLAN, CA)",UNITED STATES OF AMERICA
YAK,-,YAK AVIA,YAK DESIGN BUREAU,YAK DESIGN BUREAU,RUSSIA
AKY,-,YAK SERVICE,YAK-SERVICE,YAK-SERVICE,RUSSIA
SYL,-,AIR YAKUTIA,YAKUTIA,"AIRCOMPANY YAKUTIA, JOINT-STOCK COMPANY",RUSSIAN FEDERATION
LLM,-,YAMAL,YAMAL AIRLINES,"YAMAL AIRLINES, JOINT-STOCK COMPANY",RUSSIA
ANR,-,YANAIR,YANAIR,"YANAIR, AVIACOMPANY LTD",UKRAINE
LYH,-,HELIGUYANE,YANKEE LIMA HELICOPTERES,YANKEE LIMA HELICOPTERES,FRANCE
MHD,-,YAS AIR,YAS AIR KISH,YAS AIR KISH,IRAN
DZD,-,YAZD AIRWAYS,YAZD AIRWAYS,YAZD AIRLINES,IRAN
DGA,-,YELLOW RIVER,YELLOW RIVER DELTA GENERAL AVIATION,"YELLOW RIVER DELTA GENERAL AVIATION CO., LTD",CHINA
ELW,-,YELLOW WINGS,YELLOW WINGS AIR SERVICES,YELLOW WINGS AIR SERVICES LTD,KENYA
IYE,-,YEMENI,YEMEN AIRWAYS,"YEMENIA, YEMEN AIRWAYS",YEMEN
NYT,-,YETI AIRLINES,YETI AIRLINES,YETI AIRLINES (DOMESTIC),NEPAL
AYE,-,AIR YING AN,YINGAN AIRLINES,"YUNNAN YINGAN AIRLINES CO., LTD",CHINA
HYT,YG,QUICK AIR,YTO CARGO AIRLINES,"YTO CARGO AIRLINES CO., LTD.",CHINA
AYU,-,-,YUHI AIR LINES,"YUHI AIR LINES CO., LTD",JAPAN
TUD,-,TUNDRA,YUTE COMMUTER SERVICES,PAKLOOK AIR SERVICES DBA: YUTE COMMUTER SERVICES,UNITED STATES OF AMERICA
KVZ,-,-,Z-AERO AIRLINES,Z-AERO AIRLINES LTD,UKRAINE
HMZ,-,AIR TURK,ZAFER AVIATION,ZAFER HAVACILIK A.S,TURKEY
IZG,-,ZAGROS,ZAGROS AIRLINES,ZAGROS AIRLINES,IRAN
GZQ,-,-,ZAGROSJET,ZAGROSJET CO.,IRAQ
AZB,-,AIR ZAMBIA,ZAMBIA AIRWAYS,ZAMBIA AIRWAYS (2014) LIMITED,ZAMBIA
ZAK,-,ZAMBIA SKIES,ZAMBIA SKYWAYS,ZAMBIA SKYWAYS LIMITED,ZAMBIA
TAN,-,ZANAIR,ZANAIR,ZANAIR LIMITED,TANZANIA
CIT,-,ZANE,ZANESVILLE AVIATION,"ZANESVILLE AVIATION (ZANESVILLE, OH)",UNITED STATES OF AMERICA
AZJ,-,-,ZAS AIR,ZAS AIR,EGYPT
JTS,-,JETSERVICE,ZEMAN FLUGTECHNIK,ZEMAN FLUGTECHNIK & LOGISTIK GMBH,GERMANY
AYJ,-,ALLEY JET,ZEMAN NEXTGEN,ZEMAN NEXTGEN,GERMANY
EMR,-,ZEMMOUR,ZEMMOUR AIRLINES,ZEMMOUR AIRLINES,MAURITANIA
AZR,-,ZENAIR,ZENITH AIR,ZENITH AIR CC,SOUTH AFRICA
BZE,-,ZENSTAR,ZENITH AVIATION,ZENITH AVIATION LTD,UNITED KINGDOM
MBG,-,CHALGROVE,ZEPHYR AVIATION,ZEPHYR AVIATION LTD,UNITED KINGDOM
RZR,-,RECOVERY,ZEPHYR EXPRESS,"ZEPHYR EXPRESS (BURBANK, CA)",UNITED STATES OF AMERICA
ZAV,-,ZETAVIA,ZETAVIA,ZETAVIA LTD,UKRAINE
ETA,-,TIME MACHINE,ZETTA JET,"ZETTA JET USA, INC.",UNITED STATES OF AMERICA
SUZ,-,LEADER,ZEUSCH AVIATION,ZEUSCH AVIATION BV,NETHERLANDS
RZU,-,ZHERSU AVIA,ZHERSU AVIA,ZHERSU AVIA,KAZAKHSTAN
JTU,-,ZHETYSU,ZHETYSU,ZHETYSU,KAZAKHSTAN
KZH,-,ULUTAU,ZHEZ AIR,ZHEZKAZGAN-AIR (ZHEZ AIR),KAZAKHSTAN
JCN,-,LEAP JET,ZHOU JI AIRLINES (HAINAN) COMPANY,ZHOU JI AIRLINES(HAINAN)COMPANY LIMITED,CHINA
SYZ,-,ZIL AIR,ZIL AIR,ZIL AIR PTY LTD,SEYCHELLES
AZD,-,MAILMAN,ZIMEX AVIATION,ZIMEX AVIATION AUSTRIA,AUSTRIA
IMX,-,ZIMEX,ZIMEX AVIATION,ZIMEX AVIATION LTD,SWITZERLAND
TZP,-,ZIPPY,ZIPAIR,ZIPAIR TOKYO INC.,JAPAN
ZOM,-,ZOOM,ZOOM AIR,ZOOM AIR,INDIA
ORZ,-,ZOREX,ZOREX AIR,ZOREX AIR TRANSPORT,SPAIN
MLU,-,MALI LOSINJ,ZRACNO PRISTANISTE MALI LOSINJ,ZRACNO PRISTANISTE MALI LOSINJ D.O.O.,CROATIA
DSW,,SEA STAR,,DORNIER SEAWINGS,GERMANY
DWC,,SMOOTH,,EMPIRE AVIATION SAN MARINO SRL,SAN MARINO
EHC,,FLY HELI,,EUROPEAN HELICENTER,NETHERLANDS
FLD,,DEDICATION,,FLY SOLUTIONS LTD,MALTA
FPE,,GAMER,,FLY PLAY EUROPE LTD,MALTA
HEY,,ZONDA,,ZONDAJET.COM SP. Z O.O.,POLAND
RNO,,ARNIE,,AIRONE GMBH,AUSTRIA
VIO,,VIATOR,,AVIATOR.S5,SLOVENIA
VTO,,VITOSHA,,AIR VITOSHA MALTA,MALTA
XTX,,ZAFIRO,,AIR TXT S.L.,SPAIN
AXN,,ASTRA,,ASCEND AIRWAYS MALAYSIA,MALAYSIA
BPX,,BLUE PHOENIX,,"PHOENIX EAST AVIATION, LLC.",UNITED STATES
CTP,,WOODSIDE,,"CTP AVIATION, LLC",UNITED STATES
CUJ,,CLUB JET,,"CLUB JET CHARTER, LLC",UNITED STATES
DRC,,LEO PARC,,AIR CONGO S.A.,DEMOCRATIC REPUBLIC OF THE CONGO
FXC,,FLEX COPTER,,FLEXJET VERTICAL,UNITED STATES
GFF,,GREAT RIDE,,GREAT FLIGHT,UNITED STATES
GSN,,GEOSAN,,GEOSAN LLC,MONGOLIA
HTT,,HEART BEAT,,LATITUDE AIR AMBULANCE,CANADA
ISC,,AIR SERVICE,,"AIR SERVICE CANAIMA, C. A.",VENEZUELA
JDE,,AIRGO,,PT EXPRESS CARGO AIRLINES,INDONESIA
KSH,,KING KUSH,,KUSH AIR,UGANDA
LXW,,LANEXANG,,LANEXANG,LAO PEOPLE’S DEMOCRATIC REPUBLIC
MCJ,, ,,MICROJET INC.,JAPAN
MJJ,,SPEEDY,,MJETS LIMITED,THAILAND
MKT,,LASYITA,,PT. PERSADA PERKASA AIRNESIA,INDONESIA
MRS,, ,,ESCADRON ROYAL MAROC,MOROCCO
NLJ,,NEW DRAGON,,"NEW LOONG JET CO., LTD.",CHINA
PRI,,ROVATE,,AERO PRIVATE,MEXICO
PTA,,PARATA AIR,,PARATA AIR,REPUBLIC OF KOREA
RAI,,RAIMON,,RAIMON AIRWAYS,IRAN (ISLAMIC REPUBLIC OF)
RHE,,TAR HEEL,,UNC AIR OPERATIONS,UNITED STATES
SGA,,SKY GUARD,,"SKY GUARD, LLC",UZBEKISTAN
SGX,,SLATE GLOBAL,,TRI−STATE JET CHARTER (DBA: SLATE AVIATION),UNITED STATES
SSN,,SAHEL AVIATION,,SAHEL AVIATION SERVICE SARLU,NIGER
SWB,,SWIFT BIRD,,"CASS PROFESSIONAL SERVICES, CORP.",UNITED STATES
SYX,,SKYVAN,,"SOUTH AERO, INC.",UNITED STATES
THB,,BLUE WINGS,,BBN AIRLINES THAILAND,THAILAND
TNZ,,TEXEL CARGO,,TEXEL AIR LTD,NEW ZEALAND
VLW,,VALO AVIATION,,VALO AVIATION WLL,BAHRAIN
WSA,, ,,JOINT STOCK COMPANY SOLARIS AERO,RUSSIAN FEDERATION
WXX,,WHISPER FLIGHT,,SLING PILOT ACADEMY,UNITED STATES
CGI,,COASTGUARD IRELAND,,BRISTOW IRELAND LIMITED,IRELAND
